   id, ring,  anomer,  charmm36,  glycam06,hf/cbs(3-4),      pm3,       pm6,     pm6d3,   pm6d3h4,       pm7,       am1,      dftb,   dftb+d3,       pbe,   pbe+mbd,    pbe+ts,    pbe+d3,      blyp,   blyp+ts,   blyp+d3,      m06l,   m06l+d3,      m11l,      scan,      pbe0,  pbe0+mbd,   pbe0+ts,   pbe0+d3,     b3lyp,  b3lyp+ts,  b3lyp+d3,       m06,    m06+d3,     m062x,  m062x+d3,     m06hf,  m06hf+d3,     m08so,     m08hx,       m11,      xyg3, mp2/cbs(3-4), ccsdt/tz,  ccsdt/cbs(2-3),mp2/cbs(3-4)+ccsdt/tz, dlpno/cbs(2-3), dlpno/cbs(3-4)
    1,  4C1,   alpha,     -1.99,     -1.48,      0.26,     -0.42,     -0.73,     -1.49,     -2.34,     -0.91,      0.08,     -2.05,     -2.05,      0.00,      0.00,      0.09,      0.00,      0.01,     -0.56,     -0.01,      0.26,      0.26,      0.19,      0.19,     -0.00,      0.00,      0.09,      0.01,     -0.02,      0.02,     -0.04,      0.17,      0.21,      0.15,      0.15,      0.07,      0.09,      0.05,      0.11,      0.26,      0.13,      0.23,      0.27,      0.13,      0.36,      0.81,      0.23
    2,  4C1,   alpha,      0.00,      0.00,      0.00,      0.00,      0.00,      0.00,      0.00,      0.00,      0.00,      0.00,      0.00,      0.00,     -0.00,      0.00,     -0.00,      0.00,     -0.00,      0.00,      0.00,      0.00,      0.00,      0.00,      0.00,      0.00,      0.00,      0.00,      0.00,      0.00,      0.00,      0.00,      0.00,      0.00,      0.00,      0.00,      0.00,      0.00,      0.00,      0.00,      0.00,      0.00,      0.00,      0.00,      0.00,      0.00,      0.00
    3,  4C1,   alpha,     -1.16,     -0.61,     -0.24,     -0.32,     -0.12,      0.06,     -0.16,     -0.26,     -0.36,     -0.46,     -0.30,     -0.09,      0.02,      0.05,      0.01,     -0.20,     -0.03,      0.01,      0.35,      0.35,      0.10,      0.12,     -0.07,      0.03,      0.05,      0.03,     -0.14,      0.09,      0.03,      0.22,      0.23,      0.20,      0.20,      0.10,      0.10,      0.22,      0.20,      0.34,      0.04,      0.09,      0.22,      0.05,      0.19,      0.75,      0.10
    4,  4C1,   alpha,     -0.24,     -0.18,      0.69,      0.61,      3.10,      2.94,      3.22,      2.52,      2.26,      0.46,      0.39,      0.93,      0.80,      0.82,      0.83,      1.11,      0.37,      0.91,      0.50,      0.51,     -0.02,      0.67,      0.72,      0.62,      0.65,      0.65,      0.90,      0.70,      0.74,      0.52,      0.52,      0.57,      0.57,      0.49,      0.50,      0.38,      0.40,      0.52,      0.84,      0.74,      0.63,      0.73,      0.63,      0.51,      1.14
    5,  4C1,   alpha,     -0.50,     -0.01,      1.38,      0.58,      2.19,      1.28,      0.55,      1.47,      2.54,     -1.06,     -1.13,      1.00,      0.92,      1.06,      0.94,      1.17,     -0.25,      1.03,      1.02,      1.04,      0.59,      0.92,      0.88,      0.83,      0.96,      0.86,      1.01,      0.96,      0.90,      1.02,      1.08,      0.96,      0.97,      0.72,      0.76,      0.66,      0.79,      1.05,      1.11,      1.11,      1.17,      1.01,      1.27,      1.37,      1.28
    6,  4C1,   alpha,      0.52,     -0.96,      1.13,      2.32,      4.38,      3.51,      2.70,      2.93,      4.92,     -1.48,     -1.43,      1.45,      1.44,      1.60,      1.46,      1.49,      0.16,      1.49,      1.20,      1.21,      0.80,      1.29,      1.12,      1.12,      1.26,      1.15,      1.15,      1.33,      1.16,      1.13,      1.18,      1.11,      1.12,      0.77,      0.80,      0.79,      0.90,      1.05,      1.18,      1.13,      1.40,      1.12,      1.42,      1.68,      1.41
    7,  4C1,   alpha,      0.55,      1.95,      1.88,      0.90,      2.15,      2.17,      2.20,      1.89,      1.85,      1.80,      1.82,      1.45,      1.42,      1.52,      1.44,      1.55,      1.20,      1.50,      1.40,      1.41,      1.38,      1.54,      1.55,      1.53,      1.63,      1.55,      1.63,      1.62,      1.60,      1.54,      1.56,      1.57,      1.57,      1.68,      1.69,      1.48,      1.50,      1.51,      1.67,      1.60,      1.40,      1.57,      1.45,      1.70,      1.90
    8,  4C1,   alpha,      2.97,      3.87,      2.53,      0.34,      3.30,      3.15,      3.14,      2.94,      1.74,      2.08,      1.96,      2.06,      1.93,      1.93,      1.94,      2.33,      1.79,      2.07,      1.93,      1.93,      1.38,      2.03,      2.11,      1.99,      2.01,      2.01,      2.33,      2.01,      2.12,      2.05,      2.06,      2.05,      2.06,      2.15,      2.16,      1.93,      1.99,      2.24,      2.47,      2.44,      2.16,      2.31,      2.27,      2.05,      2.80
    9,  4C1,   alpha,      1.78,      2.71,      2.31,     -0.29,      3.06,      3.11,      2.81,      2.61,      1.35,      1.64,      1.64,      2.08,      2.07,      2.07,      2.07,      2.21,      1.97,      2.19,      2.41,      2.42,      1.59,      2.26,      2.13,      2.12,      2.14,      2.14,      2.27,      2.18,      2.26,      2.35,      2.39,      2.38,      2.38,      2.37,      2.39,      2.32,      2.33,      2.76,      2.62,      2.68,      2.51,      2.51,      2.62,      2.84,      2.87
   10,  4C1,   alpha,      1.16,      2.07,      1.91,      0.15,      1.56,      2.08,      1.79,      1.55,      1.49,      2.14,      2.40,      1.94,      2.17,      2.11,      2.14,      1.73,      2.23,      2.14,      2.67,      2.67,      2.33,      2.50,      2.06,      2.27,      2.22,      2.24,      1.92,      2.29,      2.25,      2.56,      2.60,      2.65,      2.64,      2.65,      2.66,      2.65,      2.65,      2.90,      2.39,      2.45,      2.71,      2.35,      2.69,      2.95,      2.48
   11,  4C1,   alpha,      3.00,      2.36,      1.90,      1.60,      4.95,      5.07,      4.78,      4.20,      3.07,      1.78,      1.82,      2.07,      2.08,      2.08,      2.09,      2.16,      1.65,      2.21,      2.17,      2.17,      1.29,      2.20,      1.96,      1.98,      1.99,      2.00,      2.08,      2.18,      2.13,      2.19,      2.21,      2.23,      2.23,      2.25,      2.27,      2.07,      2.04,      2.39,      2.29,      2.30,      2.45,      2.23,      2.55,      2.67,      2.54
   12,  4C1,   alpha,      2.20,      1.32,      1.59,      1.92,      3.63,      4.18,      3.83,      3.04,      3.07,      1.73,      2.03,      2.02,      2.26,      2.25,      2.25,      1.77,      2.02,      2.24,      2.44,      2.44,      2.20,      2.46,      2.00,      2.22,      2.20,      2.21,      1.84,      2.36,      2.22,      2.38,      2.43,      2.54,      2.53,      2.59,      2.60,      2.49,      2.47,      2.67,      2.23,      2.22,      2.63,      2.21,      2.59,      2.85,      2.41
   13,  4C1,   alpha,      3.66,      5.15,      3.17,      1.21,      3.72,      3.48,      3.40,      3.33,      2.61,      2.14,      2.03,      2.42,      2.28,      2.32,      2.29,      2.73,      2.05,      2.46,      2.30,      2.31,      1.67,      2.41,      2.53,      2.41,      2.46,      2.44,      2.80,      2.46,      2.58,      2.49,      2.51,      2.54,      2.55,      2.65,      2.68,      2.40,      2.49,      2.74,      2.92,      2.84,      2.58,      2.72,      2.72,      2.80,      3.28
   14,  4C1,   alpha,      3.07,      2.41,      2.08,      2.94,      4.89,      5.38,      5.20,      4.26,      4.25,      2.38,      2.58,      2.41,      2.56,      2.58,      2.55,      2.22,      2.33,      2.51,      2.36,      2.35,      2.57,      2.64,      2.40,      2.53,      2.53,      2.52,      2.25,      2.60,      2.48,      2.37,      2.39,      2.63,      2.62,      2.74,      2.74,      2.57,      2.60,      2.55,      2.43,      2.30,      2.67,      2.35,      2.67,      2.89,      2.46
   15,  OS2,   alpha,     12.89,     13.30,     10.41,      2.36,      1.15,     -1.12,     -2.86,      0.33,      6.20,      2.14,      1.38,      3.86,      3.11,      3.26,      3.17,      5.45,      1.62,      4.04,      4.06,      4.07,      2.98,      4.31,      4.94,      4.27,      4.46,      4.35,      6.10,      5.26,      4.96,      5.94,      5.87,      5.52,      5.54,      5.39,      5.37,      3.98,      4.77,      4.64,      5.68,      5.12,      4.81,      5.05,      4.94,      5.94,      5.65
   16,  OS2,   alpha,     11.43,     12.11,     10.35,      2.35,      0.20,     -2.27,     -4.11,     -0.15,      5.96,      1.87,      1.01,      4.05,      3.19,      3.31,      3.26,      5.64,      1.66,      4.02,      3.59,      3.63,      3.12,      4.13,      5.04,      4.27,      4.43,      4.36,      6.18,      5.10,      4.87,      5.53,      5.42,      5.05,      5.09,      4.86,      4.85,      3.50,      4.33,      3.89,      5.52,      4.89,      4.51,      4.83,      4.60,      5.52,      5.31
   17,  OS2,   alpha,     10.58,     11.90,     10.02,      5.30,      1.91,     -0.98,     -2.84,      0.68,      7.75,     -0.21,     -1.06,      4.20,      3.34,      3.78,      3.44,      5.84,      0.72,      4.25,      3.45,      3.48,      2.80,      4.10,      4.89,      4.13,      4.57,      4.25,      6.10,      5.27,      4.82,      5.53,      5.50,      4.64,      4.67,      4.27,      4.28,      2.79,      3.61,      3.21,      5.15,      4.42,      4.27,      4.41,      4.34,      5.25,      4.91
   18,  1C4,   alpha,      5.29,     -2.99,      8.36,      1.01,      2.25,     -0.71,     -1.86,      1.34,      7.92,      0.83,      0.00,      4.80,      3.98,      3.84,      4.05,      5.40,      3.58,      3.87,      4.56,      4.57,      5.33,      4.90,      5.13,      4.39,      4.36,      4.45,      5.40,      3.76,      4.16,      5.22,      5.10,      5.00,      5.02,      4.76,      4.72,      4.48,      5.09,      4.70,      5.45,      5.22,      5.31,      5.21,      5.42,      5.36,      5.33
   19,  3S1,   alpha,     12.09,     10.76,     12.93,      2.01,     -0.95,     -5.00,     -4.67,     -2.40,      8.11,      1.55,      0.39,      5.12,      3.97,      3.90,      4.07,      6.81,      2.71,      4.63,      5.10,      5.15,      5.62,      5.16,      6.25,      5.21,      5.23,      5.33,      7.33,      5.88,      5.57,      6.82,      6.74,      6.20,      6.26,      6.01,      6.03,      4.89,      5.80,      5.17,      7.05,      6.39,      6.31,      6.28,      6.42,      6.83,      6.53
   20,  OS2,   alpha,     13.46,     13.95,     11.18,      1.97,      1.35,     -0.93,     -2.77,      0.39,      6.34,      2.17,      1.34,      4.60,      3.82,      3.94,      3.88,      6.21,      2.54,      4.74,      4.84,      4.85,      3.89,      5.11,      5.65,      4.95,      5.11,      5.05,      6.83,      5.92,      5.65,      6.59,      6.52,      6.16,      6.17,      5.84,      5.82,      4.59,      5.42,      5.21,      6.47,      5.91,      5.63,      5.82,      5.70,      6.50,      6.27
   21,  1C4,   alpha,      7.55,     -0.91,      8.35,      1.23,      2.79,      0.11,     -1.17,      2.36,      6.65,      1.06,      0.21,      5.10,      4.20,      4.00,      4.28,      5.81,      3.74,      4.13,      4.33,      4.35,      5.02,      4.96,      5.37,      4.55,      4.47,      4.62,      5.75,      3.90,      4.38,      5.11,      4.99,      5.01,      5.04,      5.27,      5.24,      4.42,      4.97,      4.85,      5.70,      5.58,      5.20,      5.42,      5.47,      5.50,      5.30
   22,  1C4,   alpha,      7.41,     -0.44,      8.97,      1.43,      2.99,      0.19,     -0.86,      2.55,      7.59,      1.43,      0.58,      5.22,      4.32,      4.12,      4.38,      5.94,      3.82,      4.24,      4.61,      4.63,      5.39,      5.15,      5.60,      4.78,      4.71,      4.84,      5.98,      4.17,      4.59,      5.47,      5.34,      5.36,      5.38,      5.57,      5.54,      4.79,      5.33,      5.13,      5.94,      5.75,      5.43,      5.62,      5.74,      5.84,      5.93
   23,  5S1,   alpha,      9.14,      6.95,     11.18,      1.05,     -2.67,     -5.71,     -6.37,     -1.61,      4.84,      2.74,      1.71,      5.72,      4.63,      4.50,      4.75,      6.32,      3.81,      4.34,      6.09,      6.12,      7.64,      6.25,      6.78,      5.80,      5.83,      5.91,      6.96,      4.88,      5.36,      6.90,      6.77,      6.58,      6.62,      6.70,      6.67,      5.98,      6.75,      6.27,      7.21,      7.06,      6.54,      6.86,      6.66,      6.63,      7.12
   24,  1C4,   alpha,      6.08,     -1.41,      9.81,      0.22,      1.86,     -1.19,     -2.05,      1.55,      8.03,      1.87,      0.95,      5.62,      4.70,      4.42,      4.78,      6.28,      4.43,      4.58,      5.59,      5.62,      6.45,      5.76,      6.16,      5.32,      5.18,      5.40,      6.45,      4.60,      5.07,      6.28,      6.15,      6.12,      6.15,      6.00,      5.97,      5.63,      6.27,      5.91,      6.70,      6.54,      6.36,      6.37,      6.51,      6.62,      6.54
   25,  OS2,   alpha,     14.78,     13.70,     12.01,      5.08,      3.80,      1.61,     -0.44,      2.51,     10.09,      3.21,      2.51,      5.89,      5.19,      5.27,      5.24,      7.34,      3.51,      5.99,      5.51,      5.54,      5.19,      6.28,      6.84,      6.21,      6.33,      6.28,      7.87,      7.15,      6.78,      7.45,      7.37,      7.20,      7.23,      7.00,      7.00,      5.58,      6.46,      5.96,      7.40,      6.68,      6.67,      6.70,      6.74,      7.43,      7.11
   26,  OS2,   alpha,     13.57,     14.84,     12.33,      2.39,      0.63,     -1.67,     -3.14,      0.63,      8.21,      2.28,      1.52,      5.92,      5.19,      5.19,      5.21,      7.37,      3.90,      5.89,      5.93,      5.95,      5.18,      6.29,      7.01,      6.35,      6.42,      6.40,      8.03,      7.01,      6.84,      7.78,      7.72,      7.40,      7.43,      7.06,      7.07,      5.82,      6.65,      6.41,      7.65,      7.12,      6.77,      6.91,      6.94,      7.55,      7.71
   27,  1C4,   alpha,     11.90,      4.70,     10.95,      1.68,      4.62,      1.88,      1.06,      4.37,      9.01,      4.57,      3.60,      6.18,      5.21,      5.04,      5.28,      7.13,      4.99,      5.31,      5.67,      5.69,      6.26,      6.37,      6.91,      6.04,      6.00,      6.11,      7.45,      5.46,      5.97,      6.76,      6.64,      6.99,      7.03,      7.78,      7.76,      6.42,      6.94,      6.98,      7.51,      7.34,      6.84,      7.09,      7.23,      7.25,      6.89
   28,  B14,   alpha,     10.18,      8.08,     12.39,     -1.31,     -3.58,     -6.82,     -7.72,     -2.37,      4.77,      4.40,      3.39,      6.87,      5.84,      5.29,      5.91,      7.35,      6.36,      5.41,      7.78,      7.82,      8.95,      7.73,      7.99,      7.05,      6.67,      7.11,      8.09,      5.92,      6.50,      8.56,      8.40,      8.04,      8.10,      7.93,      7.91,      7.53,      8.33,      7.99,      8.56,      8.49,      8.09,      8.08,      8.04,      8.14,      8.33
   29,  1C4,   alpha,      8.64,      3.58,      9.29,      1.95,      3.47,      2.16,      1.40,      3.74,      5.02,      3.23,      2.47,      6.31,      5.56,      5.48,      5.60,      7.12,      5.04,      5.68,      5.13,      5.14,      5.40,      6.23,      6.74,      6.05,      6.08,      6.11,      7.31,      5.76,      6.14,      6.22,      6.13,      6.38,      6.39,      7.21,      7.19,      5.79,      6.08,      6.22,      7.05,      6.84,      6.44,      6.62,      6.65,      6.65,      6.63
   30,  5S1,   alpha,     13.00,     10.31,     12.43,      1.71,     -0.46,     -3.42,     -4.10,      0.19,      7.49,      5.00,      4.04,      6.78,      5.76,      5.52,      5.86,      7.34,      5.36,      5.46,      7.26,      7.28,      8.59,      7.49,      7.93,      7.01,      6.94,      7.09,      8.06,      6.05,      6.53,      8.24,      8.10,      7.98,      8.02,      8.36,      8.30,      7.44,      8.20,      7.78,      8.40,      8.27,      7.91,      8.04,      8.06,      8.28,      8.14
   31,  1C4,   alpha,      9.10,      3.89,      9.41,      2.40,      3.56,      2.26,      1.47,      3.77,      4.63,      3.78,      3.02,      6.44,      5.67,      5.67,      5.73,      7.25,      5.12,      5.79,      5.20,      5.21,      5.47,      6.32,      6.92,      6.21,      6.30,      6.29,      7.49,      5.85,      6.31,      6.42,      6.35,      6.49,      6.50,      7.46,      7.44,      5.97,      6.23,      6.44,      7.16,      6.85,      6.49,      6.63,      6.74,      7.11,      6.71
   32,  1C4,   alpha,      7.07,      0.20,      8.33,      2.66,      3.31,      2.06,      0.99,      3.10,      4.41,      1.08,      0.44,      6.62,      5.95,      5.84,      5.99,      7.12,      5.21,      5.85,      5.32,      5.33,      5.78,      6.38,      6.70,      6.08,      6.07,      6.13,      7.06,      5.69,      6.02,      6.18,      6.07,      6.06,      6.07,      6.44,      6.41,      5.46,      5.81,      5.77,      6.76,      6.57,      6.44,      6.39,      6.51,      6.69,      6.35
   33,  OS2,   alpha,     12.35,     13.00,     11.49,      2.33,      0.82,     -1.65,     -3.54,      0.29,      6.29,      2.05,      1.13,      5.22,      4.33,      4.41,      4.40,      6.81,      2.98,      5.14,      4.79,      4.82,      4.41,      5.39,      6.19,      5.39,      5.52,      5.49,      7.34,      6.19,      5.99,      6.65,      6.54,      6.14,      6.18,      5.83,      5.82,      4.53,      5.41,      4.91,      6.75,      6.13,      5.78,      6.03,      5.83,      6.32,      6.57
   34,  OS2,   alpha,     15.83,     15.10,     12.88,      4.47,      3.59,      1.49,     -0.09,      2.91,     11.50,      2.86,      2.21,      6.90,      6.29,      6.28,      6.31,      8.17,      4.92,      6.94,      6.89,      6.91,      6.15,      7.44,      7.87,      7.32,      7.37,      7.37,      8.77,      8.10,      7.78,      8.63,      8.59,      8.49,      8.52,      8.08,      8.08,      6.90,      7.74,      7.42,      8.47,      7.85,      7.88,      7.73,      7.95,      8.70,      8.19
   35,  3S1,   alpha,     13.38,     10.12,     12.21,      1.04,     -0.29,     -3.70,     -4.06,     -0.34,      7.26,      1.64,      0.69,      6.52,      5.57,      5.24,      5.64,      7.56,      4.66,      5.77,      6.59,      6.64,      6.91,      6.75,      7.33,      6.46,      6.22,      6.53,      7.92,      6.72,      6.47,      7.77,      7.63,      7.27,      7.32,      6.94,      6.95,      6.12,      7.04,      6.61,      8.04,      7.68,      7.50,      7.41,      7.50,      7.55,      7.59
   36,  5S1,   alpha,     11.31,      7.60,     13.29,      2.33,     -0.04,     -3.23,     -3.86,      0.22,      6.78,      4.31,      3.21,      7.52,      6.37,      6.31,      6.52,      8.35,      5.43,      6.28,      7.82,      7.85,      8.98,      8.02,      8.60,      7.56,      7.66,      7.70,      8.97,      6.80,      7.29,      8.64,      8.52,      8.48,      8.52,      8.77,      8.73,      7.79,      8.59,      8.31,      9.28,      9.02,      8.49,      8.78,      8.63,      8.36,      9.09
   37,  1C4,   alpha,      9.62,      4.36,     10.69,      2.77,      3.48,      1.43,      1.26,      3.86,      6.88,      2.97,      2.03,      7.43,      6.48,      6.60,      6.56,      8.32,      5.42,      6.52,      5.48,      5.50,      6.48,      7.09,      7.78,      6.93,      7.11,      7.00,      8.36,      6.62,      6.90,      7.19,      7.08,      6.84,      6.87,      7.82,      7.80,      6.00,      6.36,      6.20,      7.76,      7.50,      7.00,      7.21,      7.23,      7.43,      7.35
   38,  5S1,   alpha,      9.41,      9.50,     12.33,      1.72,     -2.66,     -5.46,     -5.67,     -1.46,      4.52,      2.67,      1.64,      7.83,      6.75,      6.75,      6.88,      8.38,      5.69,      6.41,      7.40,      7.44,      8.95,      8.30,      8.71,      7.74,      7.89,      7.85,      8.92,      6.83,      7.31,      8.68,      8.55,      8.07,      8.11,      8.47,      8.44,      7.30,      7.93,      7.47,      8.84,      8.66,      8.27,      8.34,      8.27,      9.14,      8.51
   39,  1C4,   alpha,      9.83,      2.67,     10.24,      5.66,      4.26,      2.11,      1.40,      3.72,      7.20,      0.53,     -0.37,      7.89,      6.96,      7.16,      7.06,      8.71,      4.77,      7.00,      5.47,      5.50,      6.56,      7.16,      7.84,      7.01,      7.25,      7.11,      8.41,      6.99,      7.02,      7.22,      7.14,      6.47,      6.50,      6.97,      6.95,      5.46,      5.91,      5.60,      7.59,      7.21,      7.14,      7.10,      7.29,      7.12,      7.54
   40,  5S1,   alpha,      8.91,      8.58,     10.99,      0.58,     -1.60,     -2.99,     -3.37,     -0.30,      3.04,      3.67,      3.02,      7.35,      6.64,      6.37,      6.70,      7.59,      6.44,      6.29,      7.71,      7.72,      8.66,      8.23,      8.22,      7.57,      7.45,      7.62,      8.27,      6.79,      7.20,      8.42,      8.29,      8.25,      8.27,      8.48,      8.44,      7.67,      8.21,      7.97,      8.67,      8.61,      8.33,      8.31,      8.28,      8.91,      8.53
   41,  5S1,   alpha,     11.12,      8.22,     12.20,      1.92,     -0.31,     -2.88,     -4.04,      0.86,      6.56,      5.05,      4.27,      7.76,      6.94,      6.56,      7.00,      8.00,      6.97,      6.45,      8.30,      8.32,      9.61,      8.66,      8.69,      7.94,      7.72,      7.98,      8.60,      6.93,      7.33,      9.01,      8.86,      8.64,      8.68,      8.70,      8.63,      8.08,      8.84,      8.36,      9.01,      8.98,      8.87,      8.72,      8.87,      8.88,      8.93
   42,  5S1,   alpha,     13.02,      9.29,     13.18,      3.73,      1.74,     -0.84,     -1.57,      2.59,      8.47,      5.51,      4.59,      7.98,      6.99,      6.84,      7.12,      8.53,      6.15,      6.76,      8.23,      8.24,      9.66,      8.65,      9.01,      8.12,      8.12,      8.22,      9.18,      7.32,      7.73,      9.17,      9.05,      9.03,      9.06,      9.31,      9.27,      8.35,      9.09,      8.78,      9.48,      9.21,      8.99,      9.05,      9.15,      8.61,      9.31
   43,  5S1,   alpha,     13.84,     10.61,     13.77,      3.83,      3.50,      0.50,     -0.19,      3.41,     11.13,      6.48,      5.47,      8.04,      6.98,      6.71,      7.09,      8.75,      6.14,      6.78,      8.13,      8.16,      9.10,      8.52,      9.12,      8.16,      8.07,      8.25,      9.37,      7.38,      7.77,      9.31,      9.19,      9.07,      9.10,      9.59,      9.56,      8.38,      9.09,      8.90,      9.70,      9.39,      9.17,      9.17,      9.37,      9.51,      9.34
   44,  3S1,   alpha,     17.13,     14.52,     14.14,      2.83,      1.15,     -1.96,     -1.88,      0.65,      8.87,      4.10,      3.14,      7.98,      7.02,      6.93,      7.12,      9.13,      6.52,      7.35,      7.71,      7.74,      8.24,      8.10,      9.02,      8.15,      8.13,      8.24,      9.70,      8.40,      8.26,      9.22,      9.11,      8.86,      8.89,      9.16,      9.15,      7.84,      8.52,      8.12,      9.55,      9.02,      8.80,      8.81,      8.89,      8.72,      9.02
   45,  5S1,   alpha,      9.64,      8.39,     13.21,      1.86,     -1.30,     -4.24,     -4.38,     -1.05,      6.14,      2.74,      1.57,      8.17,      6.97,      7.04,      7.11,      9.06,      5.73,      6.88,      7.60,      7.64,      8.80,      8.46,      8.99,      7.92,      8.14,      8.06,      9.49,      7.23,      7.72,      8.94,      8.83,      8.37,      8.41,      8.68,      8.67,      7.46,      8.13,      7.78,      9.33,      8.98,      8.50,      8.69,      8.57,      8.85,      9.26
   46,  1C4,   alpha,      9.21,      4.57,      9.75,      2.40,      3.36,      2.27,      1.36,      3.86,      4.40,      3.97,      3.27,      7.85,      7.13,      6.95,      7.17,      8.41,      7.04,      7.03,      6.58,      6.58,      7.06,      7.70,      8.09,      7.43,      7.36,      7.47,      8.50,      6.89,      7.38,      7.62,      7.53,      7.43,      7.45,      8.17,      8.14,      7.01,      7.26,      7.35,      8.19,      8.05,      7.68,      7.80,      7.89,      7.60,      7.94
   47,  1C4,   alpha,     12.02,      6.05,     12.15,      2.88,      3.80,      1.25,      0.50,      4.42,      8.24,      5.63,      4.73,      8.30,      7.41,      7.15,      7.46,      8.89,      7.59,      7.19,      7.85,      7.87,      8.76,      8.47,      8.95,      8.14,      8.03,      8.19,      9.22,      7.24,      7.83,      8.92,      8.79,      8.74,      8.76,      9.37,      9.33,      8.38,      8.88,      8.78,      9.31,      9.21,      8.79,      8.90,      9.21,      9.15,      9.11
   48,  1S3,   alpha,     10.00,     12.72,     10.08,      3.12,      7.18,      7.56,      7.01,      7.42,      5.69,      6.20,      6.09,      7.00,      6.94,      6.78,      6.92,      7.61,      6.47,      7.46,      7.90,      7.90,      6.26,      8.18,      7.70,      7.64,      7.52,      7.64,      8.21,      8.46,      8.10,      8.58,      8.55,      8.78,      8.77,      9.09,      9.09,      7.89,      8.18,      8.87,      8.84,      8.71,      8.48,      8.42,      8.44,      8.77,      9.09
   49,  1S5,   alpha,      9.45,      9.38,      8.05,      4.93,      5.92,      5.93,      6.00,      6.00,      5.36,      3.62,      3.60,      7.32,      7.19,      7.08,      7.24,      7.40,      6.58,      7.22,      7.12,      7.11,      6.34,      7.58,      7.43,      7.32,      7.27,      7.36,      7.52,      7.42,      7.37,      7.54,      7.52,      7.41,      7.41,      7.42,      7.41,      6.79,      6.96,      7.21,      7.76,      7.60,      7.31,      7.50,      7.37,      7.14,      7.91
   50,  1S3,   alpha,      9.74,      9.80,      8.32,      5.60,      8.96,      8.92,      7.90,      9.26,      7.85,      3.25,      3.27,      7.31,      7.32,      7.28,      7.33,      7.60,      6.16,      7.62,      7.31,      7.29,      6.25,      7.98,      7.34,      7.35,      7.35,      7.36,      7.60,      8.00,      7.61,      7.78,      7.81,      7.69,      7.67,      7.65,      7.65,      6.81,      7.07,      7.42,      7.95,      7.87,      7.99,      7.70,      7.90,      8.09,      8.48
   51,  1S3,   alpha,      8.62,     10.19,      8.75,      2.68,      7.39,      8.06,      7.74,      7.54,      4.47,      6.20,      6.30,      7.07,      7.13,      6.93,      7.11,      7.30,      7.18,      7.40,      7.90,      7.88,      6.26,      8.12,      7.53,      7.58,      7.42,      7.57,      7.75,      8.07,      7.83,      8.38,      8.37,      8.41,      8.39,      8.70,      8.68,      7.89,      8.03,      8.73,      8.51,      8.50,      8.42,      8.20,      8.33,      8.21,      8.86
   52,  3S1,   alpha,     15.92,     12.41,     14.82,      5.24,      3.49,      0.30,     -0.09,      1.53,      9.76,      2.74,      1.78,      8.79,      7.81,      7.80,      7.91,     10.20,      6.44,      8.39,      7.89,      7.92,      8.14,      8.84,      9.65,      8.77,      8.83,      8.87,     10.57,      9.44,      9.11,      9.64,      9.56,      9.32,      9.36,      9.89,      9.89,      7.87,      8.69,      8.37,     10.37,      9.82,      9.61,      9.60,      9.76,     10.00,      9.89
   53,  1S3,   alpha,     11.00,     13.24,     10.09,      5.30,      8.41,      8.17,      7.39,      8.77,      7.45,      5.33,      5.21,      7.34,      7.25,      7.25,      7.25,      7.93,      5.84,      7.73,      7.57,      7.57,      6.29,      8.21,      7.82,      7.74,      7.77,      7.75,      8.28,      8.56,      8.12,      8.36,      8.37,      8.52,      8.51,      8.89,      8.90,      7.47,      7.78,      8.34,      8.65,      8.54,      8.39,      8.25,      8.34,      8.32,      9.13
   54,  1S3,   alpha,      9.26,     10.93,      9.26,      3.99,      7.64,      7.61,      6.64,      8.49,      6.83,      4.70,      4.73,      7.59,      7.59,      7.42,      7.57,      7.85,      6.88,      7.81,      7.98,      7.97,      6.94,      8.47,      7.90,      7.91,      7.80,      7.90,      8.12,      8.32,      8.09,      8.54,      8.57,      8.47,      8.46,      8.57,      8.59,      7.66,      7.96,      8.42,      8.68,      8.70,      8.60,      8.41,      8.60,      8.64,      9.13
   55,  1S3,   alpha,     11.42,     13.42,     10.21,      2.03,      7.91,      8.51,      7.62,      8.40,      6.03,      6.48,      6.48,      7.42,      7.43,      7.14,      7.39,      7.95,      7.36,      7.90,      8.46,      8.45,      6.86,      8.78,      8.07,      8.07,      7.84,      8.05,      8.52,      8.76,      8.48,      9.06,      9.05,      9.26,      9.25,      9.59,      9.58,      8.48,      8.77,      9.48,      9.38,      9.40,      9.18,      9.11,      9.22,      9.40,      9.82
   56,  3S1,   alpha,     14.15,     16.89,     14.85,      4.70,      0.32,     -2.60,     -1.86,     -0.19,      6.22,      3.04,      2.03,      9.02,      7.96,      8.32,      8.08,     10.57,      6.02,      8.59,      7.85,      7.89,      7.93,      8.79,      9.84,      8.91,      9.32,      9.04,     10.98,      9.56,      9.39,     10.32,     10.34,      9.06,      9.10,      9.17,      9.22,      7.48,      8.30,      7.95,     10.22,      9.63,      9.09,      9.35,      9.23,      9.27,      9.94
   57,  OS2,   alpha,     11.54,      8.69,      6.78,      4.09,      1.50,      0.80,     -0.07,      1.12,      4.17,      1.15,      0.69,      5.42,      4.98,      4.77,      5.01,      5.93,      4.29,      5.11,      3.96,      3.97,      3.93,      5.12,      5.45,      5.04,      4.89,      5.07,      5.84,      5.50,      5.17,      5.26,      5.12,      4.61,      4.63,      4.71,      4.66,      3.62,      4.14,      3.83,      5.33,      5.12,      4.90,      5.00,      5.02,      5.00,      5.10
   58,  3S1,   alpha,     13.69,     14.95,     14.41,      4.04,     -0.55,     -3.59,     -3.71,      0.30,      4.31,      4.98,      4.04,      9.51,      8.51,      8.33,      8.61,     10.46,      7.56,      8.61,      8.74,      8.78,      9.38,      9.56,     10.36,      9.45,      9.39,      9.56,     10.93,      9.20,      9.43,     10.52,     10.47,      9.42,      9.46,      9.94,      9.96,      8.40,      9.21,      8.89,     10.73,     10.49,      9.98,     10.07,     10.01,     10.46,     10.14
   59,  1S5,   alpha,      9.47,      8.38,      9.27,      4.47,      4.87,      4.33,      3.40,      5.16,      6.33,      2.38,      2.47,      8.09,      8.12,      7.94,      8.12,      7.97,      7.09,      8.04,      8.70,      8.70,      8.04,      8.86,      8.34,      8.38,      8.26,      8.38,      8.22,      8.40,      8.28,      8.91,      8.96,      8.93,      8.93,      8.68,      8.70,      8.31,      8.65,      9.03,      8.93,      8.99,      9.01,      8.76,      9.11,      9.13,      9.16
   60,  BO3,   alpha,     12.61,      7.35,     10.72,      3.42,      4.29,      4.52,      3.44,      6.18,      5.39,      4.22,      3.97,      8.44,      8.17,      7.70,      8.19,      8.63,      7.58,      8.14,      8.59,      8.60,      8.21,      9.23,      8.86,      8.61,      8.22,      8.62,      8.92,      8.69,      8.51,      9.32,      9.23,      8.86,      8.88,      8.82,      8.81,      7.91,      8.43,      8.42,      9.39,      9.25,      9.34,      9.09,      9.16,      9.33,      9.62
   61,  14B,   alpha,      9.69,     12.52,     11.17,      2.97,      6.52,      6.61,      6.63,      7.76,      5.72,      7.79,      7.54,      8.18,      7.92,      7.72,      7.96,      8.65,      7.44,      8.20,      8.68,      8.69,      7.62,      9.06,      8.94,      8.70,      8.57,      8.75,      9.29,      9.02,      8.93,      9.58,      9.55,      9.59,      9.59,     10.14,     10.14,      8.83,      9.05,      9.61,      9.82,      9.67,      9.22,      9.29,      9.16,      9.03,      9.95
   62,  3S1,   alpha,     17.11,     12.81,     13.19,      3.90,      2.76,      1.00,      0.99,      3.80,      7.62,      4.01,      3.34,      9.24,      8.51,      7.94,      8.57,      9.98,      8.24,      8.64,      8.30,      8.33,      8.90,      9.30,      9.86,      9.19,      8.74,      9.24,     10.29,      9.33,      9.19,      9.81,      9.69,      9.26,      9.29,      9.87,      9.86,      8.25,      8.83,      8.44,     10.20,      9.97,      9.61,      9.65,      9.50,     10.04,      9.59
   63,  1S5,   alpha,     10.64,      8.42,      8.69,      5.51,      6.37,      6.07,      5.18,      6.75,      6.17,      2.61,      2.70,      8.29,      8.36,      8.20,      8.36,      8.11,      7.62,      8.26,      8.59,      8.58,      7.60,      8.99,      8.37,      8.43,      8.32,      8.43,      8.23,      8.53,      8.35,      8.78,      8.79,      8.80,      8.79,      8.82,      8.82,      8.19,      8.42,      8.88,      8.94,      9.07,      9.04,      8.83,      9.14,      9.32,      9.35
   64,  2SO,   alpha,     13.02,     10.99,     10.76,      2.78,      6.42,      6.63,      5.70,      7.07,      4.81,      4.43,      4.22,      8.54,      8.30,      7.96,      8.32,      8.97,      7.70,      8.54,      8.83,      8.82,      8.11,      9.44,      8.94,      8.72,      8.45,      8.74,      9.27,      9.13,      8.93,      9.35,      9.29,      9.32,      9.31,      9.34,      9.31,      8.46,      8.86,      9.12,      9.87,      9.82,      9.94,      9.59,      9.81,      9.89,     10.33
   65,  1S5,   alpha,     12.38,     10.94,      9.13,      5.44,      5.77,      6.05,      6.14,      6.54,      6.31,      5.19,      5.21,      8.52,      8.50,      8.19,      8.51,      8.33,      8.17,      8.33,      8.54,      8.53,      7.96,      9.06,      8.73,      8.71,      8.49,      8.71,      8.58,      8.61,      8.58,      9.03,      9.01,      9.01,      9.01,      9.12,      9.10,      8.41,      8.72,      8.95,      9.11,      9.14,      8.91,      8.93,      8.96,      9.12,      8.93
   66,  BO3,   alpha,     11.78,      6.80,      9.88,      5.02,      5.42,      5.89,      4.92,      7.19,      6.52,      3.62,      3.53,      8.91,      8.75,      8.35,      8.77,      8.87,      8.05,      8.61,      8.74,      8.75,      8.83,      9.50,      9.03,      8.88,      8.54,      8.88,      8.93,      9.05,      8.71,      9.44,      9.35,      8.75,      8.76,      8.57,      8.55,      7.91,      8.36,      8.21,      9.32,      9.26,      9.50,      9.14,      9.27,      9.31,      9.50
   67,  1S5,   alpha,     12.14,      9.46,      8.74,      5.75,      6.99,      7.39,      7.26,      7.35,      6.19,      4.54,      4.59,      8.49,      8.51,      8.26,      8.52,      8.33,      8.25,      8.40,      8.38,      8.36,      7.62,      8.96,      8.60,      8.60,      8.41,      8.60,      8.48,      8.64,      8.53,      8.78,      8.75,      8.78,      8.77,      8.87,      8.84,      8.25,      8.45,      8.73,      9.00,      9.00,      8.90,      8.84,      8.96,      9.03,      9.31
   68,  OS2,   alpha,     17.41,     12.19,      9.52,      6.14,      5.21,      5.63,      5.36,      6.16,      8.00,      5.17,      5.21,      8.84,      8.82,      8.35,      8.82,      8.66,      8.81,      8.64,      8.30,      8.28,      8.04,      9.39,      9.10,      9.07,      8.66,      9.04,      8.95,      9.21,      8.92,      9.21,      9.14,      9.23,      9.22,      9.60,      9.56,      8.53,      8.93,      8.98,      9.27,      9.36,      9.22,      9.08,      9.29,      9.36,      9.15
   69,  OS2,   alpha,     15.71,     11.23,      9.34,      7.40,      6.15,      5.90,      4.90,      6.27,      9.43,      2.79,      2.91,      9.04,      9.05,      8.79,      9.07,      8.78,      7.99,      8.85,      8.41,      8.41,      8.15,      9.52,      9.08,      9.08,      8.85,      9.08,      8.85,      9.35,      8.89,      9.17,      9.16,      9.14,      9.14,      9.25,      9.25,      8.30,      8.74,      8.83,      9.04,      9.08,      9.31,      8.85,      9.36,      9.53,      8.94
   70,  OS2,   alpha,     16.35,     13.18,     10.34,      5.80,      4.41,      4.19,      3.13,      5.47,      7.75,      4.47,      4.52,      8.92,      8.92,      8.53,      8.92,      8.68,      8.11,      8.68,      8.96,      8.96,      8.67,      9.78,      9.38,      9.38,      9.04,      9.36,      9.13,      9.42,      9.13,      9.85,      9.86,      9.86,      9.86,     10.18,     10.19,      9.12,      9.60,      9.94,      9.62,      9.79,      9.69,      9.39,      9.87,      9.50,      9.34
   71,  14B,   alpha,     12.58,     16.83,     12.74,      2.52,      6.40,      6.30,      6.21,      7.65,      4.88,      8.95,      8.60,      8.84,      8.50,      8.44,      8.54,      9.52,      8.05,      8.91,      9.46,      9.48,      8.35,      9.79,      9.85,      9.55,      9.54,      9.60,     10.35,      9.90,      9.86,     10.51,     10.49,     10.48,     10.50,     11.22,     11.24,      9.74,     10.01,     10.66,     10.91,     10.77,     10.03,     10.29,     10.05,     10.43,     11.14
   72,  BO3,   alpha,     12.87,      9.54,     12.00,      2.06,      3.99,      4.19,      3.29,      6.26,      5.16,      5.86,      5.53,      9.09,      8.72,      8.10,      8.75,      9.38,      8.47,      8.71,      9.41,      9.43,      8.88,     10.01,      9.74,      9.39,      8.89,      9.41,      9.86,      9.30,      9.30,     10.26,     10.17,      9.83,      9.85,     10.03,     10.03,      8.93,      9.46,      9.63,     10.51,     10.49,     10.24,     10.16,     10.14,     10.28,     10.69
   73,  1S5,   alpha,     11.83,     11.75,      9.62,      8.43,      9.68,      9.95,      9.70,      9.06,      8.14,      4.73,      4.77,      9.03,      9.04,      8.98,      9.07,      9.00,      7.78,      9.08,      8.66,      8.65,      7.97,      9.39,      9.09,      9.11,      9.07,      9.13,      9.09,      9.60,      9.15,      9.39,      9.39,      9.10,      9.09,      9.26,      9.25,      8.41,      8.60,      8.78,      9.36,      9.14,      9.22,      9.10,      9.18,      8.74,      9.40
   74,  2SO,   alpha,     12.53,     13.10,     11.55,      1.74,      7.54,      8.28,      7.50,      8.33,      5.59,      5.95,      5.79,      9.94,      9.76,      9.45,      9.77,     10.36,      9.27,     10.02,     10.10,     10.09,      9.06,     10.83,     10.17,     10.00,      9.76,     10.01,     10.55,     10.42,     10.27,     10.64,     10.58,     10.50,     10.49,     10.45,     10.43,      9.56,      9.91,     10.29,     11.15,     11.01,     11.15,     10.77,     11.02,     11.27,     11.52
   75,  1S3,   alpha,      9.31,      8.03,      9.40,      4.30,      8.23,      8.81,      8.29,      8.88,      6.10,      5.12,      5.17,      8.86,      8.85,      8.56,      8.86,      8.86,      8.25,      8.89,      9.05,      9.03,      8.12,      9.62,      8.93,      8.92,      8.69,      8.92,      8.96,      9.22,      8.98,      9.57,      9.52,      9.26,      9.25,      9.16,      9.13,      8.54,      8.81,      9.14,      9.58,      9.60,      9.50,      9.34,      9.26,      9.26,      9.86
   76,  2SO,   alpha,     12.90,     12.05,     11.65,      2.33,      5.50,      5.88,      5.27,      7.17,      5.51,      5.05,      4.96,     10.30,     10.19,      9.76,     10.18,     10.41,      9.76,     10.17,     10.60,     10.60,      9.90,     11.29,     10.60,     10.50,     10.15,     10.48,     10.71,     10.64,     10.51,     11.02,     11.00,     10.94,     10.94,     10.78,     10.78,     10.17,     10.55,     10.87,     11.45,     11.49,     11.43,     11.16,     11.35,     11.41,     11.58
   77,  2SO,   alpha,     15.69,     13.80,     11.96,      4.23,     10.72,     11.62,     10.80,     11.09,      7.85,      6.76,      6.73,     10.64,     10.54,     10.23,     10.57,     10.95,      9.91,     10.81,     10.62,     10.60,      9.49,     11.56,     10.81,     10.72,     10.46,     10.74,     11.12,     11.29,     11.00,     11.21,     11.15,     11.26,     11.25,     11.45,     11.41,     10.31,     10.62,     11.05,     11.76,     11.56,     11.87,     11.36,     11.70,     11.22,     12.08
   78,  1S3,   alpha,     13.84,     14.47,     12.11,      4.52,      9.82,     10.38,      9.79,     10.47,      6.84,      8.21,      8.16,     10.43,     10.37,     10.09,     10.36,     10.63,      9.89,     10.53,     10.86,     10.85,      9.66,     11.45,     10.86,     10.80,     10.58,     10.80,     11.02,     11.13,     10.94,     11.57,     11.52,     11.48,     11.47,     11.78,     11.76,     10.69,     11.00,     11.55,     11.81,     11.84,     11.53,     11.44,     11.37,     10.85,     12.02
   79,  2SO,   alpha,     15.90,     16.66,     14.13,      3.02,      7.07,      7.39,      6.57,      8.13,      5.98,      7.70,      7.43,     11.01,     10.74,     10.41,     10.74,     11.51,     10.41,     10.99,     11.58,     11.57,     10.88,     12.30,     11.70,     11.45,     11.22,     11.46,     12.09,     11.66,     11.66,     12.35,     12.27,     12.39,     12.39,     12.57,     12.53,     11.44,     11.98,     12.32,     12.89,     12.91,     12.87,     12.51,     12.74,     12.70,     13.22
   80,  2SO,   alpha,     14.48,     14.47,     14.53,      3.63,      6.38,      6.92,      6.04,      8.87,      7.60,      8.46,      8.23,     12.13,     11.86,     11.29,     11.86,     12.29,     11.90,     11.77,     12.44,     12.45,     12.19,     13.26,     12.73,     12.47,     12.03,     12.47,     12.78,     12.26,     12.35,     13.42,     13.31,     12.89,     12.91,     13.09,     13.07,     12.05,     12.58,     12.75,     13.60,     13.73,     13.41,     13.26,     13.29,     13.48,     13.84
   81,  4C1,    beta,      0.38,     -2.96,      0.10,      1.48,      6.53,      6.26,      5.65,      5.74,      3.66,     -0.44,     -0.12,      0.98,      1.21,      1.34,      1.23,      0.82,      0.56,      1.32,      1.78,      1.76,      0.34,      1.41,      0.74,      0.96,      1.07,      0.98,      0.67,      1.29,      1.08,      1.13,      1.21,      1.49,      1.46,      1.49,      1.50,      1.51,      1.29,      2.17,      1.16,      1.32,      1.60,      1.26,      1.76,      1.80,      1.52
   82,  4C1,    beta,      2.26,     -1.66,     -0.28,      1.78,      6.93,      7.40,      7.53,      6.10,      3.33,      1.27,      1.57,      0.86,      1.07,      1.13,      1.10,      0.69,      0.97,      1.21,      1.38,      1.35,      0.00,      1.07,      0.63,      0.82,      0.85,      0.84,      0.57,      1.12,      0.98,      0.84,      0.87,      1.17,      1.13,      1.23,      1.21,      1.30,      1.01,      1.72,      0.90,      0.95,      1.22,      0.99,      1.27,      1.14,      1.29
   83,  4C1,    beta,      1.17,     -1.97,     -0.48,      1.59,      7.21,      7.90,      7.87,      6.42,      3.34,      1.22,      1.64,      0.70,      1.04,      1.11,      1.05,      0.43,      0.87,      1.17,      1.73,      1.69,      0.07,      1.20,      0.52,      0.84,      0.87,      0.84,      0.40,      1.22,      1.00,      1.06,      1.11,      1.42,      1.38,      1.44,      1.43,      1.57,      1.25,      2.13,      0.91,      1.01,      1.41,      1.01,      1.46,      1.74,      1.27
   84,  1C4,    beta,     11.62,      4.35,     13.07,      1.34,     -2.52,     -7.99,     -7.73,     -3.47,      8.13,      1.94,      0.32,      3.81,      2.17,      2.28,      2.33,      5.63,     -0.13,      2.57,      3.85,      3.91,      6.00,      3.50,      5.26,      3.79,      4.04,      3.97,      6.29,      3.42,      3.82,      5.17,      5.10,      4.95,      5.02,      4.88,      4.91,      4.19,      5.27,      4.48,      5.94,      5.33,      5.05,      5.18,      5.42,      5.75,      5.44
   85,  4C1,    beta,      1.66,     -0.80,      0.35,     -0.17,      5.39,      5.93,      5.72,      4.86,      1.48,      1.55,      1.89,      1.13,      1.40,      1.45,      1.42,      0.96,      1.47,      1.54,      2.46,      2.44,      0.65,      1.68,      1.08,      1.33,      1.35,      1.34,      1.01,      1.57,      1.49,      1.63,      1.68,      1.96,      1.92,      1.84,      1.84,      2.15,      1.93,      2.83,      1.64,      1.78,      1.94,      1.67,      1.99,      2.22,      2.09
   86,  1C4,    beta,      9.94,      1.52,     11.46,     -1.40,     -2.98,     -7.75,     -7.53,     -4.13,     10.46,      2.05,      0.76,      3.72,      2.44,      2.09,      2.54,      4.76,      2.63,      2.34,      4.56,      4.60,      6.53,      4.07,      5.11,      3.95,      3.79,      4.04,      5.52,      2.93,      3.56,      5.42,      5.30,      5.46,      5.51,      5.18,      5.18,      5.45,      6.24,      5.54,      5.73,      5.43,      5.17,      5.29,      5.51,      5.45,      5.36
   87,  1C4,    beta,     10.67,      2.81,     12.99,      1.17,     -1.89,     -7.36,     -7.59,     -3.02,      9.49,      1.57,      0.00,      3.94,      2.39,      2.43,      2.52,      5.73,      0.21,      2.79,      4.13,      4.20,      6.23,      3.76,      5.27,      3.88,      4.05,      4.03,      6.28,      3.59,      3.90,      5.22,      5.13,      5.15,      5.22,      4.79,      4.82,      4.21,      5.36,      4.48,      6.05,      5.47,      5.26,      5.31,      5.56,      5.98,      5.58
   88,  4C1,    beta,      1.07,     -1.58,      1.16,     -0.12,      4.99,      4.60,      3.84,      4.62,      2.02,      0.18,      0.39,      1.65,      1.82,      1.92,      1.83,      1.56,      1.40,      1.92,      2.76,      2.74,      1.19,      2.17,      1.55,      1.71,      1.79,      1.73,      1.51,      1.89,      1.81,      1.97,      2.05,      2.27,      2.25,      2.15,      2.16,      2.33,      2.22,      3.09,      2.13,      2.30,      2.39,      2.13,      2.56,      2.77,      2.47
   89,  4C1,    beta,      2.81,     -0.02,      0.91,      0.12,      5.52,      5.90,      5.94,      5.40,      1.86,      2.17,      2.40,      1.65,      1.81,      1.82,      1.82,      1.53,      1.94,      1.90,      2.49,      2.47,      1.05,      1.95,      1.56,      1.70,      1.70,      1.72,      1.52,      1.84,      1.82,      1.80,      1.83,      2.09,      2.06,      2.01,      2.00,      2.27,      2.08,      2.80,      1.99,      2.05,      2.12,      1.97,      2.18,      2.08,      2.42
   90,  1C4,    beta,     10.36,      2.04,     11.62,     -1.66,     -3.53,     -8.26,     -8.17,     -4.76,     10.54,      1.66,      0.39,      4.07,      2.83,      2.39,      2.91,      5.05,      3.19,      2.67,      5.01,      5.06,      6.92,      4.48,      5.42,      4.28,      4.05,      4.36,      5.78,      3.21,      3.85,      5.80,      5.68,      5.79,      5.84,      5.38,      5.39,      5.83,      6.61,      5.93,      6.05,      5.80,      5.54,      5.64,      5.88,      5.79,      5.85
   91,  1C4,    beta,     10.97,      4.37,     13.57,      1.61,     -2.18,     -7.67,     -7.64,     -2.98,      9.26,      1.82,      0.25,      4.39,      2.82,      2.87,      2.96,      6.12,      0.67,      3.17,      4.63,      4.69,      6.85,      4.18,      5.83,      4.42,      4.62,      4.58,      6.78,      3.97,      4.40,      5.87,      5.80,      5.66,      5.73,      5.37,      5.40,      4.86,      6.00,      5.14,      6.56,      5.96,      5.76,      5.77,      6.12,      6.22,      6.60
   92,  1C4,    beta,     10.78,      2.01,     11.94,     -1.48,     -2.67,     -7.47,     -7.46,     -4.07,     11.48,      1.82,      0.58,      4.20,      2.97,      2.53,      3.05,      5.22,      3.25,      2.87,      5.28,      5.32,      7.08,      4.77,      5.55,      4.43,      4.18,      4.50,      5.94,      3.54,      4.03,      6.03,      5.88,      6.12,      6.17,      5.60,      5.59,      6.05,      6.89,      6.14,      6.30,      6.01,      5.91,      5.86,      6.17,      5.91,      5.69
   93,  1C4,    beta,     12.03,      4.45,     13.61,      1.01,     -1.34,     -6.87,     -6.69,     -2.78,      9.76,      2.12,      0.51,      4.57,      3.00,      3.09,      3.14,      6.33,      0.91,      3.38,      4.74,      4.81,      6.79,      4.43,      5.95,      4.53,      4.75,      4.69,      6.92,      4.22,      4.53,      5.92,      5.82,      5.81,      5.87,      5.58,      5.60,      4.99,      6.10,      5.25,      6.70,      6.12,      6.03,      5.95,      6.32,      6.81,      6.17
   94,  1C4,    beta,     11.74,      1.19,     13.46,      1.37,     -2.52,     -7.93,     -8.13,     -4.23,      9.02,      0.99,     -0.62,      5.09,      3.52,      3.55,      3.66,      6.79,      1.64,      3.84,      5.03,      5.09,      6.88,      4.75,      6.24,      4.83,      5.00,      4.99,      7.20,      4.42,      4.82,      6.05,      5.96,      5.91,      5.97,      5.57,      5.59,      5.12,      6.21,      5.39,      7.04,      6.54,      6.23,      6.38,      6.47,      6.92,      6.61
   95,  1C4,    beta,     11.06,      1.78,     12.09,     -0.95,     -2.45,     -7.14,     -7.25,     -3.59,     11.19,      2.35,      1.13,      4.89,      3.69,      3.23,      3.77,      5.77,      3.90,      3.49,      5.72,      5.76,      7.64,      5.35,      6.17,      5.09,      4.82,      5.15,      6.47,      4.04,      4.61,      6.43,      6.29,      6.58,      6.63,      6.29,      6.29,      6.52,      7.32,      6.63,      6.81,      6.59,      6.46,      6.40,      6.73,      6.54,      6.30
   96,  4C1,    beta,      3.67,      0.63,      1.94,      2.94,      9.91,     10.40,     10.70,      8.93,      5.54,      3.48,      3.78,      2.68,      2.86,      3.02,      2.91,      2.62,      2.53,      3.09,      3.14,      3.12,      1.68,      3.00,      2.53,      2.71,      2.85,      2.75,      2.57,      3.14,      2.95,      2.72,      2.78,      3.14,      3.11,      3.38,      3.37,      3.16,      2.87,      3.65,      2.94,      2.94,      2.92,      2.94,      3.07,      3.17,      3.26
   97,  BO3,    beta,      7.10,      2.05,      7.21,      1.31,      0.31,     -0.83,     -1.48,      0.91,      4.60,      3.07,      2.65,      4.11,      3.60,      3.20,      3.69,      4.28,      3.02,      3.44,      4.81,      4.82,      5.24,      4.85,      4.81,      4.35,      4.04,      4.42,      4.76,      4.12,      4.08,      5.37,      5.29,      5.01,      5.02,      5.10,      5.09,      4.68,      5.02,      5.07,      5.22,      5.20,      4.99,      5.07,      5.00,      4.97,      5.51
   98,  4C1,    beta,      3.36,      0.98,      2.47,      0.95,      7.73,      8.13,      8.30,      7.28,      3.56,      3.74,      3.90,      2.94,      3.08,      3.19,      3.11,      2.92,      3.00,      3.26,      3.72,      3.70,      2.15,      3.33,      2.89,      3.02,      3.12,      3.06,      2.95,      3.26,      3.23,      3.10,      3.15,      3.46,      3.44,      3.50,      3.50,      3.54,      3.37,      4.12,      3.44,      3.45,      3.27,      3.35,      3.39,      3.48,      3.75
   99,  4C1,    beta,      2.90,      1.38,      2.23,      2.39,     11.13,     11.37,     11.76,      9.98,      6.33,      3.41,      3.60,      3.05,      3.13,      3.16,      3.17,      3.10,      2.91,      3.35,      3.47,      3.45,      1.67,      3.24,      2.82,      2.89,      2.93,      2.93,      2.95,      3.20,      3.16,      2.95,      2.98,      3.35,      3.32,      3.51,      3.50,      3.37,      3.10,      3.96,      3.28,      3.22,      3.28,      3.22,      3.43,      3.29,      3.68
  100,  4C1,    beta,      4.94,      3.90,      2.86,      0.97,      7.38,      7.94,      8.15,      7.38,      4.30,      4.04,      4.22,      2.97,      3.10,      3.06,      3.12,      2.98,      3.34,      3.30,      3.74,      3.71,      2.20,      3.44,      3.09,      3.21,      3.19,      3.23,      3.15,      3.33,      3.41,      3.33,      3.35,      3.87,      3.84,      4.20,      4.19,      3.98,      3.78,      4.60,      3.68,      3.77,      3.55,      3.61,      3.58,      3.54,      4.24
  101,  4C1,    beta,      5.06,      4.34,      3.56,      1.09,      6.51,      6.36,      5.54,      6.62,      4.58,      2.72,      2.95,      3.09,      3.29,      3.34,      3.29,      3.07,      2.87,      3.47,      4.29,      4.27,      2.85,      3.76,      3.31,      3.49,      3.54,      3.50,      3.29,      3.64,      3.62,      3.85,      3.94,      4.33,      4.31,      4.53,      4.56,      4.34,      4.25,      5.19,      3.98,      4.19,      4.17,      3.94,      4.29,      4.62,      4.35
  102,  4C1,    beta,      3.43,      2.34,      3.29,      2.91,     10.68,     10.21,      9.60,      9.66,      7.07,      2.28,      2.47,      3.39,      3.54,      3.66,      3.55,      3.43,      2.61,      3.76,      4.27,      4.26,      2.58,      3.83,      3.27,      3.43,      3.53,      3.45,      3.36,      3.79,      3.63,      3.72,      3.81,      4.08,      4.06,      4.11,      4.15,      3.97,      3.82,      4.79,      3.86,      3.90,      4.15,      3.79,      4.39,      4.68,      4.26
  103,  4C1,    beta,      3.78,      0.43,      1.67,      1.99,      9.02,     10.07,      9.99,      8.38,      5.02,      3.69,      4.22,      2.88,      3.34,      3.34,      3.34,      2.52,      3.31,      3.45,      4.15,      4.12,      2.35,      3.70,      2.78,      3.20,      3.17,      3.18,      2.59,      3.53,      3.35,      3.45,      3.53,      3.96,      3.92,      4.08,      4.08,      4.08,      3.78,      4.78,      3.38,      3.52,      4.01,      3.44,      4.07,      4.13,      3.79
  104,  4C1,    beta,      4.14,     -0.33,      1.36,      3.73,     11.10,     12.19,     12.06,      9.84,      6.64,      3.39,      3.97,      2.91,      3.39,      3.43,      3.40,      2.49,      3.04,      3.50,      3.93,      3.90,      2.25,      3.62,      2.68,      3.12,      3.11,      3.12,      2.45,      3.58,      3.27,      3.26,      3.35,      3.83,      3.79,      3.96,      3.97,      3.90,      3.58,      4.54,      3.17,      3.25,      3.91,      3.27,      3.94,      3.99,      3.69
  105,  BO3,    beta,      9.05,      4.22,      8.53,      1.14,      1.40,      0.25,     -0.50,      1.70,      6.10,      3.74,      3.34,      5.02,      4.58,      4.02,      4.62,      5.22,      4.43,      4.44,      5.99,      6.00,      6.26,      5.98,      5.82,      5.41,      4.95,      5.44,      5.79,      5.25,      5.14,      6.54,      6.46,      6.27,      6.28,      6.34,      6.34,      5.92,      6.28,      6.37,      6.45,      6.44,      6.31,      6.25,      6.34,      6.37,      6.83
  106,  1C4,    beta,     11.52,      0.59,     13.49,     -0.23,     -1.19,     -5.87,     -5.94,     -2.82,     13.74,      3.48,      2.21,      6.04,      4.80,      4.39,      4.88,      7.10,      5.15,      4.73,      6.90,      6.94,      8.52,      6.49,      7.25,      6.13,      5.92,      6.20,      7.70,      5.18,      5.77,      7.59,      7.45,      7.76,      7.80,      7.31,      7.30,      7.67,      8.47,      7.75,      8.08,      7.73,      7.52,      7.60,      7.78,      7.84,      7.60
  107,  BO3,    beta,      9.44,      5.75,      9.06,     -0.35,      0.24,     -1.03,     -1.69,      0.78,      4.45,      3.83,      3.34,      5.20,      4.65,      4.26,      4.72,      5.55,      4.42,      4.57,      6.17,      6.19,      6.41,      6.08,      6.10,      5.59,      5.29,      5.65,      6.18,      5.31,      5.38,      6.77,      6.69,      6.41,      6.43,      6.54,      6.55,      6.13,      6.49,      6.65,      6.77,      6.75,      6.41,      6.48,      6.45,      6.58,      7.13
  108,  1C4,    beta,     11.61,      3.78,     11.88,      0.69,     -3.46,     -7.35,     -8.45,     -4.13,      3.39,      0.39,     -0.99,      6.67,      5.26,      5.50,      5.40,      8.06,      3.61,      5.40,      4.78,      4.82,      6.30,      5.79,      7.22,      5.96,      6.32,      6.12,      8.13,      5.34,      5.98,      6.69,      6.63,      5.65,      5.70,      5.88,      5.89,      4.68,      5.47,      4.85,      7.26,      6.75,      6.29,      6.51,      6.56,      7.09,      6.87
  109,  BO3,    beta,     10.10,      6.79,      9.82,     -0.05,      0.19,     -1.12,     -1.88,      0.68,      4.82,      4.06,      3.53,      5.36,      4.75,      4.33,      4.83,      5.78,      4.46,      4.71,      6.33,      6.35,      6.62,      6.32,      6.42,      5.87,      5.55,      5.94,      6.54,      5.52,      5.67,      7.08,      7.02,      6.80,      6.82,      7.15,      7.17,      6.50,      6.91,      7.16,      7.14,      7.09,      6.66,      6.79,      6.77,      6.89,      7.25
  110,  BO3,    beta,      7.56,      2.21,      8.29,      2.63,      2.14,      1.15,      0.27,      2.81,      5.96,      4.01,      3.64,      5.68,      5.24,      4.86,      5.32,      5.79,      4.85,      5.07,      6.41,      6.42,      6.81,      6.51,      6.23,      5.83,      5.52,      5.88,      6.15,      5.63,      5.56,      6.75,      6.66,      6.39,      6.40,      6.21,      6.19,      5.94,      6.37,      6.30,      6.63,      6.57,      6.61,      6.49,      6.44,      6.74,      6.92
  111,  2SO,    beta,      9.83,      7.39,      8.44,      1.62,      4.28,      4.23,      3.60,      4.62,      4.34,      6.06,      5.83,      6.45,      6.09,      5.78,      6.19,      6.60,      6.02,      6.09,      6.89,      6.88,      6.45,      7.32,      7.04,      6.72,      6.50,      6.79,      7.11,      6.57,      6.69,      7.42,      7.35,      7.27,      7.27,      7.81,      7.78,      6.96,      7.01,      7.44,      7.63,      7.61,      7.60,      7.38,      7.54,      7.77,      7.65
  112,  1C4,    beta,      9.96,      4.80,     11.06,      0.98,     -2.45,     -5.16,     -5.43,     -1.25,      5.18,      2.88,      1.82,      7.85,      6.78,      6.58,      6.89,      8.28,      5.96,      6.31,      6.73,      6.76,      8.33,      7.70,      8.44,      7.48,      7.44,      7.59,      8.60,      6.22,      7.01,      7.82,      7.75,      7.53,      7.57,      7.90,      7.90,      7.02,      7.63,      7.23,      8.34,      8.22,      7.82,      7.86,      8.00,      8.33,      7.62
  113,  3S1,    beta,     13.20,      7.83,     12.11,      5.19,      4.29,      1.59,      1.21,      2.99,      9.23,      3.14,      2.47,      7.36,      6.64,      6.57,      6.75,      8.30,      4.97,      7.05,      7.65,      7.66,      7.28,      7.76,      8.10,      7.45,      7.44,      7.56,      8.71,      8.07,      7.70,      8.80,      8.75,      8.19,      8.20,      8.16,      8.15,      7.16,      7.68,      7.77,      8.72,      8.30,      8.21,      8.17,      8.30,      8.41,      8.62
  114,  1S3,    beta,      8.92,      4.92,      7.31,      3.80,      2.48,      2.16,      1.28,      2.85,      4.75,      1.91,      1.89,      6.75,      6.64,      6.39,      6.69,      6.47,      5.82,      6.35,      6.96,      6.97,      7.02,      7.38,      6.92,      6.82,      6.64,      6.86,      6.64,      6.64,      6.54,      7.11,      7.13,      6.85,      6.85,      6.73,      6.74,      6.45,      6.63,      6.81,      6.98,      7.05,      7.10,      6.82,      7.01,      7.15,      7.21
  115,  1S3,    beta,     10.48,      4.36,      9.05,      3.09,      1.26,      0.28,     -0.10,      1.61,      5.40,      3.53,      3.21,      6.92,      6.53,      6.37,      6.61,      7.11,      5.71,      6.46,      7.06,      7.07,      6.98,      7.37,      7.29,      6.94,      6.87,      7.00,      7.34,      6.65,      6.81,      7.62,      7.59,      7.27,      7.28,      7.33,      7.33,      6.66,      7.12,      7.21,      7.74,      7.60,      7.59,      7.44,      7.55,      7.47,      8.11
  116,  1S3,    beta,      9.79,      5.58,      9.67,      1.86,     -0.39,     -1.59,     -1.80,      0.38,      3.92,      3.34,      2.91,      7.10,      6.61,      6.46,      6.68,      7.39,      5.94,      6.54,      7.40,      7.42,      7.38,      7.54,      7.58,      7.14,      7.09,      7.21,      7.71,      6.83,      7.02,      7.89,      7.86,      7.42,      7.45,      7.29,      7.30,      6.81,      7.36,      7.45,      8.07,      7.94,      7.62,      7.69,      7.54,      7.70,      8.21
  117,  1S3,    beta,      8.21,      6.19,      8.03,      2.07,      1.08,      0.76,      0.02,      2.00,      3.40,      2.91,      2.84,      6.84,      6.69,      6.37,      6.72,      6.61,      6.25,      6.37,      7.33,      7.34,      7.31,      7.61,      7.27,      7.13,      6.91,      7.16,      7.02,      6.74,      6.82,      7.60,      7.62,      7.31,      7.32,      7.35,      7.38,      6.98,      7.17,      7.49,      7.48,      7.60,      7.39,      7.27,      7.40,      7.47,      7.77
  118,  3S1,    beta,     15.00,      8.49,     12.59,      4.18,      4.73,      2.03,      1.67,      3.84,      9.56,      3.41,      2.77,      7.81,      7.11,      7.05,      7.22,      8.71,      5.49,      7.51,      8.14,      8.15,      7.68,      8.28,      8.60,      7.97,      7.96,      8.07,      9.17,      8.46,      8.19,      9.28,      9.23,      8.86,      8.88,      9.03,      9.02,      7.79,      8.30,      8.47,      9.29,      8.94,      8.81,      8.73,      8.92,      8.79,      9.08
  119,  1S3,    beta,     11.24,      3.83,      9.45,      3.46,      1.95,      0.74,      0.33,      1.78,      6.95,      3.00,      2.70,      7.61,      7.26,      7.19,      7.33,      7.69,      6.60,      7.11,      7.89,      7.90,      8.00,      8.11,      7.88,      7.56,      7.56,      7.62,      7.85,      7.33,      7.37,      8.21,      8.19,      7.77,      7.78,      7.39,      7.39,      7.11,      7.67,      7.54,      8.19,      7.97,      8.13,      7.87,      7.97,      8.03,      8.39
  120,  1S5,    beta,     11.90,     12.47,     12.40,      7.37,      3.31,      1.17,      0.80,      2.96,      7.25,      4.91,      4.08,      8.22,      7.32,      7.54,      7.48,      9.30,      5.09,      7.76,      7.43,      7.45,      7.50,      8.10,      8.94,      8.14,      8.43,      8.30,      9.71,      8.50,      8.47,      8.82,      8.78,      8.23,      8.26,      8.40,      8.40,      7.25,      7.85,      7.65,      9.20,      8.62,      8.08,      8.51,      8.04,      8.49,      9.28
  121,  OS2,    beta,     14.09,      9.13,     10.86,      3.51,      3.25,      1.49,     -0.06,      3.13,      4.75,      2.84,      2.47,      7.90,      7.48,      7.45,      7.53,      8.48,      6.17,      7.73,      8.18,      8.16,      6.76,      8.47,      8.48,      8.11,      8.12,      8.16,      8.94,      8.63,      8.34,      9.18,      9.15,      8.71,      8.70,      8.81,      8.79,      7.77,      8.19,      8.68,      8.98,      8.71,      8.45,      8.47,      8.53,      8.57,      8.70
  122,  2SO,    beta,     11.41,     10.60,     10.33,      0.95,      3.73,      3.32,      2.86,      4.27,      3.64,      6.78,      6.34,      7.54,      7.06,      6.93,      7.14,      7.96,      6.75,      7.15,      7.94,      7.94,      7.59,      8.40,      8.23,      7.80,      7.75,      7.87,      8.49,      7.62,      7.84,      8.73,      8.66,      8.26,      8.27,      8.85,      8.83,      7.84,      8.01,      8.43,      8.92,      8.79,      8.65,      8.44,      8.55,      8.37,      9.16
  123,  3S1,    beta,     12.90,      9.23,     13.06,      3.75,      3.63,      0.88,      0.54,      2.68,      8.39,      3.99,      3.21,      8.06,      7.29,      7.28,      7.39,      9.09,      5.73,      7.72,      8.61,      8.63,      8.14,      8.49,      8.88,      8.18,      8.22,      8.28,      9.56,      8.73,      8.44,      9.53,      9.46,      8.92,      8.95,      8.75,      8.74,      7.89,      8.47,      8.53,      9.68,      9.25,      8.95,      9.02,      9.02,      8.59,      9.83
  124,  OS2,    beta,     14.24,      9.70,     10.30,      3.25,      3.24,      2.13,      0.81,      3.47,      3.95,      3.39,      3.09,      8.02,      7.68,      7.49,      7.72,      8.32,      7.07,      7.73,      8.32,      8.31,      6.98,      8.67,      8.58,      8.27,      8.13,      8.30,      8.83,      8.63,      8.34,      9.22,      9.16,      8.82,      8.81,      9.06,      9.03,      8.03,      8.38,      8.98,      8.91,      8.76,      8.45,      8.43,      8.55,      8.63,      8.73
  125,  OS2,    beta,     15.03,      9.03,      9.52,      4.93,      3.82,      2.40,      1.36,      3.82,      4.86,      3.27,      2.77,      8.09,      7.54,      7.41,      7.59,      8.61,      6.98,      7.62,      6.69,      6.70,      6.22,      7.89,      8.18,      7.68,      7.59,      7.71,      8.57,      8.04,      7.76,      7.99,      7.84,      7.32,      7.34,      7.83,      7.77,      6.45,      6.84,      6.91,      8.25,      8.04,      7.64,      7.78,      7.86,      7.72,      8.07
  126,  BO3,    beta,     11.89,      6.08,      9.34,      1.01,      2.40,      2.72,      2.49,      3.11,      3.24,      5.35,      5.17,      7.93,      7.65,      7.17,      7.70,      7.99,      7.79,      7.54,      8.32,      8.31,      7.75,      8.71,      8.32,      8.06,      7.69,      8.10,      8.34,      7.81,      7.97,      8.78,      8.77,      8.40,      8.40,      8.62,      8.62,      8.02,      8.16,      8.61,      8.96,      8.92,      8.81,      8.68,      8.77,      8.73,      8.78
  127,  OS2,    beta,     12.96,      7.93,     11.02,      4.25,      2.75,      0.58,     -0.80,      2.46,      4.77,      2.19,      1.64,      8.34,      7.76,      7.75,      7.83,      9.05,      6.24,      8.02,      7.67,      7.67,      6.83,      8.40,      8.76,      8.24,      8.28,      8.31,      9.31,      8.75,      8.47,      8.97,      8.90,      8.25,      8.26,      8.37,      8.34,      7.29,      7.75,      7.89,      9.00,      8.65,      8.30,      8.44,      8.40,      8.29,      8.93
  128,  OS2,    beta,     14.22,     12.87,     12.91,      5.22,      3.00,      0.25,     -1.17,      2.50,      5.32,      3.87,      3.02,      8.59,      7.71,      8.02,      7.83,      9.80,      5.66,      8.25,      7.74,      7.76,      6.98,      8.45,      9.27,      8.49,      8.82,      8.62,     10.18,      9.16,      8.93,      9.46,      9.40,      8.56,      8.59,      8.65,      8.64,      7.26,      7.91,      7.91,      9.53,      9.02,      8.37,      8.78,      8.50,      9.11,      9.14
  129,  OS2,    beta,     13.84,      8.77,      9.92,      3.82,      3.34,      2.13,      0.88,      3.48,      3.97,      2.97,      2.65,      8.18,      7.84,      7.78,      7.89,      8.49,      7.15,      7.91,      8.16,      8.14,      6.88,      8.64,      8.55,      8.24,      8.21,      8.27,      8.82,      8.61,      8.34,      9.08,      9.02,      8.50,      8.48,      8.67,      8.63,      7.68,      8.01,      8.47,      8.81,      8.62,      8.41,      8.33,      8.41,      9.07,      8.26
  130,  3S1,    beta,     13.05,      9.47,     11.76,      5.23,      4.67,      3.14,      1.68,      4.02,      6.32,      3.34,      2.84,      8.30,      7.76,      7.78,      7.85,      9.03,      6.17,      8.11,      8.67,      8.65,      7.45,      8.96,      8.93,      8.45,      8.50,      8.54,      9.50,      9.04,      8.76,      9.66,      9.61,      9.18,      9.17,      9.26,      9.21,      7.98,      8.45,      8.89,      9.43,      9.11,      8.89,      8.90,      8.85,      9.16,      9.31
  131,  1S5,    beta,     12.84,     12.77,     11.22,      6.84,      4.80,      3.34,      2.65,      3.99,      7.97,      5.49,      4.91,      8.29,      7.61,      7.74,      7.73,      9.03,      5.89,      7.86,      7.43,      7.45,      7.48,      8.24,      8.80,      8.19,      8.39,      8.31,      9.33,      8.36,      8.38,      8.58,      8.55,      8.22,      8.24,      8.54,      8.53,      7.42,      7.82,      7.78,      8.99,      8.51,      8.05,      8.43,      8.13,      8.71,      8.75
  132,  1S5,    beta,     14.73,     12.67,     13.08,      7.41,      2.41,      0.24,     -0.78,      2.55,      7.65,      5.49,      4.73,      8.75,      7.90,      7.92,      8.03,      9.72,      6.09,      8.25,      8.13,      8.14,      8.10,      8.83,      9.56,      8.80,      8.91,      8.93,     10.22,      9.05,      9.02,      9.65,      9.60,      9.01,      9.03,      9.36,      9.36,      7.98,      8.62,      8.47,      9.86,      9.41,      9.00,      9.24,      9.00,      9.48,      9.79
  133,  OS2,    beta,     15.80,     14.44,     13.14,      4.41,      3.93,      1.57,      0.64,      3.44,      5.83,      4.38,      3.71,      8.44,      7.75,      8.01,      7.84,      9.58,      5.88,      8.33,      8.61,      8.62,      7.16,      8.92,      9.30,      8.69,      8.97,      8.80,     10.17,      9.46,      9.17,     10.15,     10.14,      9.43,      9.44,      9.52,      9.51,      8.16,      8.75,      9.11,      9.89,      9.46,      8.97,      9.21,      9.13,      9.87,      9.60
  134,  OS2,    beta,     11.85,      7.56,     10.61,      7.26,      4.36,      1.70,     -0.32,      3.08,      6.22,      0.25,     -0.23,      8.60,      8.04,      8.32,      8.14,      9.31,      5.37,      8.35,      7.51,      7.52,      6.65,      8.44,      8.68,      8.19,      8.49,      8.29,      9.25,      8.95,      8.48,      8.94,      8.97,      7.82,      7.83,      7.85,      7.86,      6.61,      7.03,      7.21,      8.71,      8.28,      8.15,      8.11,      8.26,      8.71,      8.37
  135,  1H2,    beta,     15.00,      7.47,     17.15,      6.22,      2.00,     -2.13,     -2.78,      2.60,     11.86,      5.44,      4.22,      9.36,      8.15,      7.85,      8.24,     10.63,      7.32,      8.35,      9.68,      9.73,     10.95,      9.81,     10.83,      9.74,      9.59,      9.83,     11.50,      9.33,      9.64,     11.00,     10.88,     10.84,     10.89,     11.05,     11.06,      9.93,     10.96,     10.51,     11.54,     11.16,     10.70,     10.73,     10.96,     10.98,     11.19
  136,  1S5,    beta,     11.67,     11.60,      9.47,      4.64,      2.20,      1.03,      0.10,      2.53,      5.84,      3.00,      2.77,      8.24,      7.95,      7.95,      8.00,      8.20,      7.41,      7.69,      8.03,      8.03,      8.02,      8.70,      8.54,      8.28,      8.33,      8.32,      8.45,      8.01,      8.03,      8.80,      8.79,      8.24,      8.24,      8.48,      8.47,      7.65,      7.95,      8.09,      8.63,      8.64,      8.36,      8.34,      8.41,      8.53,      8.65
  137,  1S5,    beta,     12.57,     11.36,      9.66,      4.67,      2.25,      1.08,      0.05,      2.63,      5.71,      3.18,      2.91,      8.33,      8.02,      7.96,      8.06,      8.33,      7.45,      7.77,      8.13,      8.14,      8.08,      8.78,      8.65,      8.37,      8.38,      8.41,      8.59,      8.11,      8.14,      8.88,      8.87,      8.37,      8.38,      8.60,      8.60,      7.78,      8.07,      8.26,      8.82,      8.88,      8.53,      8.54,      8.59,      8.64,      8.77
  138,  1S5,    beta,     15.43,     14.66,     14.07,      6.49,      2.62,      0.25,     -0.75,      2.69,      7.03,      5.93,      5.03,      8.88,      7.94,      8.07,      8.06,     10.12,      6.19,      8.43,      8.47,      8.49,      8.30,      9.00,      9.86,      9.02,      9.23,      9.16,     10.71,      9.32,      9.35,      9.90,      9.84,      9.33,      9.36,      9.64,      9.64,      8.26,      8.94,      8.83,     10.38,      9.86,      9.27,      9.64,      9.30,      9.59,     10.31
  139,  2SO,    beta,      9.74,      7.46,      9.13,      1.83,      2.12,      2.65,      2.57,      3.63,      4.91,      5.42,      5.35,      7.95,      7.79,      7.30,      7.83,      7.73,      7.77,      7.51,      8.64,      8.63,      8.15,      9.00,      8.46,      8.32,      7.92,      8.33,      8.26,      7.99,      8.07,      8.85,      8.81,      8.83,      8.82,      8.85,      8.84,      8.53,      8.69,      9.13,      8.96,      8.99,      8.98,      8.72,      8.98,      8.90,      8.97
  140,  2SO,    beta,     10.08,      9.64,     10.31,      0.33,      4.46,      3.84,      3.33,      4.87,      3.57,      6.00,      5.53,      8.30,      7.77,      7.68,      7.85,      8.75,      7.42,      7.85,      8.38,      8.39,      7.66,      8.93,      8.69,      8.21,      8.21,      8.29,      9.03,      8.02,      8.29,      9.07,      8.99,      8.43,      8.44,      8.75,      8.73,      7.99,      8.17,      8.63,      9.48,      9.29,      9.12,      8.97,      8.92,      9.25,      9.28
  141,  14B,    beta,     14.88,      9.41,     11.64,      7.36,      0.81,     -1.10,     -2.06,      0.69,      6.17,      3.67,      3.02,      9.06,      8.31,      8.19,      8.44,      9.55,      7.11,      8.26,      8.20,      8.21,      8.48,      8.99,      9.40,      8.73,      8.70,      8.84,      9.69,      8.63,      8.64,      9.40,      9.36,      8.33,      8.34,      8.18,      8.17,      7.25,      8.01,      7.75,      9.37,      9.01,      8.87,      8.82,      8.72,      9.29,      9.25
  142,  1S5,    beta,     12.63,     13.76,     11.37,      6.99,      4.81,      3.44,      2.85,      4.12,      7.93,      5.37,      4.84,      8.66,      8.02,      8.21,      8.14,      9.31,      6.42,      8.24,      7.88,      7.89,      7.95,      8.65,      9.17,      8.60,      8.85,      8.72,      9.63,      8.72,      8.76,      9.01,      8.97,      8.60,      8.62,      8.92,      8.91,      7.85,      8.24,      8.17,      9.35,      8.88,      8.49,      8.77,      8.51,      8.52,      9.33
  143,  OS2,    beta,     14.88,     10.01,     11.00,      3.92,      3.37,      1.95,      0.70,      3.62,      4.24,      3.53,      3.09,      8.87,      8.38,      8.18,      8.44,      9.26,      7.82,      8.40,      8.42,      8.42,      7.53,      9.12,      9.37,      8.92,      8.77,      8.97,      9.67,      9.17,      8.97,      9.45,      9.36,      9.04,      9.05,      9.39,      9.36,      8.28,      8.64,      9.00,      9.51,      9.29,      8.84,      8.96,      8.97,      9.25,      9.31
  144,  2SO,    beta,     14.44,     14.68,     12.02,      2.19,      5.74,      5.31,      4.60,      6.02,      5.06,      8.03,      7.61,      8.35,      7.85,      7.65,      7.93,      8.92,      7.57,      8.07,      8.82,      8.82,      8.23,      9.39,      9.33,      8.87,      8.78,      8.95,      9.68,      8.79,      9.00,      9.85,      9.80,      9.60,      9.60,     10.62,     10.61,      9.15,      9.33,      9.93,     10.22,     10.11,      9.85,      9.70,      9.86,     10.23,     10.10
  145,  2SO,    beta,     11.40,      9.79,     10.23,      2.34,      6.55,      6.10,      5.55,      6.56,      5.47,      6.41,      6.04,      8.62,      8.17,      8.05,      8.25,      8.97,      7.72,      8.23,      8.47,      8.46,      7.74,      9.23,      8.90,      8.49,      8.45,      8.56,      9.16,      8.40,      8.56,      9.24,      9.18,      8.64,      8.64,      9.08,      9.06,      8.15,      8.28,      8.71,      9.60,      9.40,      9.45,      9.15,      9.26,      9.91,      9.52
  146,  5S1,    beta,     14.73,      9.46,     12.57,      4.22,      5.43,      4.15,      3.94,      6.34,      7.72,      6.34,      5.72,      9.34,      8.63,      8.37,      8.74,      9.68,      8.05,      8.48,      9.56,      9.56,      9.46,      9.96,     10.03,      9.38,      9.24,      9.47,     10.13,      8.94,      9.15,     10.22,     10.11,     10.13,     10.14,     10.68,     10.64,      9.63,     10.05,     10.47,     10.65,     10.55,     10.17,     10.30,     10.34,     10.06,     10.69
  147,  14B,    beta,     15.17,     15.21,     13.01,      4.62,      2.34,      1.42,      0.93,      4.02,      5.80,      5.81,      5.47,      9.74,      9.39,      9.14,      9.42,      9.87,      9.08,      9.21,     10.48,     10.49,     10.27,     10.80,     10.75,     10.43,     10.25,     10.46,     10.73,     10.06,     10.19,     11.01,     11.01,     11.19,     11.19,     11.45,     11.48,     10.76,     11.29,     11.67,     11.35,     11.41,     10.90,     10.92,     11.01,     11.33,     11.32
  148,  5S1,    beta,     16.40,     10.86,     12.79,      6.52,      8.40,      7.21,      7.23,      8.97,     10.54,      6.55,      6.04,      9.90,      9.25,      9.03,      9.37,     10.20,      8.36,      9.13,      9.94,      9.94,     10.10,     10.53,     10.45,      9.87,      9.76,      9.96,     10.54,      9.56,      9.66,     10.71,     10.62,     10.60,     10.61,     11.15,     11.12,     10.05,     10.40,     10.75,     10.99,     10.92,     10.72,     10.77,     10.92,     11.03,     11.16
  149,  B14,    beta,     18.64,     15.09,     14.17,      3.87,      5.08,      3.39,      3.08,      6.15,      8.37,      7.56,      6.92,      9.78,      9.11,      8.59,      9.18,     10.21,      9.16,      9.01,     10.59,     10.61,     10.13,     10.77,     10.83,     10.22,      9.77,     10.27,     10.98,     10.04,     10.00,     11.32,     11.21,     11.30,     11.33,     11.71,     11.71,     10.71,     11.26,     11.79,     11.64,     11.52,     11.27,     11.08,     11.38,     11.24,     11.73
  150,  B14,    beta,     15.74,     12.14,     13.89,      4.90,      8.10,      6.37,      6.14,      8.25,     11.14,      6.94,      6.30,     10.28,      9.60,      9.13,      9.68,     10.71,      9.30,      9.53,     10.79,     10.80,     10.08,     11.03,     10.93,     10.31,      9.92,     10.38,     11.14,     10.27,     10.18,     11.48,     11.37,     11.28,     11.30,     11.47,     11.46,     10.55,     11.04,     11.60,     11.62,     11.34,     11.26,     11.07,     11.34,     11.30,     11.61
  151,  1S5,    beta,     14.86,     12.12,     11.87,      5.66,      4.58,      4.14,      4.33,      5.94,      7.65,      6.66,      6.41,     10.16,      9.80,      9.52,      9.87,     10.13,      9.88,      9.55,      9.99,      9.99,     10.17,     10.70,     10.77,     10.44,     10.23,     10.49,     10.68,     10.03,     10.20,     10.54,     10.48,     10.59,     10.60,     10.79,     10.78,     10.24,     10.62,     10.57,     10.92,     10.78,     10.52,     10.51,     10.41,     10.58,     10.94
  152,  5S1,    beta,     13.21,      9.80,     11.27,      5.43,      7.12,      7.53,      7.38,      7.70,      7.48,      6.02,      5.83,     10.25,      9.97,      9.64,     10.03,     10.14,      9.67,      9.73,     10.34,     10.32,     10.02,     11.15,     10.59,     10.32,     10.09,     10.36,     10.48,     10.09,     10.13,     10.98,     10.87,     10.88,     10.87,     11.32,     11.25,     10.35,     10.53,     10.98,     11.07,     11.07,     11.15,     10.84,     11.08,     10.98,     11.39
  153,  5S1,    beta,     13.41,     10.85,     12.56,      6.84,      5.66,      4.82,      5.19,      6.73,      8.27,      4.87,      4.34,     11.26,     10.58,     10.51,     10.71,     11.36,      9.24,     10.23,     10.28,     10.28,     10.79,     11.57,     11.47,     10.85,     10.89,     10.95,     11.48,     10.33,     10.55,     11.47,     11.38,     10.75,     10.77,     11.35,     11.32,     10.05,     10.30,     10.51,     11.45,     11.33,     11.20,     11.07,     11.21,     11.14,     11.58
  154,  B14,    beta,     20.09,     13.44,     14.78,      5.03,      6.53,      5.20,      4.58,      7.38,     10.75,      7.45,      6.85,     11.09,     10.44,      9.93,     10.53,     11.35,     10.61,     10.25,     11.42,     11.43,     11.35,     11.95,     11.98,     11.37,     10.96,     11.44,     12.00,     10.99,     11.10,     12.42,     12.30,     12.30,     12.32,     12.79,     12.77,     11.76,     12.22,     12.64,     12.61,     12.49,     12.41,     12.10,     12.38,     11.99,     13.13
  155,  5S1,    beta,     14.79,     12.66,     13.45,      5.40,      4.51,      3.51,      3.72,      5.97,      6.77,      5.37,      4.73,     11.33,     10.55,     10.46,     10.67,     11.61,      9.43,     10.27,     10.52,     10.53,     10.62,     11.70,     11.76,     11.06,     11.08,     11.16,     11.90,     10.50,     10.80,     11.72,     11.62,     11.05,     11.08,     11.76,     11.74,     10.32,     10.65,     10.98,     11.93,     11.74,     11.42,     11.39,     11.49,     11.63,     11.98
  156,  14B,    beta,     17.95,     13.76,     13.92,      8.29,      5.92,      5.41,      4.59,      7.04,     11.04,      7.33,      7.22,     12.10,     11.96,     11.51,     11.96,     11.81,     11.51,     11.53,     12.28,     12.28,     12.39,     13.07,     12.76,     12.62,     12.27,     12.61,     12.43,     12.23,     12.19,     12.93,     12.91,     13.03,     13.03,     13.16,     13.16,     12.49,     13.03,     13.19,     12.92,     12.90,     12.88,     12.50,     12.83,     12.98,     12.72
  157,    -,      OC,         -,         -,     15.48,      4.35,     11.10,      4.68,      4.86,      2.94,     24.69,      2.63,      1.52,      5.71,      5.00,      4.47,      4.74,      2.26,      4.14,      0.39,      3.94,      3.95,      8.38,      8.85,     10.51,      9.86,      9.59,      9.66,      6.43,      4.02,      4.92,      8.40,      8.21,     10.77,     10.78,     14.01,     13.94,      8.90,     10.03,      8.55,      8.38,     10.10,      8.58,      9.49,     10.65,     10.31,     10.03
  158,    -,      OC,         -,         -,      9.80,      6.03,     15.84,     12.71,     11.12,      9.17,     17.98,      0.81,      0.90,      5.93,      6.29,      6.00,      6.00,      1.51,      4.70,      1.70,      3.26,      3.25,      5.99,      9.40,      9.77,     10.08,      9.91,      9.84,      5.21,      4.96,      5.37,      7.12,      7.10,     10.13,     10.12,     14.43,     14.41,      7.69,      8.49,      7.73,      7.23,      9.12,      8.46,      8.64,     10.30,     10.10,      9.09
  159,    -,      OC,         -,         -,     10.04,      3.34,     18.96,     17.06,     15.09,     10.17,     16.02,      3.74,      3.90,      5.41,      5.99,      5.46,      5.63,      1.30,      5.06,      1.80,      2.77,      2.75,      4.99,      9.09,      9.43,      9.94,      9.56,      9.66,      5.19,      5.48,      5.61,      6.74,      6.75,     10.43,     10.42,     15.25,     15.23,      7.91,      8.59,      7.96,      7.53,      9.32,      8.41,      8.92,     10.35,     10.49,      9.36
  160,    -,      OC,         -,         -,      8.12,      2.69,     13.09,     11.82,     10.61,      6.69,     11.29,      2.91,      3.34,      5.36,      6.19,      5.62,      5.76,      0.76,      5.63,      1.63,      2.85,      2.86,      5.16,      8.97,      9.21,      9.94,      9.52,      9.61,      4.65,      5.04,      5.37,      6.50,      6.55,      9.72,      9.72,     14.18,     14.21,      7.36,      8.05,      7.44,      6.93,      8.88,      7.57,      8.25,      9.36,      9.25,      8.80
  161,    -,      OC,         -,         -,     10.08,      4.39,     17.98,     15.68,     14.00,     10.29,     14.75,      3.23,      3.21,      5.92,      6.26,      5.64,      5.94,      1.83,      5.36,      1.93,      2.29,      2.29,      5.16,      8.99,      9.81,     10.09,      9.65,      9.85,      5.54,      5.32,      5.63,      6.71,      6.67,      9.94,      9.94,     15.08,     15.06,      7.48,      8.16,      7.37,      7.53,      9.33,      8.21,      8.87,     10.16,      9.99,      9.56
  162,    -,      OC,         -,         -,     10.74,      4.91,     14.42,     11.25,      9.74,      8.54,     16.22,      2.05,      2.03,      6.14,      6.47,      6.14,      6.16,      1.78,      4.97,      1.88,      3.76,      3.75,      6.56,      9.78,     10.25,     10.53,     10.34,     10.28,      5.71,      5.25,      5.80,      7.74,      7.73,     10.73,     10.72,     15.23,     15.22,      8.34,      9.15,      8.50,      7.87,      9.83,      8.99,      9.23,     10.91,     11.12,      9.77
  163,    -,      OC,         -,         -,     15.34,      1.84,     11.55,      8.63,      7.10,      6.76,     15.05,      3.00,      2.33,      7.01,      6.73,      5.89,      6.47,      3.66,      4.97,      2.69,      4.51,      4.49,      7.08,     11.16,     11.72,     11.41,     10.83,     11.22,      7.90,      6.72,      7.11,      9.45,      9.31,     12.43,     12.42,     17.16,     17.10,      9.15,     10.24,      9.54,     10.12,     11.98,     10.73,     11.27,     12.56,     12.88,     12.22
  164,    -,      OC,         -,         -,      7.66,      4.14,     14.38,     13.68,     12.05,      8.18,     12.52,      2.12,      2.84,      5.26,      6.39,      5.74,      5.94,      0.38,      5.52,      1.80,      3.22,      3.24,      5.29,      9.26,      9.12,     10.12,      9.60,      9.75,      4.34,      5.39,      5.50,      6.88,      6.98,     10.18,     10.18,     14.67,     14.72,      7.78,      8.47,      8.06,      6.97,      9.07,      8.23,      8.46,      9.98,      9.82,      9.07
  165,    -,      OC,         -,         -,     10.68,      3.43,     14.15,     12.28,     10.10,      7.60,     11.58,      2.72,      2.84,      6.06,      6.64,      5.89,      6.22,      1.81,      5.84,      2.21,      3.26,      3.27,      5.99,      9.87,     10.17,     10.67,     10.10,     10.34,      5.79,      5.94,      6.12,      7.55,      7.52,     10.74,     10.75,     15.64,     15.62,      7.93,      8.87,      8.22,      8.13,     10.15,      8.98,      9.45,     10.99,     11.00,     10.32
  166,    -,      OC,         -,         -,     10.76,      3.18,      9.51,      6.21,      4.94,      2.50,     12.39,      1.31,      0.90,      7.18,      7.15,      6.85,      6.84,      2.81,      6.20,      2.17,      3.96,      3.96,      6.91,     10.06,     11.04,     11.00,     10.87,     10.75,      6.54,      5.34,      6.04,      7.71,      7.68,     10.36,     10.36,     14.69,     14.67,      8.27,      8.88,      8.15,      8.33,     10.29,      8.55,      9.51,     10.44,     10.72,     10.25
  167,    -,      OC,         -,         -,     13.57,      1.98,     12.31,      9.08,      7.25,      5.56,     14.81,      1.01,      0.76,      7.15,      7.33,      6.63,      6.98,      3.17,      6.35,      2.90,      4.53,      4.53,      7.40,     10.98,     11.42,     11.56,     11.06,     11.30,      7.19,      6.64,      6.98,      8.97,      8.89,     11.96,     11.96,     16.28,     16.25,      9.03,     10.04,      9.10,      9.39,     11.27,      9.88,     10.53,     11.84,     11.87,     10.82
  168,    -,      OC,         -,         -,     12.29,      4.21,     18.86,     15.92,     14.32,     10.13,     18.21,      3.16,      3.02,      6.58,      6.79,      6.36,      6.47,      2.96,      5.58,      2.77,      3.18,      3.18,      5.71,      9.61,     10.59,     10.76,     10.53,     10.53,      6.67,      6.14,      6.53,      7.69,      7.66,     10.61,     10.60,     15.35,     15.33,      7.96,      8.73,      7.75,      8.55,     10.20,      9.05,      9.81,     10.93,     10.85,     10.53
  169,    -,      OC,         -,         -,      7.98,      5.80,     14.90,     14.03,     12.45,      8.88,     13.23,      2.38,      3.02,      5.69,      6.71,      6.10,      6.26,      0.94,      5.63,      2.15,      3.09,      3.09,      5.51,      9.47,      9.37,     10.27,      9.79,      9.91,      4.71,      5.64,      5.70,      6.91,      6.98,     10.12,     10.12,     14.53,     14.56,      7.53,      8.35,      7.63,      7.04,      8.97,      8.27,      8.46,      9.92,      9.96,      8.94
  170,    -,      OC,         -,         -,     15.30,      4.99,     11.71,      7.56,      5.89,      3.43,     17.80,      0.37,     -0.44,      7.53,      7.23,      6.56,      6.85,      4.26,      6.32,      2.93,      4.16,      4.17,      7.13,     10.43,     12.09,     11.79,     11.35,     11.51,      8.33,      7.08,      7.25,      9.55,      9.42,     12.08,     12.10,     16.35,     16.32,      9.04,     10.33,      9.16,     10.30,     11.98,     10.52,     11.23,     12.39,     12.50,     12.23
  171,    -,      OC,         -,         -,     10.75,      5.07,     15.69,     13.34,     12.33,      9.90,     16.76,      3.87,      3.90,      6.55,      6.96,      6.44,      6.61,      2.15,      6.27,      2.35,      3.99,      3.97,      6.68,     10.16,     10.65,     10.99,     10.63,     10.70,      6.11,      5.77,      6.28,      7.98,      7.90,     11.08,     11.06,     15.66,     15.61,      8.84,      9.53,      8.79,      8.27,     10.20,      9.31,      9.68,     11.24,     11.10,     10.13
  172,    -,      OC,         -,         -,      7.29,      5.83,     15.98,     15.39,     13.75,      9.36,     13.88,      1.61,      2.40,      5.61,      6.77,      6.17,      6.34,      0.63,      5.66,      2.14,      3.31,      3.32,      5.47,      9.53,      9.23,     10.26,      9.76,      9.90,      4.39,      5.66,      5.63,      6.91,      7.01,     10.20,     10.20,     14.61,     14.65,      7.78,      8.43,      7.93,      6.92,      9.01,      8.35,      8.49,     10.02,     10.10,      8.82
  173,    -,      OC,         -,         -,     10.12,      3.60,     14.37,     13.33,     11.78,      8.34,     10.68,      2.56,      2.77,      6.37,      6.98,      6.40,      6.59,      1.97,      6.26,      2.47,      3.67,      3.65,      6.45,     10.32,     10.44,     10.97,     10.57,     10.66,      5.99,      5.99,      6.41,      7.96,      7.99,     10.89,     10.87,     15.59,     15.59,      8.45,      9.19,      8.57,      8.45,     10.46,      9.37,      9.85,     11.27,     11.18,     10.13
  174,    -,      OC,         -,         -,     11.32,      5.00,     14.41,     12.54,     10.84,      7.39,     12.73,      2.97,      3.09,      6.56,      7.06,      6.46,      6.69,      2.36,      5.23,      2.69,      3.61,      3.60,      6.16,     10.14,     10.71,     11.14,     10.69,     10.85,      6.38,      6.73,      6.66,      8.14,      8.10,     11.13,     11.12,     15.97,     15.93,      8.27,      9.19,      8.56,      8.54,     10.40,      8.97,      9.76,     10.97,     11.00,     10.30
  175,    -,      OC,         -,         -,     13.40,      5.03,     15.97,     13.83,     12.58,      9.01,     14.68,      2.70,      2.65,      6.96,      7.30,      6.60,      6.92,      3.13,      6.32,      3.10,      4.29,      4.27,      7.17,     10.99,     11.44,     11.72,     11.24,     11.42,      7.33,      7.00,      7.32,      9.08,      9.04,     12.17,     12.15,     16.92,     16.90,      9.46,     10.42,      9.58,      9.73,     11.65,     10.51,     11.08,     12.44,     12.15,     11.77
  176,    -,      OC,         -,         -,      9.66,      4.82,     13.41,     12.69,     12.11,      8.09,     10.48,      3.48,      3.83,      6.47,      7.22,      6.69,      6.83,      1.94,      6.35,      2.73,      3.92,      3.91,      6.02,     10.31,     10.51,     11.16,     10.76,     10.85,      5.98,      6.35,      6.63,      7.90,      7.94,     10.97,     10.96,     15.80,     15.81,      8.62,      9.22,      8.93,      8.28,     10.28,      8.89,      9.67,     10.76,     10.95,     10.37
  177,    -,      OC,         -,         -,     11.39,      2.23,     11.49,      9.18,      7.44,      4.99,      9.58,      2.17,      2.14,      6.91,      7.31,      6.92,      6.96,      2.47,      5.83,      2.63,      4.31,      4.30,      7.08,     10.67,     11.03,     11.37,     11.15,     11.12,      6.55,      6.17,      6.70,      8.45,      8.46,     11.45,     11.44,     16.06,     16.06,      8.85,      9.61,      9.02,      8.80,     10.74,      9.16,      9.92,     11.20,     11.66,     10.42
  178,    -,      OC,         -,         -,      8.45,      3.31,     14.55,     13.02,     10.97,      7.69,     13.44,      1.78,      2.33,      6.11,      7.03,      6.40,      6.61,      1.24,      6.34,      2.31,      3.86,      3.85,      6.00,     10.06,      9.85,     10.65,     10.17,     10.31,      5.05,      5.75,      5.94,      7.44,      7.48,     10.78,     10.76,     15.31,     15.31,      8.38,      9.08,      8.69,      7.58,      9.73,      8.83,      9.07,     10.65,     10.44,      9.44
  179,    -,      OC,         -,         -,     10.71,      4.50,     10.26,      7.59,      5.89,      3.37,     14.73,      0.85,      0.83,      7.23,      7.57,      7.10,      7.21,      2.52,      6.60,      2.52,      4.85,      4.84,      7.51,     10.76,     11.18,     11.46,     11.17,     11.16,      6.40,      5.86,      6.41,      8.38,      8.39,     11.34,     11.33,     15.36,     15.36,      9.24,      9.93,      9.28,      8.61,     10.74,      9.51,      9.99,     11.33,     12.21,     10.39
  180,    -,      OC,         -,         -,      9.99,      5.12,     14.28,     13.38,     12.37,      8.45,     13.20,      2.35,      2.51,      6.47,      7.04,      6.32,      6.63,      1.99,      6.31,      2.37,      3.31,      3.31,      5.87,     10.13,     10.59,     11.08,     10.54,     10.74,      6.06,      6.01,      6.38,      7.79,      7.79,     11.11,     11.11,     16.12,     16.12,      8.47,      9.28,      8.84,      8.56,     10.53,      9.65,      9.93,     11.70,     11.73,     10.58
  181,    -,      OC,         -,         -,      9.22,      6.47,     15.61,     14.85,     13.86,      9.42,     14.32,      1.61,      1.82,      6.51,      7.12,      6.45,      6.73,      1.92,      6.17,      2.41,      3.05,      3.04,      5.69,     10.05,     10.38,     10.90,     10.38,     10.57,      5.78,      5.95,      6.18,      7.45,      7.44,     10.78,     10.77,     15.69,     15.68,      8.12,      8.89,      8.35,      8.16,     10.14,      9.44,      9.63,     11.40,     11.75,      9.88
  182,    -,      OC,         -,         -,     13.99,      7.89,     13.80,     11.03,     10.15,      8.66,     15.93,      3.11,      2.33,      7.62,      7.20,      6.33,      6.94,      3.88,      5.95,      2.61,      3.56,      3.56,      7.24,     10.56,     12.23,     11.81,     11.23,     11.61,      8.06,      6.18,      7.03,      8.88,      8.72,     11.42,     11.43,     16.89,     16.83,      9.05,      9.86,      9.19,      9.67,     11.48,     10.03,     10.82,     11.92,     11.83,     11.47
  183,    -,      OC,         -,         -,      9.94,      4.49,     14.58,     13.62,     12.00,      8.34,     11.11,      3.41,      3.71,      6.52,      7.25,      6.47,      6.81,      2.15,      6.77,      2.79,      3.50,      3.50,      5.81,     10.13,     10.44,     11.08,     10.51,     10.73,      6.05,      6.14,      6.58,      7.69,      7.73,     10.78,     10.78,     15.82,     15.84,      8.26,      8.96,      8.48,      8.33,     10.43,      9.08,      9.75,     11.11,     11.01,     10.28
  184,    -,      OC,         -,         -,     13.39,      5.33,     15.09,     12.81,     11.61,      9.01,     14.40,      3.07,      3.02,      7.16,      7.55,      7.03,      7.16,      3.13,      6.26,      3.18,      4.75,      4.74,      7.88,     11.21,     11.59,     11.93,     11.58,     11.62,      7.31,      7.06,      7.36,      9.52,      9.49,     12.20,     12.19,     16.83,     16.81,      9.40,     10.43,      9.65,      9.66,     11.55,     10.67,     10.94,     12.67,     12.75,     11.97
  185,    -,      OC,         -,         -,     11.34,      4.26,     16.58,     14.39,     13.43,     10.36,     16.57,      4.01,      4.08,      6.94,      7.38,      6.94,      7.06,      2.57,      6.62,      2.90,      4.88,      4.86,      7.22,     10.90,     11.07,     11.45,     11.16,     11.19,      6.58,      6.35,      6.85,      8.72,      8.70,     11.91,     11.89,     16.51,     16.48,      9.63,     10.32,      9.79,      8.96,     10.98,     10.16,     10.40,     12.09,     12.19,     10.66
  186,    -,      OC,         -,         -,      9.88,      6.37,     14.64,     14.50,     13.17,      9.87,     13.31,      2.08,      2.84,      6.24,      7.39,      6.72,      6.95,      1.44,      6.11,      2.95,      4.80,      4.80,      6.64,     10.94,     10.46,     11.47,     10.93,     11.11,      5.69,      6.88,      6.93,      8.70,      8.78,     12.07,     12.05,     16.60,     16.63,      9.42,     10.18,      9.99,      8.56,     10.67,     10.07,     10.09,     11.76,     12.14,     10.83
  187,    -,      OC,         -,         -,     11.65,      6.10,     12.17,      9.41,      7.54,      6.78,     15.03,      0.81,      0.32,      7.80,      7.66,      7.21,      7.34,      3.66,      6.55,      2.79,      3.92,      3.91,      6.78,     10.67,     11.69,     11.52,     11.26,     11.27,      7.37,      5.88,      6.66,      8.60,      8.51,     10.86,     10.86,     15.56,     15.53,      8.37,      9.15,      8.37,      9.02,     10.91,      9.83,     10.30,     11.63,     11.82,     11.12
  188,    -,      OC,         -,         -,     10.68,      5.68,     19.18,     17.08,     15.13,     10.74,     20.20,      4.06,      4.40,      6.93,      7.62,      6.91,      7.24,      2.33,      7.32,      3.02,      4.51,      4.49,      7.22,     10.66,     10.84,     11.45,     10.91,     11.13,      6.16,      6.42,      6.72,      8.10,      8.09,     11.76,     11.73,     16.11,     16.09,      9.58,     10.32,      9.58,      8.62,     10.57,      9.72,     10.14,     11.57,     11.70,     10.51
  189,    -,      OC,         -,         -,     10.19,      6.01,     13.38,     12.03,     10.55,      7.31,     13.11,      0.28,      0.44,      7.28,      7.84,      7.33,      7.47,      2.79,      6.55,      3.26,      3.79,      3.78,      6.51,     10.75,     10.93,     11.42,     11.04,     11.11,      6.40,      6.79,      6.79,      8.26,      8.23,     10.75,     10.74,     15.30,     15.28,      7.92,      8.69,      8.08,      8.26,     10.28,      9.22,      9.62,     11.00,     11.29,     10.21
  190,    -,      OC,         -,         -,     13.28,      4.11,     11.64,      8.48,      6.78,      3.52,     13.40,      1.84,      1.34,      7.79,      7.72,      7.48,      7.36,      4.03,      6.44,      3.18,      4.48,      4.49,      7.37,     10.62,     12.10,     12.01,     11.93,     11.75,      8.08,      7.08,      7.40,      9.38,      9.35,     11.84,     11.86,     16.33,     16.33,      9.15,     10.12,      9.23,      9.98,     11.69,     10.16,     10.92,     12.11,     12.55,     11.52
  191,    -,      OC,         -,         -,      8.84,      4.51,     15.27,     14.34,     13.31,      9.13,     12.91,      3.85,      4.34,      6.75,      7.66,      7.01,      7.24,      1.96,      7.23,      3.01,      4.03,      4.04,      6.41,     10.38,     10.48,     11.27,     10.77,     10.94,      5.78,      6.39,      6.64,      7.71,      7.74,     10.97,     10.97,     15.53,     15.54,      8.70,      9.32,      8.74,      8.16,     10.25,      9.02,      9.62,     10.86,     10.49,     10.58
  192,    -,      OC,         -,         -,      9.44,      8.01,     16.13,     16.08,     14.77,     10.95,     14.63,      1.55,      2.33,      6.56,      7.73,      7.11,      7.31,      1.65,      6.18,      3.25,      4.81,      4.81,      6.79,     11.12,     10.53,     11.56,     11.04,     11.21,      5.70,      7.08,      7.01,      8.68,      8.75,     12.00,     11.99,     16.44,     16.47,      9.32,     10.07,      9.78,      8.44,     10.52,     10.12,     10.02,     11.73,     11.80,     10.77
  193,    -,      OC,         -,         -,     12.95,      4.99,     15.05,     12.21,     10.57,      7.46,     22.43,      1.01,      1.08,      7.47,      7.96,      7.18,      7.59,      3.14,      7.14,      3.48,      5.92,      5.91,      8.24,     11.52,     11.75,     12.16,     11.52,     11.85,      7.22,      7.43,      7.50,      9.72,      9.68,     13.23,     13.22,     17.06,     17.06,     10.98,     11.80,     11.30,      9.88,     11.84,     11.20,     11.31,     13.15,     13.49,     12.25
  194,    -,      OC,         -,         -,     12.19,      4.08,     16.64,     15.67,     14.34,     10.16,     12.71,      4.57,      4.84,      6.83,      7.57,      6.96,      7.13,      2.73,      6.46,      3.43,      4.59,      4.57,      6.48,     11.43,     11.17,     11.82,     11.36,     11.47,      6.97,      7.44,      7.55,      8.99,      8.98,     12.59,     12.57,     17.79,     17.76,      9.61,     10.46,     10.26,      9.64,     11.56,     10.59,     10.94,     12.57,     12.78,     11.64
  195,    -,      OC,         -,         -,     10.11,      2.51,     14.61,     12.95,     10.78,      7.95,     12.98,      3.07,      3.53,      6.83,      7.70,      7.05,      7.26,      2.13,      7.23,      3.08,      4.96,      4.95,      6.99,     11.00,     10.83,     11.59,     11.10,     11.24,      6.15,      6.63,      6.93,      8.54,      8.58,     11.94,     11.93,     16.50,     16.50,      9.53,     10.32,      9.98,      8.84,     11.02,      9.91,     10.25,     11.77,     11.78,     10.96
  196,    -,      OC,         -,         -,     11.29,      7.72,     13.90,     11.26,      9.41,      8.32,     16.43,      0.48,      0.00,      8.20,      8.08,      7.67,      7.79,      3.93,      6.76,      3.17,      4.01,      4.01,      6.99,     10.96,     11.86,     11.72,     11.48,     11.48,      7.46,      6.17,      6.84,      8.68,      8.58,     10.93,     10.93,     15.63,     15.59,      8.44,      9.17,      8.32,      9.02,     10.87,      9.99,     10.36,     11.75,     12.38,     10.61
  197,    -,      OC,         -,         -,     10.20,      6.11,     14.32,     13.24,     12.00,      8.89,     12.91,      1.31,      1.45,      7.51,      8.00,      7.57,      7.68,      2.90,      6.55,      3.29,      4.14,      4.12,      7.33,     11.14,     11.31,     11.72,     11.44,     11.46,      6.70,      6.64,      7.02,      8.60,      8.57,     11.30,     11.28,     15.83,     15.81,      8.75,      9.51,      8.66,      8.73,     10.63,      9.83,     10.11,     11.64,     11.81,     10.55
  198,    -,      OC,         -,         -,     11.60,      7.92,     15.24,     13.34,     12.22,      9.50,     13.62,      2.42,      2.51,      7.58,      8.04,      7.61,      7.72,      3.30,      6.53,      3.66,      4.53,      4.54,      7.07,     11.27,     11.57,     11.97,     11.68,     11.72,      7.21,      7.36,      7.51,      9.14,      9.13,     11.79,     11.80,     16.65,     16.65,      9.10,      9.84,      9.30,      9.26,     11.16,      9.96,     10.57,     11.86,     11.86,     11.62
  199,    -,      OC,         -,         -,     11.36,      2.57,     13.70,     11.42,     10.16,      6.20,     12.00,      3.21,      3.27,      7.60,      8.02,      7.63,      7.70,      3.06,      6.47,      3.34,      4.89,      4.88,      7.62,     11.23,     11.51,     11.88,     11.63,     11.65,      6.98,      6.89,      7.22,      8.86,      8.86,     11.97,     11.96,     16.37,     16.36,      9.51,     10.15,      9.46,      9.22,     11.17,      9.69,     10.49,     11.80,     11.74,     10.89
  200,    -,      OC,         -,         -,     11.37,      6.66,     12.02,      9.28,      7.53,      5.46,     16.20,      1.43,      1.27,      8.38,      8.58,      8.11,      8.24,      3.73,      7.50,      3.51,      5.33,      5.31,      8.37,     11.60,     12.12,     12.27,     11.96,     11.98,      7.40,      6.72,      7.22,      9.01,      8.97,     11.82,     11.81,     15.85,     15.82,      9.58,     10.35,      9.51,      9.35,     11.29,     10.19,     10.62,     11.95,     11.91,     11.18
  201,    -,      OC,         -,         -,     13.29,      7.36,     13.29,     10.19,      8.17,      7.98,     16.64,      1.25,      0.69,      8.69,      8.50,      8.12,      8.20,      4.69,      6.98,      3.75,      4.85,      4.85,      8.11,     11.69,     12.64,     12.44,     12.22,     12.19,      8.42,      6.98,      7.65,      9.62,      9.52,     12.03,     12.04,     16.56,     16.54,      9.33,     10.24,      9.13,      9.94,     11.64,     10.84,     11.14,     12.57,     12.71,     11.70
  202,    -,      OC,         -,         -,     17.86,      5.99,     14.29,      9.27,      7.40,      5.29,     23.80,      2.51,      1.96,      8.92,      8.75,      8.23,      8.44,      5.30,      8.15,      4.42,      6.97,      6.95,     10.44,     12.72,     13.54,     13.37,     13.01,     13.13,      9.44,      8.81,      8.74,     12.02,     11.86,     14.11,     14.10,     17.63,     17.55,     11.38,     12.59,     11.21,     11.89,     13.76,     12.13,     12.91,     13.70,     13.99,     13.44
  203,    -,      OC,         -,         -,     10.68,      4.53,     12.94,     11.87,     10.61,      8.15,     11.73,      2.26,      2.33,      7.59,      8.07,      7.52,      7.71,      3.02,      6.93,      3.32,      4.50,      4.48,      7.63,     11.36,     11.53,     11.93,     11.56,     11.65,      6.94,      6.68,      7.20,      8.90,      8.89,     11.63,     11.61,     16.16,     16.15,      9.12,      9.91,      9.12,      9.07,     11.02,      9.98,     10.42,     11.86,     11.45,     10.76
  204,    -,      OC,         -,         -,     11.51,      4.87,     11.74,      9.31,      7.89,      5.49,     12.10,      0.65,      0.58,      8.08,      8.33,      8.11,      8.05,      3.48,      6.11,      3.47,      4.70,      4.69,      7.84,     11.42,     11.89,     12.10,     12.01,     11.89,      7.29,      6.81,      7.30,      9.02,      8.98,     11.76,     11.76,     16.19,     16.18,      9.08,      9.82,      8.99,      9.06,     10.90,      9.50,     10.17,     11.48,     11.79,     10.47
  205,    -,      OC,         -,         -,     12.72,      1.33,      8.68,      5.46,      3.91,      2.89,     12.78,      1.34,      1.08,      8.41,      8.51,      7.96,      8.20,      3.92,      7.69,      3.57,      6.04,      6.02,      8.98,     12.21,     12.52,     12.58,     12.23,     12.34,      7.91,      6.90,      7.64,     10.02,     10.01,     13.02,     13.01,     17.44,     17.43,     10.56,     11.43,     10.83,     10.32,     12.52,     11.12,     11.54,     12.92,     13.50,     12.37
MAE,       ,        ,      2.08,      2.58,      1.74,      1.92,      4.19,      4.72,      4.63,      2.94,      2.92,      2.02,      1.98,      1.00,      0.94,      1.08,      1.02,      2.18,      1.20,      2.04,      1.64,      1.64,      1.16,      0.43,      0.45,      0.65,      0.60,      0.56,      1.31,      1.25,      1.05,      0.69,      0.67,      0.46,      0.45,      1.55,      1.55,      0.55,      0.42,      0.64,      0.64,      0.21,      0.35,      0.23,      0.44,      0.48,      0.00
ME,        ,        ,      5.88,      8.14,      6.60,      6.03,     12.91,     13.17,     13.74,     10.38,     15.11,      7.00,      7.17,      3.94,      3.58,      4.27,      3.90,      8.58,      4.68,      8.00,      6.85,      6.85,      3.58,      2.00,      1.71,      2.35,      2.26,      2.10,      4.58,      4.89,      4.03,      2.52,      2.52,      1.67,      1.64,      6.25,      6.23,      1.91,      1.90,      2.29,      2.25,      0.73,      1.28,      1.06,      1.63,      1.79,      0.00 
