$coord
    2.33856742426035      4.18710623507671     -5.42391435146148      f
    1.10747374114356      2.03891642591118     -5.44301501413418      c
    2.49801339020409     -0.00330447794036     -5.52090789672497      n
    1.12226392136435     -2.05712013546521     -5.50646911005346      c
    2.36891555131046     -4.19574183065995     -5.55040095049303      f
   -1.34192385533697     -2.23815337529989     -5.60293479373883      n
   -2.43307283822410     -0.02134329075361     -5.52494039273253      c
   -4.90873882601095     -0.02918371384693     -5.59532339660709      f
   -1.35806247421947      2.20485653551891     -5.53086775513497      n
   -0.10692033522979     -0.11181789674294      0.00175115539640      cl
   -1.20819867809071     -2.19132185577920      5.64035862099549      n
   -2.28614108873072      0.03233884570385      5.56137945515784      c
   -4.76003378392933      0.04151908048842      5.66527223614818      f
   -1.19619567269420      2.25153481607582      5.54112328575071      n
    1.26582502981529      2.06845782051285      5.41279339537586      c
    2.51141292323121      4.20816837087939      5.36548680916181      f
    2.64395146863915      0.01696126781331      5.47222825432043      n
    1.25452893898852     -2.02768334371846      5.49940047022865      c
    2.48833516350929     -4.17418947777384      5.53897997854515      f
$user-defined bonds
$redundant
     number_of_atoms            19
     degrees_of_freedom         51
     internal_coordinates      108
     frozen_coordinates          0
# definitions of redundant internals
   1 k  1.0000000000000 stre   2    1           val=   2.47602
   2 k  0.7071122636384 bend   3    1    2      val=   0.19538
       -0.7070964928870 bend   9    1    2
        0.0026069827583 bend  10    1    2
   3 k -0.0260968726890 bend   3    1    2      val= 103.31519
       -0.0224127528592 bend   9    1    2
        0.9994081357209 bend  10    1    2
   4 k  1.0000000000000 stre   4    5           val=   2.47584
   5 k  0.7071131344177 bend   3    5    4      val=   0.28135
       -0.7070907619429 bend   6    5    4
        0.0036972299016 bend  10    5    4
   6 k -0.0268116124398 bend   3    5    4      val= 103.06813
       -0.0215867682251 bend   6    5    4
        0.9994073988499 bend  10    5    4
   7 k  1.0000000000000 stre   7    8           val=   2.47668
   8 k  0.7071095862086 bend   9    8    7      val=   0.08796
       -0.7071031294388 bend   6    8    7
        0.0010942713671 bend  10    8    7
   9 k -0.0244879215440 bend   9    8    7      val= 104.01023
       -0.0229414752379 bend   6    8    7
        0.9994368566410 bend  10    8    7
  10 k  1.0000000000000 stre  12   13           val=   2.47609
  11 k  0.7071130315081 bend  11   13   12      val=   0.32602
       -0.7070893140212 bend  14   13   12
        0.0039827965532 bend  10   13   12
  12 k -0.0273453347982 bend  11   13   12      val= 103.05533
       -0.0217170232583 bend  14   13   12
        0.9993901158034 bend  10   13   12
  13 k  1.0000000000000 stre  15   16           val=   2.47631
  14 k  0.7071082129064 bend  14   16   15      val=   0.07796
       -0.7071050678327 bend  17   16   15
        0.0006310987088 bend  10   16   15
  15 k -0.0239290786734 bend  14   16   15      val= 104.01384
       -0.0230371670844 bend  17   16   15
        0.9994481918171 bend  10   16   15
  16 k  1.0000000000000 stre  18   19           val=   2.47615
  17 k  0.7071127240783 bend  11   19   18      val=   0.40395
       -0.7070858163796 bend  17   19   18
        0.0046090911599 bend  10   19   18
  18 k -0.0276583649981 bend  11   19   18      val= 103.24542
       -0.0211449367005 bend  17   19   18
        0.9993937694911 bend  10   19   18
  19 k  0.2886751345948 tors   4   10    2    3 val=  89.33438
        0.2886751345948 tors   4   10    2    9
        0.2886751345948 tors   6   10    2    3
        0.2886751345948 tors   6   10    2    9
        0.2886751345948 tors   7   10    2    3
        0.2886751345948 tors   7   10    2    9
        0.2886751345948 tors  14   10    2    3
        0.2886751345948 tors  14   10    2    9
        0.2886751345948 tors  15   10    2    3
        0.2886751345948 tors  15   10    2    9
        0.2886751345948 tors  17   10    2    3
        0.2886751345948 tors  17   10    2    9
  20 k  0.2672612419124 tors   6   10    3    2 val=  87.00824
        0.2672612419124 tors   6   10    3    4
        0.2672612419124 tors   7   10    3    2
        0.2672612419124 tors   7   10    3    4
        0.2672612419124 tors   9   10    3    2
        0.2672612419124 tors   9   10    3    4
        0.2672612419124 tors  14   10    3    2
        0.2672612419124 tors  14   10    3    4
        0.2672612419124 tors  15   10    3    2
        0.2672612419124 tors  15   10    3    4
        0.2672612419124 tors  17   10    3    2
        0.2672612419124 tors  17   10    3    4
        0.2672612419124 tors  18   10    3    2
        0.2672612419124 tors  18   10    3    4
  21 k  0.2886751345948 tors   2   10    4    3 val=  92.01809
        0.2886751345948 tors   2   10    4    6
        0.2886751345948 tors   7   10    4    3
        0.2886751345948 tors   7   10    4    6
        0.2886751345948 tors   9   10    4    3
        0.2886751345948 tors   9   10    4    6
        0.2886751345948 tors  11   10    4    3
        0.2886751345948 tors  11   10    4    6
        0.2886751345948 tors  17   10    4    3
        0.2886751345948 tors  17   10    4    6
        0.2886751345948 tors  18   10    4    3
        0.2886751345948 tors  18   10    4    6
  22 k  0.2886751345948 tors   2   10    6    4 val=  90.53767
        0.2886751345948 tors   2   10    6    7
        0.2886751345948 tors   3   10    6    4
        0.2886751345948 tors   3   10    6    7
        0.2886751345948 tors   9   10    6    4
        0.2886751345948 tors   9   10    6    7
        0.2886751345948 tors  11   10    6    4
        0.2886751345948 tors  11   10    6    7
        0.2886751345948 tors  12   10    6    4
        0.2886751345948 tors  12   10    6    7
        0.2886751345948 tors  18   10    6    4
        0.2886751345948 tors  18   10    6    7
  23 k  0.2886751345948 tors   2   10    7    6 val=  88.32338
        0.2886751345948 tors   2   10    7    9
        0.2886751345948 tors   3   10    7    6
        0.2886751345948 tors   3   10    7    9
        0.2886751345948 tors   4   10    7    6
        0.2886751345948 tors   4   10    7    9
        0.2886751345948 tors  11   10    7    6
        0.2886751345948 tors  11   10    7    9
        0.2886751345948 tors  12   10    7    6
        0.2886751345948 tors  12   10    7    9
        0.2886751345948 tors  14   10    7    6
        0.2886751345948 tors  14   10    7    9
  24 k  0.2672612419124 tors   3   10    9    2 val= 117.41257
        0.2672612419124 tors   3   10    9    7
        0.2672612419124 tors   4   10    9    2
        0.2672612419124 tors   4   10    9    7
        0.2672612419124 tors   6   10    9    2
        0.2672612419124 tors   6   10    9    7
        0.2672612419124 tors  12   10    9    2
        0.2672612419124 tors  12   10    9    7
        0.2672612419124 tors  14   10    9    2
        0.2672612419124 tors  14   10    9    7
        0.2672612419124 tors  15   10    9    2
        0.2672612419124 tors  15   10    9    7
        0.2672612419124 tors  17   10    9    2
        0.2672612419124 tors  17   10    9    7
  25 k  0.2886751345948 tors  12   11   10    4 val=  89.37249
        0.2886751345948 tors  12   11   10    6
        0.2886751345948 tors  12   11   10    7
        0.2886751345948 tors  12   11   10   14
        0.2886751345948 tors  12   11   10   15
        0.2886751345948 tors  12   11   10   17
        0.2886751345948 tors  18   11   10    4
        0.2886751345948 tors  18   11   10    6
        0.2886751345948 tors  18   11   10    7
        0.2886751345948 tors  18   11   10   14
        0.2886751345948 tors  18   11   10   15
        0.2886751345948 tors  18   11   10   17
  26 k  0.2886751345948 tors  11   12   10    6 val=  91.45333
        0.2886751345948 tors  11   12   10    7
        0.2886751345948 tors  11   12   10    9
        0.2886751345948 tors  11   12   10   15
        0.2886751345948 tors  11   12   10   17
        0.2886751345948 tors  11   12   10   18
        0.2886751345948 tors  14   12   10    6
        0.2886751345948 tors  14   12   10    7
        0.2886751345948 tors  14   12   10    9
        0.2886751345948 tors  14   12   10   15
        0.2886751345948 tors  14   12   10   17
        0.2886751345948 tors  14   12   10   18
  27 k  0.2672612419124 tors  12   14   10    2 val=  87.94561
        0.2672612419124 tors  12   14   10    3
        0.2672612419124 tors  12   14   10    7
        0.2672612419124 tors  12   14   10    9
        0.2672612419124 tors  12   14   10   11
        0.2672612419124 tors  12   14   10   17
        0.2672612419124 tors  12   14   10   18
        0.2672612419124 tors  15   14   10    2
        0.2672612419124 tors  15   14   10    3
        0.2672612419124 tors  15   14   10    7
        0.2672612419124 tors  15   14   10    9
        0.2672612419124 tors  15   14   10   11
        0.2672612419124 tors  15   14   10   17
        0.2672612419124 tors  15   14   10   18
  28 k  0.2886751345948 tors  14   15   10    2 val=  90.36597
        0.2886751345948 tors  14   15   10    3
        0.2886751345948 tors  14   15   10    9
        0.2886751345948 tors  14   15   10   11
        0.2886751345948 tors  14   15   10   12
        0.2886751345948 tors  14   15   10   18
        0.2886751345948 tors  17   15   10    2
        0.2886751345948 tors  17   15   10    3
        0.2886751345948 tors  17   15   10    9
        0.2886751345948 tors  17   15   10   11
        0.2886751345948 tors  17   15   10   12
        0.2886751345948 tors  17   15   10   18
  29 k  0.2672612419124 tors  15   17   10    2 val= 118.49217
        0.2672612419124 tors  15   17   10    3
        0.2672612419124 tors  15   17   10    4
        0.2672612419124 tors  15   17   10    9
        0.2672612419124 tors  15   17   10   11
        0.2672612419124 tors  15   17   10   12
        0.2672612419124 tors  15   17   10   14
        0.2672612419124 tors  18   17   10    2
        0.2672612419124 tors  18   17   10    3
        0.2672612419124 tors  18   17   10    4
        0.2672612419124 tors  18   17   10    9
        0.2672612419124 tors  18   17   10   11
        0.2672612419124 tors  18   17   10   12
        0.2672612419124 tors  18   17   10   14
  30 k  0.2886751345948 tors  11   18   10    3 val=  87.86530
        0.2886751345948 tors  11   18   10    4
        0.2886751345948 tors  11   18   10    6
        0.2886751345948 tors  11   18   10   12
        0.2886751345948 tors  11   18   10   14
        0.2886751345948 tors  11   18   10   15
        0.2886751345948 tors  17   18   10    3
        0.2886751345948 tors  17   18   10    4
        0.2886751345948 tors  17   18   10    6
        0.2886751345948 tors  17   18   10   12
        0.2886751345948 tors  17   18   10   14
        0.2886751345948 tors  17   18   10   15
  31 k  1.0000000000000 stre   2    3           val=   2.47191
  32 k  1.0000000000000 stre   2    9           val=   2.47268
  33 k  1.0000000000000 stre   2   10           val=   5.97879
  34 k  1.0000000000000 stre   3   10           val=   6.10714
  35 k  1.0000000000000 stre   9   10           val=   6.12717
  36 k  1.0000000000000 bend   9    3    2      val= 127.96914
  37 k  1.0000000000000 stre   3    4           val=   2.47205
  38 k  1.0000000000000 stre   4   10           val=   5.96955
  39 k  1.0000000000000 bend   2    4    3      val= 111.90983
  40 k  1.0000000000000 stre   4    6           val=   2.47271
  41 k  1.0000000000000 stre   6   10           val=   6.12038
  42 k  1.0000000000000 bend   6    3    4      val= 127.96648
  43 k  1.0000000000000 stre   6    7           val=   2.47203
  44 k  1.0000000000000 stre   7   10           val=   5.99696
  45 k  1.0000000000000 bend   4    7    6      val= 111.90024
  46 k  1.0000000000000 stre   7    9           val=   2.47217
  47 k  1.0000000000000 bend   6    9    7      val= 127.98949
  48 k  1.0000000000000 bend   2    7    9      val= 111.90514
  49 k  1.0000000000000 stre  10   11           val=   6.10991
  50 k  1.0000000000000 stre  10   12           val=   5.97321
  51 k  1.0000000000000 stre  11   12           val=   2.47242
  52 k  1.0000000000000 stre  10   14           val=   6.12018
  53 k  1.0000000000000 stre  12   14           val=   2.47249
  54 k  1.0000000000000 stre  10   15           val=   5.99311
  55 k  1.0000000000000 stre  14   15           val=   2.47215
  56 k  1.0000000000000 stre  10   17           val=   6.12454
  57 k  1.0000000000000 stre  15   17           val=   2.47213
  58 k  1.0000000000000 stre  10   18           val=   5.97898
  59 k  1.0000000000000 stre  11   18           val=   2.47218
  60 k  1.0000000000000 stre  17   18           val=   2.47221
  61 k  0.0056218397081 bend   4    2   10      val=  28.09784
       -0.0032494759184 bend   6    2   10
       -0.0108239623489 bend   6    3   10
        0.0045865630235 bend   7    2   10
       -0.0001830932519 bend   7    3   10
       -0.0070523546915 bend   7    4   10
        0.0132464379560 bend   9    3   10
        0.0003360225222 bend   9    4   10
       -0.0107703894525 bend   9    6   10
       -0.2488433896468 bend  11    4   10
       -0.2951910768753 bend  11    6   10
       -0.2607319666320 bend  11    7   10
       -0.2604277819648 bend  12    6   10
       -0.1427765740722 bend  12    7   10
        0.0227834039493 bend  12    9   10
        0.2638925434528 bend  14    2   10
        0.3055640313196 bend  14    3   10
        0.0232542441453 bend  14    7   10
        0.1634970011794 bend  14    9   10
       -0.0092073166733 bend  14   11   10
        0.2995643588132 bend  15    2   10
        0.2657178244371 bend  15    3   10
        0.2631880138830 bend  15    9   10
       -0.0009013316517 bend  15   11   10
        0.0067925426904 bend  15   12   10
        0.2662974639497 bend  17    2   10
        0.1712344098386 bend  17    3   10
        0.0355679333243 bend  17    4   10
        0.3051679239590 bend  17    9   10
       -0.0090873871101 bend  17   11   10
        0.0013838384944 bend  17   12   10
        0.0139118164158 bend  17   14   10
        0.0361755743753 bend  18    3   10
       -0.1262416101465 bend  18    4   10
       -0.2478770992397 bend  18    6   10
       -0.0064260309287 bend  18   12   10
        0.0012101169036 bend  18   14   10
        0.0068404357387 bend  18   15   10
  62 k  0.0054956193716 bend   4    2   10      val=   1.05818
        0.0001473462720 bend   6    2   10
        0.0077196089388 bend   6    3   10
       -0.0058456774897 bend   7    2   10
        0.0045260602695 bend   7    3   10
       -0.0002392036783 bend   7    4   10
       -0.0007329228168 bend   9    3   10
       -0.0052266236200 bend   9    4   10
       -0.0073147596054 bend   9    6   10
        0.1848865994378 bend  11    4   10
        0.0128828539806 bend  11    6   10
       -0.1619951711397 bend  11    7   10
       -0.1629527464490 bend  12    6   10
       -0.3020749733816 bend  12    7   10
       -0.3319122569258 bend  12    9   10
       -0.1621589978220 bend  14    2   10
        0.0019116660686 bend  14    3   10
       -0.3310948280103 bend  14    7   10
       -0.2781158644678 bend  14    9   10
       -0.0075996045267 bend  14   11   10
       -0.0031895795926 bend  15    2   10
        0.1569671514263 bend  15    3   10
       -0.1623586504339 bend  15    9   10
        0.0005665682653 bend  15   11   10
       -0.0043889134558 bend  15   12   10
        0.1563798868804 bend  17    2   10
        0.2717769064404 bend  17    3   10
        0.3292410941886 bend  17    4   10
        0.0006406157478 bend  17    9   10
        0.0088186061197 bend  17   11   10
        0.0064903793390 bend  17   12   10
        0.0006255965829 bend  17   14   10
        0.3302588438985 bend  18    3   10
        0.3109326060824 bend  18    4   10
        0.1849686880316 bend  18    6   10
        0.0006337345239 bend  18   12   10
       -0.0049459748542 bend  18   14   10
        0.0054823918425 bend  18   15   10
  63 k  0.2191004326132 bend   4    2   10      val=   0.18061
        0.2614470486770 bend   6    2   10
        0.2253905486747 bend   6    3   10
        0.2180343602445 bend   7    2   10
        0.2615517161481 bend   7    3   10
        0.2166832965384 bend   7    4   10
        0.2256951482530 bend   9    3   10
        0.2609260178334 bend   9    4   10
        0.2231369884867 bend   9    6   10
       -0.0027421374246 bend  11    4   10
       -0.0005330506828 bend  11    6   10
        0.0019131235542 bend  11    7   10
       -0.0038560347973 bend  12    6   10
       -0.0006383598936 bend  12    7   10
       -0.0193721395164 bend  12    9   10
       -0.0019378419673 bend  14    2   10
       -0.0068216135036 bend  14    3   10
        0.0188183492457 bend  14    7   10
        0.0001878471159 bend  14    9   10
       -0.2245310600026 bend  14   11   10
        0.0005494952116 bend  15    2   10
       -0.0024810643279 bend  15    3   10
        0.0029870038529 bend  15    9   10
       -0.2614280782103 bend  15   11   10
       -0.2177949941966 bend  15   12   10
        0.0046891863251 bend  17    2   10
        0.0009761862199 bend  17    3   10
        0.0195404353871 bend  17    4   10
        0.0097828540071 bend  17    9   10
       -0.2258276583967 bend  17   11   10
       -0.2617348354041 bend  17   12   10
       -0.2244833495230 bend  17   14   10
       -0.0178793318555 bend  18    3   10
        0.0004766781748 bend  18    4   10
        0.0023154952977 bend  18    6   10
       -0.2181866550851 bend  18   12   10
       -0.2612446942995 bend  18   14   10
       -0.2180309262062 bend  18   15   10
  64 k -0.1525902124648 bend   4    2   10      val=  48.68539
       -0.1810514596051 bend   6    2   10
       -0.1606116323022 bend   6    3   10
       -0.1536442316421 bend   7    2   10
       -0.1854588173409 bend   7    3   10
       -0.1639949396661 bend   7    4   10
       -0.1416122061311 bend   9    3   10
       -0.1846139603331 bend   9    4   10
       -0.1612026213581 bend   9    6   10
        0.1805362528132 bend  11    4   10
        0.2153916674588 bend  11    6   10
        0.1839665688347 bend  11    7   10
        0.1835289479633 bend  12    6   10
        0.2055270925153 bend  12    7   10
        0.1534884215914 bend  12    9   10
        0.1332611314963 bend  14    2   10
        0.0757659475505 bend  14    3   10
        0.1516800442829 bend  14    7   10
        0.1677661812356 bend  14    9   10
       -0.1621396341141 bend  14   11   10
        0.1463513040146 bend  15    2   10
        0.1305077637096 bend  15    3   10
        0.1317910336797 bend  15    9   10
       -0.1807755321739 bend  15   11   10
       -0.1534456655697 bend  15   12   10
        0.1299851089910 bend  17    2   10
        0.1633656453663 bend  17    3   10
        0.1469111009086 bend  17    4   10
        0.0743717839056 bend  17    9   10
       -0.1601873395977 bend  17   11   10
       -0.1850303963609 bend  17   12   10
       -0.1399678687008 bend  17   14   10
        0.1477846512683 bend  18    3   10
        0.1987177465732 bend  18    4   10
        0.1797477499557 bend  18    6   10
       -0.1649671404556 bend  18   12   10
       -0.1842116673188 bend  18   14   10
       -0.1511638528011 bend  18   15   10
  65 k  0.0532675704849 bend   4    2   10      val=   0.11218
        0.2936487213349 bend   6    2   10
        0.1186363030217 bend   6    3   10
        0.1667022863436 bend   7    2   10
       -0.0522733318597 bend   7    3   10
       -0.1696762955353 bend   7    4   10
       -0.1758158207921 bend   9    3   10
       -0.2403876034945 bend   9    4   10
        0.0087486435637 bend   9    6   10
       -0.0359529906378 bend  11    4   10
       -0.2797019007813 bend  11    6   10
       -0.1525405738519 bend  11    7   10
       -0.1265952811976 bend  12    6   10
        0.0605334036394 bend  12    7   10
        0.1932069908634 bend  12    9   10
       -0.0523654221926 bend  14    2   10
       -0.0021953840129 bend  14    3   10
        0.1683861936961 bend  14    7   10
        0.2352352129711 bend  14    9   10
        0.0361341997226 bend  14   11   10
       -0.3055495512806 bend  15    2   10
       -0.1299675627233 bend  15    3   10
       -0.0240675384809 bend  15    9   10
        0.2916352125643 bend  15   11   10
        0.1381345193873 bend  15   12   10
       -0.1578758767155 bend  17    2   10
        0.0478338395092 bend  17    3   10
        0.1551042701260 bend  17    4   10
       -0.0025514606747 bend  17    9   10
        0.1440936581650 bend  17   11   10
       -0.0532840347593 bend  17   12   10
       -0.1523230896030 bend  17   14   10
        0.1785742891694 bend  18    3   10
        0.2458739243327 bend  18    4   10
       -0.0108016902514 bend  18    6   10
       -0.1945975481365 bend  18   12   10
       -0.2389442218539 bend  18   14   10
        0.0273743028936 bend  18   15   10
  66 k  0.2006928277169 bend   4    2   10      val=   0.29507
        0.1099721469385 bend   6    2   10
       -0.1427905034618 bend   6    3   10
       -0.0940841550767 bend   7    2   10
       -0.3094534104582 bend   7    3   10
       -0.0475217878430 bend   7    4   10
       -0.0775158853306 bend   9    3   10
        0.2020593032347 bend   9    4   10
        0.1657858218011 bend   9    6   10
       -0.1915772497340 bend  11    4   10
       -0.0981462668050 bend  11    6   10
        0.1076983330099 bend  11    7   10
        0.1324321311974 bend  12    6   10
        0.2989695711636 bend  12    7   10
        0.0545445033907 bend  12    9   10
       -0.1958836567912 bend  14    2   10
        0.0109447915831 bend  14    3   10
        0.0302035750124 bend  14    7   10
       -0.2043769487632 bend  14    9   10
        0.1865961733327 bend  14   11   10
       -0.1171206299546 bend  15    2   10
        0.1337495562183 bend  15    3   10
       -0.1713191308664 bend  15    9   10
        0.1051479636630 bend  15   11   10
       -0.1232716093865 bend  15   12   10
        0.1008587825045 bend  17    2   10
        0.3154743924972 bend  17    3   10
        0.0673020351092 bend  17    4   10
        0.0034500858513 bend  17    9   10
       -0.1142497152218 bend  17   11   10
       -0.3054164468210 bend  17   12   10
       -0.0501766541389 bend  17   14   10
        0.0961662497724 bend  18    3   10
       -0.1960658608806 bend  18    4   10
       -0.1686498648935 bend  18    6   10
       -0.0730845066672 bend  18   12   10
        0.2003119747811 bend  18   14   10
        0.1741577047077 bend  18   15   10
  67 k  0.1984146474414 bend   4    2   10      val=   0.01072
       -0.0052432814048 bend   6    2   10
       -0.2085502284354 bend   6    3   10
        0.2028539017141 bend   7    2   10
        0.0051926399421 bend   7    3   10
        0.2233718858874 bend   7    4   10
       -0.1827460295442 bend   9    3   10
        0.0190031544317 bend   9    4   10
       -0.1992634045852 bend   9    6   10
       -0.1837718877127 bend  11    4   10
        0.0248747305166 bend  11    6   10
       -0.1859792616073 bend  11    7   10
        0.1877682701021 bend  12    6   10
       -0.0238331705628 bend  12    7   10
        0.1741164333884 bend  12    9   10
       -0.1873932931661 bend  14    2   10
        0.0236215497929 bend  14    3   10
       -0.2025863653292 bend  14    7   10
       -0.0011758677857 bend  14    9   10
        0.1719984777648 bend  14   11   10
        0.0258765825070 bend  15    2   10
        0.2274270164290 bend  15    3   10
        0.2154741795064 bend  15    9   10
       -0.0455010772633 bend  15   11   10
       -0.2066668692200 bend  15   12   10
       -0.2242852977915 bend  17    2   10
       -0.0231329755136 bend  17    3   10
       -0.2323144172047 bend  17    4   10
       -0.0219611548016 bend  17    9   10
        0.2074555012626 bend  17   11   10
        0.0416021246653 bend  17   12   10
        0.2117867690656 bend  17   14   10
        0.1992412519557 bend  18    3   10
       -0.0033852299667 bend  18    4   10
        0.2113625649873 bend  18    6   10
       -0.1910586185067 bend  18   12   10
       -0.0147071569365 bend  18   14   10
       -0.2270155308566 bend  18   15   10
  68 k  0.0761554610090 bend   4    2   10      val=   0.15780
        0.0105515958298 bend   6    2   10
       -0.1772214244039 bend   6    3   10
       -0.0825420427510 bend   7    2   10
       -0.2847966312271 bend   7    3   10
       -0.0065544495052 bend   7    4   10
        0.0003732223344 bend   9    3   10
        0.2792433883048 bend   9    4   10
        0.1980328766543 bend   9    6   10
       -0.0624943365263 bend  11    4   10
        0.0093609985003 bend  11    6   10
        0.1011395392646 bend  11    7   10
       -0.1006528858271 bend  12    6   10
       -0.0090299915477 bend  12    7   10
       -0.2304737356565 bend  12    9   10
        0.1966696861129 bend  14    2   10
        0.2733953831115 bend  14    3   10
        0.2321253007390 bend  14    7   10
        0.0104969227893 bend  14    9   10
       -0.2148916325109 bend  14   11   10
       -0.0131819791442 bend  15    2   10
        0.1740490198092 bend  15    3   10
       -0.1974087038569 bend  15    9   10
       -0.0067797381217 bend  15   11   10
        0.1030414008231 bend  15   12   10
       -0.1796501723233 bend  17    2   10
        0.0066893022504 bend  17    3   10
       -0.2098292613124 bend  17    4   10
       -0.2626941396555 bend  17    9   10
        0.1625683667007 bend  17   11   10
        0.2868484273939 bend  17   12   10
       -0.0152067839198 bend  17   14   10
        0.2080548266711 bend  18    3   10
       -0.0070546290978 bend  18    4   10
        0.0651656214046 bend  18    6   10
        0.0207890017908 bend  18   12   10
       -0.2831786842719 bend  18   14   10
       -0.0614105152708 bend  18   15   10
  69 k  0.2241991506726 bend   4    2   10      val=   7.78318
        0.0497954272206 bend   6    2   10
       -0.2111672390870 bend   6    3   10
        0.2388528884750 bend   7    2   10
        0.0019069607833 bend   7    3   10
        0.1874990861239 bend   7    4   10
       -0.1681917333233 bend   9    3   10
       -0.0311469853726 bend   9    4   10
       -0.2342055647228 bend   9    6   10
        0.0575134011550 bend  11    4   10
        0.2899465094643 bend  11    6   10
        0.0490434100003 bend  11    7   10
        0.0052565211624 bend  12    6   10
       -0.2344841395649 bend  12    7   10
       -0.0023893780109 bend  12    9   10
       -0.0551800261099 bend  14    2   10
        0.1428833950068 bend  14    3   10
       -0.0179555466935 bend  14    7   10
        0.2288967900620 bend  14    9   10
       -0.2364690471618 bend  14   11   10
       -0.3130028014784 bend  15    2   10
       -0.0124232202316 bend  15    3   10
        0.0081314725226 bend  15    9   10
       -0.0267645148745 bend  15   11   10
        0.2172684619705 bend  15   12   10
       -0.0454688739761 bend  17    2   10
        0.2161033781396 bend  17    3   10
       -0.0028527313651 bend  17    4   10
        0.1629477721899 bend  17    9   10
       -0.2428463393854 bend  17   11   10
        0.0183942243385 bend  17   12   10
       -0.1392961964067 bend  17   14   10
       -0.0221818348550 bend  18    3   10
       -0.2255093460303 bend  18    4   10
        0.0008667318474 bend  18    6   10
        0.2246873809039 bend  18   12   10
        0.0302996884181 bend  18   14   10
        0.2157378880357 bend  18   15   10
  70 k -0.0440959958526 bend   4    2   10      val=   0.75310
       -0.3658999291143 bend   6    2   10
       -0.1080268273443 bend   6    3   10
       -0.0546140135614 bend   7    2   10
        0.1767397362484 bend   7    3   10
        0.1953821142880 bend   7    4   10
        0.1219073817330 bend   9    3   10
        0.1916737192892 bend   9    4   10
       -0.1059856697979 bend   9    6   10
       -0.2387927781689 bend  11    4   10
        0.0308140705847 bend  11    6   10
       -0.2309310420834 bend  11    7   10
        0.2371934168809 bend  12    6   10
       -0.0242478921276 bend  12    7   10
       -0.0013018143631 bend  12    9   10
        0.2273260563011 bend  14    2   10
        0.0132336953273 bend  14    3   10
       -0.0010077135564 bend  14    7   10
        0.0235868151592 bend  14    9   10
        0.0576748101297 bend  14   11   10
       -0.0336623763524 bend  15    2   10
       -0.2296790003984 bend  15    3   10
       -0.2337089422496 bend  15    9   10
        0.3687636926165 bend  15   11   10
        0.1006700314984 bend  15   12   10
        0.2236039951810 bend  17    2   10
        0.0240848162302 bend  17    3   10
       -0.0138419236032 bend  17    4   10
        0.0170126986382 bend  17    9   10
        0.0594789718832 bend  17   11   10
       -0.1765196838306 bend  17   12   10
       -0.1562762547253 bend  17   14   10
        0.0119882503252 bend  18    3   10
       -0.0244677401421 bend  18    4   10
        0.2454185700667 bend  18    6   10
       -0.1509251576088 bend  18   12   10
       -0.1906179552343 bend  18   14   10
        0.0921795078260 bend  18   15   10
  71 k  0.2416789571028 bend   4    2   10      val=   0.13098
        0.0037260473467 bend   6    2   10
        0.1712294085970 bend   6    3   10
       -0.2396450177413 bend   7    2   10
       -0.1363240003384 bend   7    3   10
       -0.0091036018306 bend   7    4   10
        0.0001876576704 bend   9    3   10
        0.1235015622737 bend   9    4   10
       -0.1790708728096 bend   9    6   10
       -0.2451108156732 bend  11    4   10
       -0.0004225014338 bend  11    6   10
        0.2449286015182 bend  11    7   10
       -0.2427991830150 bend  12    6   10
        0.0018433080848 bend  12    7   10
       -0.1259033100275 bend  12    9   10
       -0.1832884574664 bend  14    2   10
       -0.2788122711265 bend  14    3   10
        0.1272022592526 bend  14    7   10
       -0.0001854291601 bend  14    9   10
        0.1813382443581 bend  14   11   10
        0.0000821110117 bend  15    2   10
       -0.1684101941679 bend  15    3   10
        0.1817623424891 bend  15    9   10
       -0.0033993811172 bend  15   11   10
        0.2389167565886 bend  15   12   10
        0.1697846906331 bend  17    2   10
        0.0013747151569 bend  17    3   10
       -0.1204704488471 bend  17    4   10
        0.2774610474295 bend  17    9   10
       -0.1729685470518 bend  17   11   10
        0.1336675201122 bend  17   12   10
       -0.0001507004952 bend  17   14   10
        0.1217251633484 bend  18    3   10
       -0.0000170747491 bend  18    4   10
        0.2437288815521 bend  18    6   10
        0.0058798023486 bend  18   12   10
       -0.1227351649612 bend  18   14   10
       -0.2400995926028 bend  18   15   10
  72 k  0.1372122314970 bend   4    2   10      val=   0.27670
       -0.0164405578605 bend   6    2   10
       -0.1528387853555 bend   6    3   10
        0.1499971714260 bend   7    2   10
       -0.0048836740818 bend   7    3   10
       -0.3028953909704 bend   7    4   10
        0.2762442214714 bend   9    3   10
        0.0030066978170 bend   9    4   10
       -0.1379427852221 bend   9    6   10
       -0.1399158618116 bend  11    4   10
        0.0011739669591 bend  11    6   10
       -0.1597002588842 bend  11    7   10
        0.1624199477475 bend  12    6   10
        0.0014163135625 bend  12    7   10
       -0.2962326699339 bend  12    9   10
       -0.1338285084977 bend  14    2   10
       -0.0014502797588 bend  14    3   10
        0.2940061691417 bend  14    7   10
       -0.0008635376301 bend  14    9   10
        0.1388120750629 bend  14   11   10
       -0.0000412512678 bend  15    2   10
        0.1396082422528 bend  15    3   10
        0.1341215501796 bend  15    9   10
        0.0153022173937 bend  15   11   10
       -0.1496169501216 bend  15   12   10
       -0.1381597674320 bend  17    2   10
       -0.0001239659142 bend  17    3   10
        0.2817545551964 bend  17    4   10
        0.0061754029179 bend  17    9   10
        0.1485455542914 bend  17   11   10
        0.0039033197367 bend  17   12   10
       -0.2712714437396 bend  17   14   10
       -0.2831958802631 bend  18    3   10
        0.0010853449592 bend  18    4   10
        0.1412571622448 bend  18    6   10
        0.3018594335842 bend  18   12   10
       -0.0031932735779 bend  18   14   10
       -0.1397252819018 bend  18   15   10
  73 k  0.0628414165864 bend   4    2   10      val=  25.65558
        0.0836786667787 bend   6    2   10
       -0.0918805328133 bend   6    3   10
        0.0634745908423 bend   7    2   10
       -0.0056440080128 bend   7    3   10
       -0.2233213474019 bend   7    4   10
        0.4149765464482 bend   9    3   10
        0.0007420525357 bend   9    4   10
       -0.0924181960760 bend   9    6   10
        0.0550535020786 bend  11    4   10
        0.0525323971802 bend  11    6   10
        0.0551673487089 bend  11    7   10
        0.0533574049178 bend  12    6   10
        0.1804904510617 bend  12    7   10
       -0.0712635783507 bend  12    9   10
       -0.0116405389893 bend  14    2   10
        0.3893776780597 bend  14    3   10
       -0.0743575314706 bend  14    7   10
       -0.1273525085287 bend  14    9   10
       -0.0950552739353 bend  14   11   10
       -0.2221355605280 bend  15    2   10
       -0.0252678665309 bend  15    3   10
       -0.0135719340980 bend  15    9   10
        0.0858608913436 bend  15   11   10
        0.0662666308156 bend  15   12   10
       -0.0219472072913 bend  17    2   10
       -0.1339321211200 bend  17    3   10
       -0.0749040816127 bend  17    4   10
        0.3890596166724 bend  17    9   10
       -0.0911227657506 bend  17   11   10
       -0.0040321997276 bend  17   12   10
        0.4170731276796 bend  17   14   10
       -0.0725317842749 bend  18    3   10
        0.1749363891077 bend  18    4   10
        0.0542259879946 bend  18    6   10
       -0.2264380293508 bend  18   12   10
        0.0001173241672 bend  18   14   10
        0.0661870424605 bend  18   15   10
  74 k  0.3468635955234 bend   4    2   10      val=   1.89740
        0.0081102705060 bend   6    2   10
        0.3286034595850 bend   6    3   10
       -0.3391435663388 bend   7    2   10
       -0.0066353717958 bend   7    3   10
        0.0003522882690 bend   7    4   10
        0.0000189276169 bend   9    3   10
        0.0070490767559 bend   9    4   10
       -0.3211773025519 bend   9    6   10
        0.0383748242039 bend  11    4   10
        0.0022580169319 bend  11    6   10
       -0.0318645543214 bend  11    7   10
       -0.0281690332044 bend  12    6   10
        0.1193902793077 bend  12    7   10
       -0.0720432342638 bend  12    9   10
       -0.0344067942637 bend  14    2   10
       -0.0033496820805 bend  14    3   10
       -0.0662906568672 bend  14    7   10
        0.1538203388406 bend  14    9   10
       -0.3214238963805 bend  14   11   10
        0.0037249442159 bend  15    2   10
        0.0390312952618 bend  15    3   10
       -0.0333607655764 bend  15    9   10
        0.0081382696926 bend  15   11   10
       -0.3422334157025 bend  15   12   10
        0.0397335422105 bend  17    2   10
       -0.1485857895704 bend  17    3   10
        0.0663232051859 bend  17    4   10
        0.0020349448183 bend  17    9   10
        0.3314013379820 bend  17   11   10
       -0.0043551966720 bend  17   12   10
       -0.0019044968055 bend  17   14   10
        0.0717590908883 bend  18    3   10
       -0.1163712875416 bend  18    4   10
        0.0345673037163 bend  18    6   10
        0.0038328162005 bend  18   12   10
        0.0061662802711 bend  18   14   10
        0.3469725133798 bend  18   15   10
  75 k -0.2124865149825 bend   4    2   10      val=   0.53588
       -0.0007830251419 bend   6    2   10
       -0.0030065059630 bend   6    3   10
        0.1986884790880 bend   7    2   10
       -0.0596049296578 bend   7    3   10
        0.0105089633006 bend   7    4   10
       -0.0036482033548 bend   9    3   10
        0.0593361536974 bend   9    4   10
        0.0077836780975 bend   9    6   10
        0.2093639864268 bend  11    4   10
        0.0005099913058 bend  11    6   10
       -0.1982213636873 bend  11    7   10
        0.1998901897923 bend  12    6   10
        0.0000227040360 bend  12    7   10
       -0.2975332699607 bend  12    9   10
       -0.0113151841752 bend  14    2   10
       -0.3720926475972 bend  14    3   10
        0.2989758086122 bend  14    7   10
       -0.0001239674729 bend  14    9   10
       -0.0017003607310 bend  14   11   10
       -0.0002388163793 bend  15    2   10
       -0.0068000505683 bend  15    3   10
        0.0134023999727 bend  15    9   10
        0.0003700988485 bend  15   11   10
       -0.1929936535003 bend  15   12   10
        0.0062368381044 bend  17    2   10
        0.0022234571429 bend  17    3   10
       -0.3143081888492 bend  17    4   10
        0.3727601775781 bend  17    9   10
       -0.0008016196367 bend  17   11   10
        0.0610503470295 bend  17   12   10
        0.0047798853395 bend  17   14   10
        0.3157079557817 bend  18    3   10
        0.0014853195937 bend  18    4   10
       -0.2090332962521 bend  18    6   10
       -0.0092594305772 bend  18   12   10
       -0.0573118878923 bend  18   14   10
        0.2068360695566 bend  18   15   10
  76 k -0.2100166058037 bend   4    2   10      val=   3.63047
        0.2183937484949 bend   6    2   10
        0.0404187924566 bend   6    3   10
       -0.2061208099663 bend   7    2   10
       -0.1122784793545 bend   7    3   10
        0.3521112661653 bend   7    4   10
       -0.0334253922512 bend   9    3   10
       -0.1147542473548 bend   9    4   10
        0.0415735504089 bend   9    6   10
        0.1322695521059 bend  11    4   10
       -0.2864189786879 bend  11    6   10
        0.1539809515811 bend  11    7   10
        0.1565421154018 bend  12    6   10
        0.0551563637595 bend  12    7   10
       -0.2018305810844 bend  12    9   10
        0.0277995436177 bend  14    2   10
        0.1590775002220 bend  14    3   10
       -0.2039461647449 bend  14    7   10
        0.1246071715588 bend  14    9   10
        0.0390626530176 bend  14   11   10
       -0.1502611431798 bend  15    2   10
        0.0033945670399 bend  15    3   10
        0.0298372360423 bend  15    9   10
        0.2176444111430 bend  15   11   10
       -0.2026588255675 bend  15   12   10
        0.0069966864589 bend  17    2   10
        0.1195055111759 bend  17    3   10
       -0.1805081120946 bend  17    4   10
        0.1607035585987 bend  17    9   10
        0.0401658369197 bend  17   11   10
       -0.1108910175317 bend  17   12   10
       -0.0319725820865 bend  17   14   10
       -0.1814801768143 bend  18    3   10
        0.0525446332193 bend  18    4   10
        0.1286302577523 bend  18    6   10
        0.3522936667777 bend  18   12   10
       -0.1170786190278 bend  18   14   10
       -0.2134793866779 bend  18   15   10
  77 k -0.1376905239213 bend   4    2   10      val=   0.28083
        0.0065057422210 bend   6    2   10
        0.1341408357728 bend   6    3   10
        0.1141207568591 bend   7    2   10
       -0.1568623444114 bend   7    3   10
        0.0185460671260 bend   7    4   10
        0.0082703304285 bend   9    3   10
        0.1506885025488 bend   9    4   10
       -0.1368605450477 bend   9    6   10
        0.3511751240074 bend  11    4   10
        0.0018513933834 bend  11    6   10
       -0.3305636841911 bend  11    7   10
       -0.3363635974058 bend  12    6   10
        0.1827176608197 bend  12    7   10
        0.1910427933494 bend  12    9   10
       -0.0802790299891 bend  14    2   10
        0.0056087213112 bend  14    3   10
        0.1912408531549 bend  14    7   10
       -0.1682296976065 bend  14    9   10
       -0.1327810646130 bend  14   11   10
       -0.0034508741061 bend  15    2   10
        0.0750161689094 bend  15    3   10
       -0.0650748004269 bend  15    9   10
        0.0084076164753 bend  15   11   10
        0.1286658775751 bend  15   12   10
        0.0720970544375 bend  17    2   10
        0.1732594490997 bend  17    3   10
       -0.2021039030201 bend  17    4   10
        0.0066655887163 bend  17    9   10
        0.1499417870086 bend  17   11   10
       -0.1572299432022 bend  17   12   10
       -0.0114302450137 bend  17   14   10
       -0.2033733264994 bend  18    3   10
       -0.1877711852505 bend  18    4   10
        0.3341046269049 bend  18    6   10
        0.0022093834289 bend  18   12   10
        0.1492736220334 bend  18   14   10
       -0.1358220788453 bend  18   15   10
  78 k -0.1339533958676 bend   4    2   10      val=   0.03003
       -0.0004978650915 bend   6    2   10
       -0.2165780983890 bend   6    3   10
       -0.2159730019682 bend   7    2   10
       -0.0016257825803 bend   7    3   10
        0.3063301096506 bend   7    4   10
        0.3889483151926 bend   9    3   10
        0.0033744247956 bend   9    4   10
       -0.1267576715913 bend   9    6   10
        0.1911732661931 bend  11    4   10
        0.0003504320910 bend  11    6   10
        0.1469415377882 bend  11    7   10
       -0.1256854339201 bend  12    6   10
       -0.0024871026626 bend  12    7   10
        0.0167514693936 bend  12    9   10
       -0.2023363471002 bend  14    2   10
       -0.0022827330868 bend  14    3   10
       -0.0379434943253 bend  14    7   10
        0.0025688076129 bend  14    9   10
        0.1291919344962 bend  14   11   10
        0.0003879568960 bend  15    2   10
        0.1316460964839 bend  15    3   10
        0.2242325305783 bend  15    9   10
        0.0001787958729 bend  15   11   10
        0.2147836815895 bend  15   12   10
       -0.1539006181128 bend  17    2   10
       -0.0020104806072 bend  17    3   10
        0.0002925912244 bend  17    4   10
        0.0010629469446 bend  17    9   10
        0.2153041959407 bend  17   11   10
       -0.0010522734450 bend  17   12   10
       -0.3894859059731 bend  17   14   10
        0.0223129650956 bend  18    3   10
        0.0020198683491 bend  18    4   10
       -0.2123821408731 bend  18    6   10
       -0.3072685571775 bend  18   12   10
       -0.0001687782741 bend  18   14   10
        0.1359717859532 bend  18   15   10
  79 k  0.2887700208247 bend   4    2   10      val=   0.39001
        0.0007619747790 bend   6    2   10
       -0.2250236792808 bend   6    3   10
       -0.2252437351326 bend   7    2   10
        0.0040662008074 bend   7    3   10
       -0.0460973080285 bend   7    4   10
       -0.0628764350433 bend   9    3   10
       -0.0031537789556 bend   9    4   10
        0.2733910681716 bend   9    6   10
        0.2229080189977 bend  11    4   10
        0.0027800734457 bend  11    6   10
       -0.2664774045279 bend  11    7   10
        0.2696431771567 bend  12    6   10
       -0.0044145696788 bend  12    7   10
        0.0090267542174 bend  12    9   10
       -0.2161949526103 bend  14    2   10
       -0.0027658256632 bend  14    3   10
       -0.0012312036330 bend  14    7   10
        0.0030659614508 bend  14    9   10
       -0.2637534671687 bend  14   11   10
        0.0027105662173 bend  15    2   10
       -0.2671887803607 bend  15    3   10
        0.2055703892690 bend  15    9   10
        0.0007917192426 bend  15   11   10
        0.2236127325067 bend  15   12   10
        0.2801231686664 bend  17    2   10
       -0.0040139784041 bend  17    3   10
        0.0038051362480 bend  17    4   10
        0.0004790131444 bend  17    9   10
        0.2170540750456 bend  17   11   10
        0.0058471167993 bend  17   12   10
        0.0624159135978 bend  17   14   10
       -0.0070291590333 bend  18    3   10
        0.0041853891862 bend  18    4   10
       -0.2261951791168 bend  18    6   10
        0.0423844547534 bend  18   12   10
       -0.0054733578165 bend  18   14   10
       -0.2798121243720 bend  18   15   10
  80 k -0.1188505835000 bend   4    2   10      val=  -0.04136
       -0.0108210305222 bend   6    2   10
        0.1476684729193 bend   6    3   10
        0.1358720092383 bend   7    2   10
       -0.1615516613609 bend   7    3   10
       -0.0183336680789 bend   7    4   10
       -0.0160095702311 bend   9    3   10
        0.1730135887379 bend   9    4   10
       -0.1292559906734 bend   9    6   10
       -0.0695474114103 bend  11    4   10
        0.0089645178465 bend  11    6   10
        0.0491241180652 bend  11    7   10
        0.0663196773657 bend  12    6   10
        0.1428771501895 bend  12    7   10
       -0.2006328607620 bend  12    9   10
        0.3389495503141 bend  14    2   10
       -0.0038029994040 bend  14    3   10
       -0.2009734773801 bend  14    7   10
       -0.1380160869624 bend  14    9   10
       -0.1471932633070 bend  14   11   10
       -0.0002578522763 bend  15    2   10
       -0.3507967185389 bend  15    3   10
        0.3382817259011 bend  15    9   10
       -0.0090511513509 bend  15   11   10
        0.1347951249050 bend  15   12   10
       -0.3351122709852 bend  17    2   10
        0.1378629048059 bend  17    3   10
        0.2174203571641 bend  17    4   10
       -0.0044829306238 bend  17    9   10
        0.1436753019249 bend  17   11   10
       -0.1628919240668 bend  17   12   10
        0.0059215959726 bend  17   14   10
        0.2172753990094 bend  18    3   10
       -0.1487275383102 bend  18    4   10
       -0.0659553288430 bend  18    6   10
        0.0007036082089 bend  18   12   10
        0.1724791906668 bend  18   14   10
       -0.1370174673869 bend  18   15   10
  81 k -0.0559323985941 bend   4    2   10      val=   0.37800
        0.0108348320827 bend   6    2   10
        0.1975661905905 bend   6    3   10
        0.0469825578506 bend   7    2   10
        0.0815162915530 bend   7    3   10
        0.0092787662468 bend   7    4   10
        0.0130357277153 bend   9    3   10
       -0.0874453455091 bend   9    4   10
       -0.2024070165468 bend   9    6   10
        0.0505338543492 bend  11    4   10
       -0.0025782838563 bend  11    6   10
       -0.0555517925128 bend  11    7   10
        0.0569558728630 bend  12    6   10
        0.0032002384501 bend  12    7   10
       -0.2208872988689 bend  12    9   10
       -0.2092079248283 bend  14    2   10
        0.4565680361104 bend  14    3   10
        0.2215427888190 bend  14    7   10
       -0.0011963133609 bend  14    9   10
        0.2001961478119 bend  14   11   10
        0.0023420414552 bend  15    2   10
       -0.2129948019778 bend  15    3   10
        0.2100688344543 bend  15    9   10
       -0.0101556555443 bend  15   11   10
       -0.0441807365729 bend  15   12   10
        0.2135540601758 bend  17    2   10
       -0.0017608050510 bend  17    3   10
       -0.2181519816335 bend  17    4   10
       -0.4563623917577 bend  17    9   10
       -0.1997029022503 bend  17   11   10
       -0.0805146712345 bend  17   12   10
       -0.0133031538882 bend  17   14   10
        0.2185041048955 bend  18    3   10
        0.0029660445901 bend  18    4   10
       -0.0485764305112 bend  18    6   10
       -0.0045993663841 bend  18   12   10
        0.0885805406475 bend  18   14   10
        0.0581409274267 bend  18   15   10
  82 k  0.0078453795836 outp   7    4    2   10 val=  -0.08607
       -0.0014282439708 outp   6    3    9   10
       -0.1181574369651 outp  11    4    2   10
       -0.1510633927537 outp  11    6    2   10
       -0.1158880917441 outp   3   11    6   10
       -0.1377779205635 outp  11    7    2   10
       -0.0963395157538 outp  11    7    3   10
       -0.0191279064042 outp  11    7    4   10
       -0.0193414532231 outp  11    9    3   10
        0.0626073629122 outp  11    9    4   10
        0.1158745972049 outp   9    6   11   10
       -0.1162978567380 outp  12    4    2   10
       -0.1510704646513 outp  12    6    2   10
       -0.1362091361333 outp  12    6    3   10
       -0.0677103381432 outp   2   12    7   10
       -0.0927698723650 outp  12    7    3   10
       -0.0632474517975 outp   4   12    7   10
       -0.0205069874306 outp  12    9    3   10
        0.0525186759154 outp  12    9    4   10
        0.1151822957787 outp  12    9    6   10
       -0.1066241561163 outp   4    2   14   10
       -0.1453426963142 outp  14    6    2   10
       -0.1320691439700 outp  14    6    3   10
       -0.0524906930972 outp   7    2   14   10
       -0.0848445141060 outp  14    7    3   10
       -0.0030062639645 outp   4   14    7   10
        0.0382657900282 outp   3   14    9   10
        0.0615507299582 outp   4   14    9   10
        0.0547120741372 outp   6   14    9   10
       -0.1174435459497 outp  11    2   14   10
       -0.1139524033574 outp   3   14   11   10
       -0.1162184753398 outp   4   14   11   10
       -0.1162883527991 outp  14   11    6   10
       -0.1160896472936 outp   7   14   11   10
       -0.0548944618597 outp  11    9   14   10
       -0.0996121553207 outp   4    2   15   10
       -0.1442376423325 outp   6    2   15   10
       -0.1300711239117 outp   6    3   15   10
       -0.1030107987570 outp   7    2   15   10
       -0.0964713426752 outp  15    7    3   10
       -0.0194656517559 outp  15    7    4   10
       -0.0581126689500 outp   9    3   15   10
        0.0628985743604 outp  15    9    4   10
        0.1168662066553 outp   6   15    9   10
       -0.1451601181785 outp  11    2   15   10
       -0.1470749976765 outp   3   15   11   10
       -0.1491721531106 outp   4   15   11   10
       -0.1503281305040 outp   6   15   11   10
       -0.1506267528999 outp   7   15   11   10
       -0.1457961703618 outp   9   15   11   10
       -0.1032686698838 outp  12    2   15   10
       -0.1205184509194 outp  12    3   15   10
       -0.1351361936307 outp   4   15   12   10
       -0.1365578418341 outp   6   15   12   10
       -0.0676850576602 outp  15   12    7   10
       -0.0519985986005 outp  12    9   15   10
       -0.0542729636307 outp   4    2   17   10
       -0.1462986940215 outp  17    6    2   10
       -0.0734041387510 outp   6    3   17   10
       -0.1203832281709 outp   7    2   17   10
       -0.0889952969717 outp   7    3   17   10
       -0.0324555510835 outp   7    4   17   10
       -0.0588841884720 outp   9    3   17   10
        0.0490438541159 outp  17    9    4   10
        0.1125615977773 outp  17    9    6   10
       -0.1313670914954 outp  11    2   17   10
       -0.0741099834079 outp  11    3   17   10
       -0.1341318886269 outp   4   17   11   10
       -0.1147670857048 outp  17   11    6   10
       -0.1353641756350 outp   7   17   11   10
       -0.1318286373703 outp   9   17   11   10
       -0.0960147267683 outp   2   17   12   10
       -0.0893389533511 outp  12    3   17   10
       -0.0870276068342 outp   4   17   12   10
       -0.0951490374154 outp   6   17   12   10
       -0.0916631268269 outp   7   17   12   10
       -0.0837867544075 outp   9   17   12   10
       -0.0574047068704 outp  14    2   17   10
       -0.0586735574982 outp  14    3   17   10
       -0.0181250486819 outp   4   17   14   10
       -0.0181049704044 outp   6   17   14   10
       -0.0194595978605 outp   7   17   14   10
        0.0382061588759 outp  17   14    9   10
        0.0103372305549 outp  17   14   11   10
       -0.0395277959211 outp   2   18    4   10
       -0.1491987317927 outp  18    6    2   10
       -0.1343506991540 outp  18    6    3   10
       -0.1356480348675 outp  18    7    2   10
       -0.0877070664588 outp  18    7    3   10
        0.0315011277005 outp   7    4   18   10
       -0.0191372885409 outp  18    9    3   10
        0.0567967022254 outp  18    9    4   10
        0.1154412041107 outp  18    9    6   10
       -0.0184868819788 outp   2   18   12   10
       -0.0327362867727 outp  12    3   18   10
        0.0318092536252 outp  12    4   18   10
       -0.0180959259662 outp   6   18   12   10
       -0.0629685413497 outp  18   12    7   10
       -0.0031554394781 outp  18   12    9   10
        0.0642208527020 outp   2   18   14   10
        0.0502100467739 outp   3   18   14   10
        0.0576153186298 outp   4   18   14   10
        0.0633674084621 outp   6   18   14   10
        0.0534307590009 outp   7   18   14   10
        0.0616866302088 outp  18   14    9   10
        0.1001829865151 outp  18   15    2   10
        0.0546044898411 outp  18   15    3   10
        0.0390084546271 outp  15    4   18   10
        0.1177916660100 outp   6   18   15   10
        0.1163010815188 outp   7   18   15   10
        0.1069659037882 outp  18   15    9   10
       -0.0013709487724 outp  15   12   18   10
  83 k -0.0047775540505 outp   7    4    2   10 val=  -0.62305
       -0.0093975173066 outp   6    3    9   10
        0.0885312039659 outp  11    4    2   10
        0.0206466592441 outp  11    6    2   10
        0.0094276325537 outp   3   11    6   10
       -0.0535738537133 outp  11    7    2   10
       -0.1160597970088 outp  11    7    3   10
       -0.1466147011035 outp  11    7    4   10
       -0.1433339372844 outp  11    9    3   10
       -0.1375361666767 outp  11    9    4   10
       -0.0247412705447 outp   9    6   11   10
        0.0905288350925 outp  12    4    2   10
        0.0151315916129 outp  12    6    2   10
       -0.0601519405022 outp  12    6    3   10
       -0.0892443283939 outp   2   12    7   10
       -0.1234673092783 outp  12    7    3   10
       -0.1057911770918 outp   4   12    7   10
       -0.1473552495140 outp  12    9    3   10
       -0.1443333136798 outp  12    9    4   10
       -0.0919945155985 outp  12    9    6   10
        0.0805357960489 outp   4    2   14   10
        0.0272938976834 outp  14    6    2   10
       -0.0545825054039 outp  14    6    3   10
        0.0398166605764 outp   7    2   14   10
       -0.1217852880217 outp  14    7    3   10
       -0.1457411462991 outp   4   14    7   10
       -0.0927527199455 outp   3   14    9   10
       -0.1303723438680 outp   4   14    9   10
       -0.0968649466931 outp   6   14    9   10
        0.0821546662181 outp  11    2   14   10
        0.0869830761372 outp   3   14   11   10
        0.0932888165248 outp   4   14   11   10
        0.0249330614908 outp  14   11    6   10
        0.0906313856973 outp   7   14   11   10
        0.0971300182374 outp  11    9   14   10
        0.0171350973336 outp   4    2   15   10
        0.0173518880919 outp   6    2   15   10
       -0.0512669807774 outp   6    3   15   10
        0.0064833173195 outp   7    2   15   10
       -0.1142137742076 outp  15    7    3   10
       -0.1453064672281 outp  15    7    4   10
       -0.0211212271184 outp   9    3   15   10
       -0.1360575748534 outp  15    9    4   10
       -0.0820487101643 outp   6   15    9   10
        0.0173313360975 outp  11    2   15   10
        0.0109788051681 outp   3   15   11   10
        0.0247290672288 outp   4   15   11   10
        0.0196508927577 outp   6   15   11   10
        0.0138394819444 outp   7   15   11   10
        0.0261111289523 outp   9   15   11   10
        0.0066148465273 outp  12    2   15   10
       -0.0529616395403 outp  12    3   15   10
       -0.0573079261672 outp   4   15   12   10
       -0.0543426723059 outp   6   15   12   10
       -0.0889821905839 outp  15   12    7   10
        0.0399988244043 outp  12    9   15   10
       -0.0253090548887 outp   4    2   17   10
        0.0119124245246 outp  17    6    2   10
       -0.0773088621023 outp   6    3   17   10
       -0.0525876916889 outp   7    2   17   10
       -0.1082336424500 outp   7    3   17   10
       -0.1359281215982 outp   7    4   17   10
       -0.0797046200134 outp   9    3   17   10
       -0.1395268984570 outp  17    9    4   10
       -0.0874944641241 outp  17    9    6   10
       -0.0517121620062 outp  11    2   17   10
       -0.0781928779187 outp  11    3   17   10
       -0.0588631655181 outp   4   17   11   10
        0.0091933648373 outp  17   11    6   10
       -0.0605068839138 outp   7   17   11   10
       -0.0555671640178 outp   9   17   11   10
       -0.1155687178266 outp   2   17   12   10
       -0.1089155394464 outp  12    3   17   10
       -0.1255104171294 outp   4   17   12   10
       -0.1162713067597 outp   6   17   12   10
       -0.1233927561977 outp   7   17   12   10
       -0.1225390651790 outp   9   17   12   10
       -0.0201313786036 outp  14    2   17   10
       -0.0791263839958 outp  14    3   17   10
       -0.1465208543349 outp   4   17   14   10
       -0.1426605444030 outp   6   17   14   10
       -0.1465093218597 outp   7   17   14   10
       -0.0926123976784 outp  17   14    9   10
       -0.0093305208595 outp  17   14   11   10
        0.1002645234177 outp   2   18    4   10
        0.0257794818955 outp  18    6    2   10
       -0.0581998737085 outp  18    6    3   10
       -0.0560891042359 outp  18    7    2   10
       -0.1247967189695 outp  18    7    3   10
       -0.1155646582020 outp   7    4   18   10
       -0.1466859818014 outp  18    9    3   10
       -0.1430602795012 outp  18    9    4   10
       -0.0941043527779 outp  18    9    6   10
       -0.1463607952089 outp   2   18   12   10
       -0.1372444402170 outp  12    3   18   10
       -0.1166490369529 outp  12    4   18   10
       -0.1466396402159 outp   6   18   12   10
       -0.1055658002310 outp  18   12    7   10
       -0.1455515487809 outp  18   12    9   10
       -0.1361080413373 outp   2   18   14   10
       -0.1395535420643 outp   3   18   14   10
       -0.1426040326367 outp   4   18   14   10
       -0.1366347566602 outp   6   18   14   10
       -0.1434533975134 outp   7   18   14   10
       -0.1304564553921 outp  18   14    9   10
       -0.0171179832490 outp  18   15    2   10
        0.0257214060425 outp  18   15    3   10
       -0.0990173548038 outp  15    4   18   10
       -0.0873266719865 outp   6   18   15   10
       -0.0892668760253 outp   7   18   15   10
       -0.0808575094866 outp  18   15    9   10
       -0.0138082165892 outp  15   12   18   10
  84 k  0.1633133936374 outp   7    4    2   10 val=  -0.08810
        0.1587238604515 outp   6    3    9   10
       -0.1091346417977 outp  11    4    2   10
       -0.0130903955626 outp  11    6    2   10
       -0.0815345903213 outp   3   11    6   10
        0.0869544561503 outp  11    7    2   10
        0.0798652904927 outp  11    7    3   10
        0.0393299941847 outp  11    7    4   10
        0.1504491938032 outp  11    9    3   10
        0.0881858196981 outp  11    9    4   10
       -0.0698553962288 outp   9    6   11   10
       -0.1539898518998 outp  12    4    2   10
       -0.0869095648731 outp  12    6    2   10
       -0.0978246320665 outp  12    6    3   10
        0.0812687048699 outp   2   12    7   10
        0.0040461748443 outp  12    7    3   10
       -0.0712987775820 outp   4   12    7   10
        0.1037828044195 outp  12    9    3   10
        0.0864752979929 outp  12    9    4   10
        0.0407970956114 outp  12    9    6   10
       -0.0985656687437 outp   4    2   14   10
       -0.0770906868012 outp  14    6    2   10
       -0.1468179357895 outp  14    6    3   10
        0.1078725796506 outp   7    2   14   10
       -0.0782135797521 outp  14    7    3   10
       -0.0816264220247 outp   4   14    7   10
        0.0838049811445 outp   3   14    9   10
        0.0121605445065 outp   4   14    9   10
       -0.0813946024756 outp   6   14    9   10
       -0.1006968024010 outp  11    2   14   10
       -0.1450244278328 outp   3   14   11   10
       -0.1037860967713 outp   4   14   11   10
       -0.0725229470605 outp  14   11    6   10
        0.0508352335673 outp   7   14   11   10
       -0.0771927338173 outp  11    9   14   10
       -0.0800457707823 outp   4    2   15   10
        0.0059117941115 outp   6    2   15   10
       -0.0949421127078 outp   6    3   15   10
        0.0946260069045 outp   7    2   15   10
       -0.0773234175286 outp  15    7    3   10
       -0.1524105314578 outp  15    7    4   10
        0.0961824654706 outp   9    3   15   10
       -0.0811847284057 outp  15    9    4   10
       -0.1059332258366 outp   6   15    9   10
       -0.0099251271062 outp  11    2   15   10
       -0.0770298141044 outp   3   15   11   10
       -0.0822582306715 outp   4   15   11   10
        0.0077484742527 outp   6   15   11   10
        0.0925741091449 outp   7   15   11   10
        0.0745551728578 outp   9   15   11   10
       -0.0871334487116 outp  12    2   15   10
       -0.0871297068260 outp  12    3   15   10
       -0.1493264636775 outp   4   15   12   10
       -0.0999484408497 outp   6   15   12   10
       -0.0887931539601 outp  15   12    7   10
       -0.1016645856559 outp  12    9   15   10
       -0.0964058929151 outp   4    2   17   10
        0.0834942399608 outp  17    6    2   10
       -0.0784408265386 outp   6    3   17   10
        0.1002062698032 outp   7    2   17   10
        0.0094650506873 outp   7    3   17   10
       -0.0849650709722 outp   7    4   17   10
        0.0885755864031 outp   9    3   17   10
       -0.0768517895160 outp  17    9    4   10
       -0.1532987707412 outp  17    9    6   10
        0.0829083680403 outp  11    2   17   10
        0.0719037463446 outp  11    3   17   10
       -0.0455248056422 outp   4   17   11   10
        0.0881454929335 outp  17   11    6   10
        0.1078894682220 outp   7   17   11   10
        0.1461559038673 outp   9   17   11   10
        0.0719740481710 outp   2   17   12   10
       -0.0053678517520 outp  12    3   17   10
       -0.0807447571148 outp   4   17   12   10
       -0.0864862127949 outp   6   17   12   10
       -0.0018188495017 outp   7   17   12   10
        0.0813266908381 outp   9   17   12   10
       -0.1036939972465 outp  14    2   17   10
       -0.0859028196318 outp  14    3   17   10
       -0.1026157341012 outp   4   17   14   10
       -0.1585294494348 outp   6   17   14   10
       -0.1109107897918 outp   7   17   14   10
       -0.0882726000875 outp  17   14    9   10
        0.1524248797114 outp  17   14   11   10
       -0.0899447912902 outp   2   18    4   10
        0.0774426925058 outp  18    6    2   10
        0.0447631330117 outp  18    6    3   10
        0.1505444234248 outp  18    7    2   10
        0.0852269716362 outp  18    7    3   10
       -0.0780127326277 outp   7    4   18   10
        0.1094716644329 outp  18    9    3   10
        0.0080343829026 outp  18    9    4   10
       -0.0975187487589 outp  18    9    6   10
        0.1443556620026 outp   2   18   12   10
        0.0806230841624 outp  12    3   18   10
        0.0735906411861 outp  12    4   18   10
       -0.0480248313653 outp   6   18   12   10
        0.0739963947463 outp  18   12    7   10
        0.0876121973428 outp  18   12    9   10
        0.0789274999687 outp   2   18   14   10
        0.0755795147976 outp   3   18   14   10
       -0.0002085196938 outp   4   18   14   10
       -0.0903573165350 outp   6   18   14   10
       -0.0908020404111 outp   7   18   14   10
       -0.0061412046374 outp  18   14    9   10
       -0.0773170107740 outp  18   15    2   10
       -0.1033241232889 outp  18   15    3   10
       -0.0937948168991 outp  15    4   18   10
       -0.1131793774939 outp   6   18   15   10
       -0.1625115414365 outp   7   18   15   10
       -0.0934664561397 outp  18   15    9   10
        0.1520388813901 outp  15   12   18   10
  85 k  0.0051133419940 outp   7    4    2   10 val=   0.02133
       -0.0099149752625 outp   6    3    9   10
       -0.1218234955223 outp  11    4    2   10
       -0.1508046911101 outp  11    6    2   10
       -0.1125062922952 outp   3   11    6   10
       -0.1337924103712 outp  11    7    2   10
       -0.0669654825408 outp  11    7    3   10
        0.0029993938059 outp  11    7    4   10
       -0.0076071625238 outp  11    9    3   10
        0.0577660972363 outp  11    9    4   10
        0.1104324116564 outp   9    6   11   10
        0.0046477638304 outp  12    4    2   10
       -0.0741398764510 outp  12    6    2   10
       -0.1040075722064 outp  12    6    3   10
       -0.1219481580183 outp   2   12    7   10
       -0.1249964168941 outp  12    7    3   10
       -0.1019023582773 outp   4   12    7   10
       -0.1084430807706 outp  12    9    3   10
       -0.0765752594759 outp  12    9    4   10
       -0.0130501157695 outp  12    9    6   10
        0.1126906950368 outp   4    2   14   10
        0.0808261848382 outp  14    6    2   10
        0.0186073327643 outp  14    6    3   10
        0.0682463614606 outp   7    2   14   10
       -0.0511045216462 outp  14    7    3   10
       -0.1017387667249 outp   4   14    7   10
       -0.0900845786663 outp   3   14    9   10
       -0.1230960317848 outp   4   14    9   10
       -0.0985208821796 outp   6   14    9   10
       -0.1287834727837 outp  11    2   14   10
       -0.0143952871288 outp   3   14   11   10
        0.1013158654701 outp   4   14   11   10
        0.1109533210330 outp  14   11    6   10
       -0.0097954048668 outp   7   14   11   10
       -0.0998509693070 outp  11    9   14   10
        0.1326990805708 outp   4    2   15   10
        0.1567505105329 outp   6    2   15   10
        0.1403018922344 outp   6    3   15   10
        0.1299233828720 outp   7    2   15   10
        0.1017872199737 outp  15    7    3   10
        0.0183590279047 outp  15    7    4   10
        0.0656804334806 outp   9    3   15   10
       -0.0758496692078 outp  15    9    4   10
       -0.1258003017995 outp   6   15    9   10
       -0.1577611362584 outp  11    2   15   10
       -0.0843846490367 outp   3   15   11   10
        0.0798905428538 outp   4   15   11   10
        0.1497778048518 outp   6   15   11   10
        0.0764900161805 outp   7   15   11   10
       -0.0787761301255 outp   9   15   11   10
       -0.1288841287790 outp  12    2   15   10
       -0.1207731749554 outp  12    3   15   10
        0.0077536761871 outp   4   15   12   10
        0.1336047736694 outp   6   15   12   10
        0.1233244176028 outp  15   12    7   10
       -0.0648704494400 outp  12    9   15   10
        0.0825409851976 outp   4    2   17   10
        0.0834118177189 outp  17    6    2   10
        0.1158098849777 outp   6    3   17   10
        0.1213783406952 outp   7    2   17   10
        0.1374986123648 outp   7    3   17   10
        0.1182061933680 outp   7    4   17   10
        0.0947018201020 outp   9    3   17   10
        0.0574620799302 outp  17    9    4   10
       -0.0133671908693 outp  17    9    6   10
       -0.1394269527783 outp  11    2   17   10
       -0.1150245083737 outp  11    3   17   10
       -0.0050088510106 outp   4   17   11   10
        0.1130013448314 outp  17   11    6   10
        0.1057709786073 outp   7   17   11   10
       -0.0156538915367 outp   9   17   11   10
       -0.0991309257434 outp   2   17   12   10
       -0.1379453893474 outp  12    3   17   10
       -0.0714640194671 outp   4   17   12   10
        0.0664213716736 outp   6   17   12   10
        0.1243670946747 outp   7   17   12   10
        0.0532807539177 outp   9   17   12   10
       -0.0639711216853 outp  14    2   17   10
       -0.0939710015896 outp  14    3   17   10
       -0.0921610792378 outp   4   17   14   10
        0.0072872362483 outp   6   17   14   10
        0.1055465523821 outp   7   17   14   10
        0.0889506431589 outp  17   14    9   10
        0.0087954974469 outp  17   14   11   10
       -0.0991311639304 outp   2   18    4   10
       -0.0810445412797 outp  18    6    2   10
        0.0050685376688 outp  18    6    3   10
       -0.0085267773503 outp  18    7    2   10
        0.0705017989612 outp  18    7    3   10
        0.1059987571541 outp   7    4   18   10
        0.0917819417984 outp  18    9    3   10
        0.1142817128345 outp  18    9    4   10
        0.1013779971668 outp  18    9    6   10
       -0.0149701586277 outp   2   18   12   10
       -0.1200401449905 outp  12    3   18   10
       -0.1077635009816 outp  12    4   18   10
       -0.0034408732422 outp   6   18   12   10
        0.1018230364811 outp  18   12    7   10
        0.1021421001064 outp  18   12    9   10
        0.0795696429160 outp   2   18   14   10
       -0.0575272827494 outp   3   18   14   10
       -0.1145907922958 outp   4   18   14   10
       -0.0575299254737 outp   6   18   14   10
        0.0734117649075 outp   7   18   14   10
        0.1227813394306 outp  18   14    9   10
        0.1325544112535 outp  18   15    2   10
        0.0823394320445 outp  18   15    3   10
       -0.0968596903108 outp  15    4   18   10
       -0.1199405012393 outp   6   18   15   10
        0.0017895560721 outp   7   18   15   10
        0.1114870761854 outp  18   15    9   10
       -0.0159897437035 outp  15   12   18   10
  86 k -0.1023786232090 outp   7    4    2   10 val=   0.24758
        0.0787911664277 outp   6    3    9   10
        0.0684031670037 outp  11    4    2   10
        0.1040497344588 outp  11    6    2   10
        0.0997463965836 outp   3   11    6   10
        0.1123981356647 outp  11    7    2   10
        0.0608471233322 outp  11    7    3   10
       -0.0407695611112 outp  11    7    4   10
        0.0655255657636 outp  11    9    3   10
        0.0196402496017 outp  11    9    4   10
       -0.0010028656513 outp   9    6   11   10
        0.0870881878278 outp  12    4    2   10
        0.0522134894781 outp  12    6    2   10
        0.0672701098073 outp  12    6    3   10
        0.0796063203966 outp   2   12    7   10
        0.0577887014646 outp  12    7    3   10
       -0.0562060805359 outp   4   12    7   10
        0.0303697040253 outp  12    9    3   10
       -0.0782965122060 outp  12    9    4   10
        0.0343791410666 outp  12    9    6   10
        0.1612721728466 outp   4    2   14   10
        0.0234173837604 outp  14    6    2   10
       -0.0084565284070 outp  14    6    3   10
       -0.0144784597405 outp   7    2   14   10
       -0.0254607171235 outp  14    7    3   10
       -0.1927690540031 outp   4   14    7   10
       -0.1089792285461 outp   3   14    9   10
       -0.2130426907112 outp   4   14    9   10
       -0.0952269886940 outp   6   14    9   10
        0.0658133946204 outp  11    2   14   10
        0.0905188010477 outp   3   14   11   10
        0.1722715943072 outp   4   14   11   10
        0.0044001027901 outp  14   11    6   10
        0.0226406724863 outp   7   14   11   10
       -0.0806878729254 outp  11    9   14   10
       -0.0069395009737 outp   4    2   15   10
       -0.0989047134096 outp   6    2   15   10
       -0.1243015953566 outp   6    3   15   10
       -0.0998460883710 outp   7    2   15   10
       -0.0820023666707 outp  15    7    3   10
       -0.1057257858247 outp  15    7    4   10
       -0.0657362298621 outp   9    3   15   10
       -0.0931244595716 outp  15    9    4   10
        0.0406125892065 outp   6   15    9   10
        0.1091688293267 outp  11    2   15   10
        0.0821753227392 outp   3   15   11   10
        0.0316875966845 outp   4   15   11   10
       -0.0932995622106 outp   6   15   11   10
       -0.0630369389793 outp   7   15   11   10
       -0.0162155661868 outp   9   15   11   10
        0.0865527960203 outp  12    2   15   10
        0.0825810813670 outp  12    3   15   10
       -0.0257175073374 outp   4   15   12   10
       -0.1198152365006 outp   6   15   12   10
       -0.0908074850157 outp  15   12    7   10
       -0.0118988441251 outp  12    9   15   10
       -0.0793277361618 outp   4    2   17   10
       -0.0874642308658 outp  17    6    2   10
       -0.0922760345829 outp   6    3   17   10
       -0.0968299953303 outp   7    2   17   10
       -0.0638755432744 outp   7    3   17   10
       -0.0079983952388 outp   7    4   17   10
        0.0021169988546 outp   9    3   17   10
        0.0566008098398 outp  17    9    4   10
        0.0979826569380 outp  17    9    6   10
        0.1171493565582 outp  11    2   17   10
        0.0842531907105 outp  11    3   17   10
       -0.0079139661202 outp   4   17   11   10
       -0.1080301950760 outp  17   11    6   10
       -0.0824704797341 outp   7   17   11   10
        0.0053473712921 outp   9   17   11   10
        0.0712348080199 outp   2   17   12   10
        0.0658818559551 outp  12    3   17   10
       -0.0611117063158 outp   4   17   12   10
       -0.0673580138313 outp   6   17   12   10
       -0.0532960619846 outp   7   17   12   10
        0.0298421160061 outp   9   17   12   10
        0.0696244695352 outp  14    2   17   10
        0.0005625389910 outp  14    3   17   10
       -0.1830353601835 outp   4   17   14   10
       -0.0739069898715 outp   6   17   14   10
       -0.0083224053229 outp   7   17   14   10
        0.1231726565472 outp  17   14    9   10
       -0.1088091016613 outp  17   14   11   10
       -0.1307388865890 outp   2   18    4   10
       -0.0239878710925 outp  18    6    2   10
        0.0061762077778 outp  18    6    3   10
        0.0208104835159 outp  18    7    2   10
        0.0656745591889 outp  18    7    3   10
        0.1434616234021 outp   7    4   18   10
        0.1862069262330 outp  18    9    3   10
        0.2020014713286 outp  18    9    4   10
        0.1702828949799 outp  18    9    6   10
        0.0963626078986 outp   2   18   12   10
        0.0268781900035 outp  12    3   18   10
       -0.1256007387699 outp  12    4   18   10
        0.0341156843596 outp   6   18   12   10
        0.0613868719875 outp  18   12    7   10
        0.1955588414297 outp  18   12    9   10
        0.0767019243839 outp   2   18   14   10
       -0.0417403656465 outp   3   18   14   10
       -0.2006107741583 outp   4   18   14   10
       -0.0346696661544 outp   6   18   14   10
        0.0956584016368 outp   7   18   14   10
        0.2138279680081 outp  18   14    9   10
       -0.0115663961400 outp  18   15    2   10
       -0.0824891587649 outp  18   15    3   10
       -0.1487418323170 outp  15    4   18   10
        0.0425652449056 outp   6   18   15   10
        0.0990612849493 outp   7   18   15   10
        0.1610538719243 outp  18   15    9   10
        0.1157632508602 outp  15   12   18   10
  87 k  0.0486711447476 outp   7    4    2   10 val=   0.03975
        0.0429693716784 outp   6    3    9   10
       -0.1405157110272 outp  11    4    2   10
       -0.1483848382498 outp  11    6    2   10
       -0.0486717177002 outp   3   11    6   10
       -0.1205494444544 outp  11    7    2   10
       -0.0193900671389 outp  11    7    3   10
       -0.0424693512538 outp  11    7    4   10
        0.0336836618891 outp  11    9    3   10
        0.0631562319455 outp  11    9    4   10
        0.1400776001072 outp   9    6   11   10
       -0.0347726299596 outp  12    4    2   10
        0.0253631923187 outp  12    6    2   10
        0.1593116113115 outp  12    6    3   10
        0.1074794200638 outp   2   12    7   10
        0.1811560451575 outp  12    7    3   10
        0.1571272912020 outp   4   12    7   10
        0.1722776271795 outp  12    9    3   10
        0.0809425099325 outp  12    9    4   10
       -0.0085719718740 outp  12    9    6   10
        0.0698581561015 outp   4    2   14   10
        0.1091456063835 outp  14    6    2   10
        0.1166831885824 outp  14    6    3   10
        0.0805771158753 outp   7    2   14   10
        0.0519888265881 outp  14    7    3   10
        0.0252091889656 outp   4   14    7   10
        0.0141155629802 outp   3   14    9   10
       -0.0249240365821 outp   4   14    9   10
       -0.0829763961264 outp   6   14    9   10
       -0.1448574362147 outp  11    2   14   10
       -0.0258893458502 outp   3   14   11   10
        0.0528250634961 outp   4   14   11   10
        0.1382476495701 outp  14   11    6   10
       -0.0006912521129 outp   7   14   11   10
       -0.0778179460769 outp  11    9   14   10
        0.1044637441967 outp   4    2   15   10
        0.1454090548126 outp   6    2   15   10
        0.0957623433752 outp   6    3   15   10
        0.0281499969716 outp   7    2   15   10
       -0.0713498064767 outp  15    7    3   10
       -0.0772902525423 outp  15    7    4   10
       -0.0670282525303 outp   9    3   15   10
       -0.0534827120962 outp  15    9    4   10
       -0.1460913939390 outp   6   15    9   10
       -0.1541733264982 outp  11    2   15   10
       -0.0197980320024 outp   3   15   11   10
        0.0523090236765 outp   4   15   11   10
        0.1392539611393 outp   6   15   11   10
       -0.0217776500307 outp   7   15   11   10
       -0.1115747423423 outp   9   15   11   10
       -0.0219488964726 outp  12    2   15   10
        0.1468142440226 outp  12    3   15   10
        0.1143758946883 outp   4   15   12   10
        0.1036207898402 outp   6   15   12   10
       -0.1158709985149 outp  15   12    7   10
       -0.0738641206117 outp  12    9   15   10
        0.0410600189726 outp   4    2   17   10
        0.0213605244272 outp  17    6    2   10
       -0.0455824590924 outp   6    3   17   10
       -0.1322025397856 outp   7    2   17   10
       -0.1885292382655 outp   7    3   17   10
       -0.1784813776146 outp   7    4   17   10
       -0.1155853988065 outp   9    3   17   10
       -0.0308398723252 outp  17    9    4   10
       -0.0311993301643 outp  17    9    6   10
       -0.1133439014986 outp  11    2   17   10
        0.0389870128440 outp  11    3   17   10
       -0.0285371964640 outp   4   17   11   10
        0.0523462212907 outp  17   11    6   10
       -0.1471789263658 outp   7   17   11   10
       -0.1186828984148 outp   9   17   11   10
        0.0649062383464 outp   2   17   12   10
        0.1978955470696 outp  12    3   17   10
        0.1203498884219 outp   4   17   12   10
        0.0158577655140 outp   6   17   12   10
       -0.1717118875368 outp   7   17   12   10
       -0.0495897414146 outp   9   17   12   10
        0.0595456138501 outp  14    2   17   10
        0.1165554099912 outp  14    3   17   10
        0.0314663257595 outp   4   17   14   10
       -0.0421429267184 outp   6   17   14   10
       -0.1695978908504 outp   7   17   14   10
       -0.0165514071477 outp  17   14    9   10
        0.0218062984038 outp  17   14   11   10
       -0.0479708958068 outp   2   18    4   10
       -0.0586673704879 outp  18    6    2   10
        0.0280590545797 outp  18    6    3   10
       -0.1118601822151 outp  18    7    2   10
       -0.1112383633051 outp  18    7    3   10
       -0.0858692598478 outp   7    4   18   10
       -0.0292645943608 outp  18    9    3   10
        0.0196376842832 outp  18    9    4   10
        0.0541087402422 outp  18    9    6   10
        0.0691830869622 outp   2   18   12   10
        0.1817985194405 outp  12    3   18   10
        0.0859042669961 outp  12    4   18   10
        0.0371763927134 outp   6   18   12   10
       -0.1505371215396 outp  18   12    7   10
       -0.0231050553362 outp  18   12    9   10
        0.0514655198296 outp   2   18   14   10
        0.0288422933869 outp   3   18   14   10
       -0.0175865881711 outp   4   18   14   10
       -0.0688543172429 outp   6   18   14   10
       -0.0805191588800 outp   7   18   14   10
        0.0273820812893 outp  18   14    9   10
        0.1073638736136 outp  18   15    2   10
        0.0308810880278 outp  18   15    3   10
       -0.0522815228873 outp  15    4   18   10
       -0.1429428107822 outp   6   18   15   10
       -0.0405901314345 outp   7   18   15   10
        0.0710165938356 outp  18   15    9   10
        0.0770937161535 outp  15   12   18   10
  88 k  0.0295723739581 outp   7    4    2   10 val=   1.43017
       -0.0077356918224 outp   6    3    9   10
       -0.1482391104666 outp  11    4    2   10
       -0.1904615722931 outp  11    6    2   10
       -0.0002428045664 outp   3   11    6   10
       -0.1590352127978 outp  11    7    2   10
        0.0351808356178 outp  11    7    3   10
       -0.0019076830580 outp  11    7    4   10
       -0.0149506526861 outp  11    9    3   10
       -0.0411919981965 outp  11    9    4   10
        0.0255545995152 outp   9    6   11   10
        0.0497833484662 outp  12    4    2   10
       -0.0332760773661 outp  12    6    2   10
        0.1485169359356 outp  12    6    3   10
       -0.0068762306666 outp   2   12    7   10
        0.1680194206182 outp  12    7    3   10
        0.0297098287738 outp   4   12    7   10
        0.1063124756833 outp  12    9    3   10
       -0.0707883670327 outp  12    9    4   10
       -0.0044032661206 outp  12    9    6   10
        0.1462381808410 outp   4    2   14   10
       -0.0762601115385 outp  14    6    2   10
       -0.0281400246872 outp  14    6    3   10
        0.1110781178230 outp   7    2   14   10
        0.0436028852726 outp  14    7    3   10
       -0.1302324214228 outp   4   14    7   10
       -0.0074279010428 outp   3   14    9   10
       -0.1496598409221 outp   4   14    9   10
        0.0240280274782 outp   6   14    9   10
       -0.1568990848803 outp  11    2   14   10
       -0.0013557359049 outp   3   14   11   10
        0.1324438117630 outp   4   14   11   10
       -0.0390519846513 outp  14   11    6   10
        0.0161490915351 outp   7   14   11   10
       -0.0070611961328 outp  11    9   14   10
        0.0300994090114 outp   4    2   15   10
       -0.1939276188093 outp   6    2   15   10
       -0.1724497338506 outp   6    3   15   10
        0.0370845033505 outp   7    2   15   10
        0.0384552688606 outp  15    7    3   10
        0.0003664783737 outp  15    7    4   10
       -0.0957621929161 outp   9    3   15   10
       -0.0395582373939 outp  15    9    4   10
        0.1714284430043 outp   6   15    9   10
       -0.1823038918084 outp  11    2   15   10
       -0.0404532247677 outp   3   15   11   10
       -0.0316835892772 outp   4   15   11   10
       -0.2017989346085 outp   6   15   11   10
       -0.0236222692332 outp   7   15   11   10
       -0.0669605872551 outp   9   15   11   10
        0.0325591527400 outp  12    2   15   10
        0.1693753524624 outp  12    3   15   10
        0.0491066449174 outp   4   15   12   10
       -0.1630483596616 outp   6   15   12   10
        0.0016087017906 outp  15   12    7   10
        0.1098588710147 outp  12    9   15   10
        0.1141426895446 outp   4    2   17   10
       -0.0582685494691 outp  17    6    2   10
       -0.0206101339788 outp   6    3   17   10
        0.1705640763380 outp   7    2   17   10
        0.1590566559844 outp   7    3   17   10
        0.1307120337024 outp   7    4   17   10
       -0.0146951143330 outp   9    3   17   10
       -0.0500394560478 outp  17    9    4   10
        0.0150178592743 outp  17    9    6   10
       -0.1670300279770 outp  11    2   17   10
       -0.0171959496180 outp  11    3   17   10
        0.0090396103902 outp   4   17   11   10
       -0.0196114032540 outp  17   11    6   10
        0.1514920799922 outp   7   17   11   10
       -0.0284119972258 outp   9   17   11   10
        0.0318443652696 outp   2   17   12   10
        0.1551208552576 outp  12    3   17   10
        0.0698066197994 outp   4   17   12   10
        0.0324144788097 outp   6   17   12   10
        0.1714175007157 outp   7   17   12   10
        0.0347208436799 outp   9   17   12   10
       -0.0897923377907 outp  14    2   17   10
       -0.0084911054303 outp  14    3   17   10
       -0.1183518187343 outp   4   17   14   10
       -0.0040785606470 outp   6   17   14   10
        0.1113023118578 outp   7   17   14   10
       -0.0066324232649 outp  17   14    9   10
        0.0202296538757 outp  17   14   11   10
       -0.0075010858368 outp   2   18    4   10
       -0.0424847624386 outp  18    6    2   10
        0.0072575469368 outp  18    6    3   10
        0.0503585635959 outp  18    7    2   10
        0.0808915971231 outp  18    7    3   10
       -0.0155353015769 outp   7    4   18   10
       -0.1135979112183 outp  18    9    3   10
       -0.1510420702245 outp  18    9    4   10
       -0.1235767195965 outp  18    9    6   10
        0.0002017874519 outp   2   18   12   10
        0.1244048094605 outp  12    3   18   10
       -0.0297432156405 outp  12    4   18   10
        0.0089494947994 outp   6   18   12   10
        0.0412156220285 outp  18   12    7   10
       -0.1255000403938 outp  18   12    9   10
       -0.0298979180178 outp   2   18   14   10
       -0.0490962708479 outp   3   18   14   10
       -0.1577637716061 outp   4   18   14   10
       -0.0213382869861 outp   6   18   14   10
       -0.0600966123375 outp   7   18   14   10
       -0.1424235495645 outp  18   14    9   10
       -0.0227791837442 outp  18   15    2   10
       -0.1147317560707 outp  18   15    3   10
       -0.0023618844181 outp  15    4   18   10
        0.1644613164976 outp   6   18   15   10
       -0.0443920414169 outp   7   18   15   10
       -0.1376783418204 outp  18   15    9   10
        0.0082012490884 outp  15   12   18   10
  89 k -0.1044901546737 outp   7    4    2   10 val=   1.70555
        0.0023752671723 outp   6    3    9   10
       -0.0132350972878 outp  11    4    2   10
       -0.0065365501290 outp  11    6    2   10
       -0.1779577742992 outp   3   11    6   10
       -0.0131455370824 outp  11    7    2   10
       -0.1242348081918 outp  11    7    3   10
        0.0141884002920 outp  11    7    4   10
        0.0059351901046 outp  11    9    3   10
        0.1227779916584 outp  11    9    4   10
        0.1550446442671 outp   9    6   11   10
        0.0710551403868 outp  12    4    2   10
        0.2042970892634 outp  12    6    2   10
        0.0292264177755 outp  12    6    3   10
        0.1019830461199 outp   2   12    7   10
       -0.0146420608533 outp  12    7    3   10
        0.0299371993064 outp   4   12    7   10
       -0.0325315677508 outp  12    9    3   10
        0.0207268696646 outp  12    9    4   10
       -0.1009384256725 outp  12    9    6   10
       -0.0366333548023 outp   4    2   14   10
        0.1411000043833 outp  14    6    2   10
        0.0178756870353 outp  14    6    3   10
       -0.1221337550298 outp   7    2   14   10
       -0.1022192550582 outp  14    7    3   10
       -0.0401724518584 outp   4   14    7   10
       -0.0744693105297 outp   3   14    9   10
       -0.0116106287849 outp   4   14    9   10
       -0.1269642261700 outp   6   14    9   10
       -0.0122266395670 outp  11    2   14   10
       -0.0629792043287 outp   3   14   11   10
       -0.0355302838348 outp   4   14   11   10
        0.1429212717990 outp  14   11    6   10
       -0.1302771251711 outp   7   14   11   10
       -0.1340670059927 outp  11    9   14   10
       -0.1879315783513 outp   4    2   15   10
        0.0003746478877 outp   6    2   15   10
        0.0037277798506 outp   6    3   15   10
       -0.2171396966226 outp   7    2   15   10
       -0.1168224087337 outp  15    7    3   10
        0.0013542118741 outp  15    7    4   10
       -0.0116838593563 outp   9    3   15   10
        0.1007746125467 outp  15    9    4   10
       -0.0099426822301 outp   6   15    9   10
       -0.0064863959250 outp  11    2   15   10
       -0.1786793638489 outp   3   15   11   10
       -0.1900870428216 outp   4   15   11   10
        0.0002095593000 outp   6   15   11   10
       -0.2194811505607 outp   7   15   11   10
       -0.1540604460372 outp   9   15   11   10
        0.2042196302533 outp  12    2   15   10
        0.0291057588674 outp  12    3   15   10
       -0.0482655120880 outp   4   15   12   10
        0.0052970565827 outp   6   15   12   10
       -0.1025378986116 outp  15   12    7   10
        0.0942819093725 outp  12    9   15   10
       -0.0740616078209 outp   4    2   17   10
        0.1779160753402 outp  17    6    2   10
        0.1400549603296 outp   6    3   17   10
       -0.0264759953161 outp   7    2   17   10
        0.0283460565705 outp   7    3   17   10
        0.0520616746065 outp   7    4   17   10
        0.1056816203473 outp   9    3   17   10
        0.0739769427183 outp  17    9    4   10
       -0.0583985280085 outp  17    9    6   10
       -0.0117396313537 outp  11    2   17   10
       -0.1401171425558 outp  11    3   17   10
       -0.0821252380872 outp   4   17   11   10
        0.1787974040697 outp  17   11    6   10
       -0.0268714868046 outp   7   17   11   10
       -0.0246465844076 outp   9   17   11   10
        0.1187712478247 outp   2   17   12   10
       -0.0153581332904 outp  12    3   17   10
        0.0366281616345 outp   4   17   12   10
        0.1277505644604 outp   6   17   12   10
        0.0303404321564 outp   7   17   12   10
        0.1015965244948 outp   9   17   12   10
       -0.0027767600345 outp  14    2   17   10
       -0.1113303112996 outp  14    3   17   10
       -0.0449433577305 outp   4   17   14   10
       -0.0071188119375 outp   6   17   14   10
        0.0544218926197 outp   7   17   14   10
        0.0725699291922 outp  17   14    9   10
        0.0583512401572 outp  17   14   11   10
        0.1092969321578 outp   2   18    4   10
        0.2069100228795 outp  18    6    2   10
        0.0902172409438 outp  18    6    3   10
        0.0557641311099 outp  18    7    2   10
       -0.0292540373212 outp  18    7    3   10
       -0.0095470911319 outp   7    4   18   10
        0.0293512722706 outp  18    9    3   10
       -0.0042124193670 outp  18    9    4   10
       -0.0510075168820 outp  18    9    6   10
       -0.0063607393667 outp   2   18   12   10
       -0.0303719071950 outp  12    3   18   10
        0.0229559225053 outp  12    4   18   10
       -0.0068905558898 outp   6   18   12   10
       -0.0257661992510 outp  18   12    7   10
        0.0227008259781 outp  18   12    9   10
       -0.1267315034640 outp   2   18   14   10
       -0.0809777638600 outp   3   18   14   10
       -0.0159748260399 outp   4   18   14   10
       -0.1231009676928 outp   6   18   14   10
       -0.0112691885800 outp   7   18   14   10
       -0.0079229904558 outp  18   14    9   10
       -0.2064757520704 outp  18   15    2   10
       -0.0876845591570 outp  18   15    3   10
        0.0909309832709 outp  15    4   18   10
       -0.0115387022686 outp   6   18   15   10
        0.0801462432808 outp   7   18   15   10
       -0.0524468575801 outp  18   15    9   10
        0.0028454134634 outp  15   12   18   10
  90 k -0.1500656936050 outp   7    4    2   10 val=   3.00927
        0.0182897336433 outp   6    3    9   10
       -0.0537481309182 outp  11    4    2   10
       -0.0511590254712 outp  11    6    2   10
       -0.0474976599239 outp   3   11    6   10
       -0.0364641093486 outp  11    7    2   10
        0.0758899676483 outp  11    7    3   10
        0.0350805937412 outp  11    7    4   10
        0.0188819751924 outp  11    9    3   10
       -0.0583284489137 outp  11    9    4   10
        0.0171383633093 outp   9    6   11   10
        0.1146000907247 outp  12    4    2   10
        0.0663763491976 outp  12    6    2   10
        0.0516462077840 outp  12    6    3   10
       -0.0668323432524 outp   2   12    7   10
        0.0335545674603 outp  12    7    3   10
       -0.1563620056927 outp   4   12    7   10
       -0.0038178142374 outp  12    9    3   10
       -0.1973118397371 outp  12    9    4   10
       -0.1591235818181 outp  12    9    6   10
       -0.0473886548796 outp   4    2   14   10
       -0.0120354781179 outp  14    6    2   10
        0.0515280934338 outp  14    6    3   10
       -0.1742347211151 outp   7    2   14   10
        0.1531234693501 outp  14    7    3   10
        0.0033902088980 outp   4   14    7   10
        0.2027918079346 outp   3   14    9   10
        0.0376370439970 outp   4   14    9   10
        0.0743946710194 outp   6   14    9   10
       -0.0524686579782 outp  11    2   14   10
       -0.1234825653915 outp   3   14   11   10
       -0.0518685584733 outp   4   14   11   10
       -0.0031663771914 outp  14   11    6   10
       -0.2062815586213 outp   7   14   11   10
        0.0641791561596 outp  11    9   14   10
        0.0024069515984 outp   4    2   15   10
        0.0622811542364 outp   6    2   15   10
        0.0312823702708 outp   6    3   15   10
       -0.0678347720685 outp   7    2   15   10
        0.0573558348404 outp  15    7    3   10
       -0.0041619218383 outp  15    7    4   10
       -0.0497400639342 outp   9    3   15   10
       -0.1134163481779 outp  15    9    4   10
       -0.0706179287936 outp   6   15    9   10
       -0.0534815133265 outp  11    2   15   10
       -0.0330450571253 outp   3   15   11   10
       -0.0143085931221 outp   4   15   11   10
        0.0604022022740 outp   6   15   11   10
       -0.0870586551184 outp   7   15   11   10
       -0.0064660301421 outp   9   15   11   10
        0.0432047280297 outp  12    2   15   10
        0.0480134008857 outp  12    3   15   10
       -0.0549663405060 outp   4   15   12   10
        0.0338026875850 outp   6   15   12   10
        0.0570202838090 outp  15   12    7   10
        0.1156152393048 outp  12    9   15   10
       -0.0739160085289 outp   4    2   17   10
        0.0524441708310 outp  17    6    2   10
       -0.0774654648029 outp   6    3   17   10
       -0.0531264003270 outp   7    2   17   10
       -0.0335223399706 outp   7    3   17   10
        0.0148675425443 outp   7    4   17   10
       -0.1627618718994 outp   9    3   17   10
       -0.2071121876489 outp  17    9    4   10
       -0.1343335108621 outp  17    9    6   10
       -0.0335019595578 outp  11    2   17   10
        0.0806617752136 outp  11    3   17   10
       -0.0959251139191 outp   4   17   11   10
        0.0645220320002 outp  17   11    6   10
       -0.0564028975032 outp   7   17   11   10
       -0.0617038305319 outp   9   17   11   10
       -0.0664707075856 outp   2   17   12   10
        0.0386319523069 outp  12    3   17   10
       -0.1548664419499 outp   4   17   12   10
       -0.0720541685913 outp   6   17   12   10
       -0.0264598403654 outp   7   17   12   10
       -0.1585730375179 outp   9   17   12   10
        0.0258146294491 outp  14    2   17   10
        0.1562983190587 outp  14    3   17   10
       -0.0000347464351 outp   4   17   14   10
       -0.0184147891251 outp   6   17   14   10
        0.0203113809753 outp   7   17   14   10
       -0.2136330049590 outp  17   14    9   10
        0.1450910527687 outp  17   14   11   10
       -0.0755959446833 outp   2   18    4   10
        0.0406182998990 outp  18    6    2   10
        0.1130854351237 outp  18    6    3   10
        0.0551038425494 outp  18    7    2   10
        0.1593771823645 outp  18    7    3   10
        0.2144420315810 outp   7    4   18   10
       -0.0051593031038 outp  18    9    3   10
       -0.0386101317541 outp  18    9    4   10
       -0.0558271382592 outp  18    9    6   10
       -0.0070669552314 outp   2   18   12   10
        0.0001470814841 outp  12    3   18   10
       -0.1915376040030 outp  12    4   18   10
       -0.0253609574203 outp   6   18   12   10
        0.1606790400754 outp  18   12    7   10
       -0.0095830065539 outp  18   12    9   10
        0.0768534790159 outp   2   18   14   10
        0.1947622345955 outp   3   18   14   10
        0.0318823082899 outp   4   18   14   10
        0.0649926681738 outp   6   18   14   10
        0.2201863606484 outp   7   18   14   10
       -0.0442437064939 outp  18   14    9   10
       -0.0214133478167 outp  18   15    2   10
       -0.0933317264150 outp  18   15    3   10
       -0.1079219607671 outp  15    4   18   10
       -0.0721378525570 outp   6   18   15   10
        0.1289958576632 outp   7   18   15   10
       -0.0497814374247 outp  18   15    9   10
        0.0169734777145 outp  15   12   18   10
  91 k -0.1571683277440 outp   7    4    2   10 val=   3.55550
        0.0444739927195 outp   6    3    9   10
        0.0051012028382 outp  11    4    2   10
        0.0181628162539 outp  11    6    2   10
       -0.0591810384808 outp   3   11    6   10
        0.0264188895805 outp  11    7    2   10
       -0.0276225095062 outp  11    7    3   10
        0.0405790704357 outp  11    7    4   10
        0.0371201055551 outp  11    9    3   10
       -0.0283344015157 outp  11    9    4   10
       -0.1315689102656 outp   9    6   11   10
        0.1099751327291 outp  12    4    2   10
        0.0616066890578 outp  12    6    2   10
        0.0044057778738 outp  12    6    3   10
        0.0693672267286 outp   2   12    7   10
        0.0127635879275 outp  12    7    3   10
        0.1515736370575 outp   4   12    7   10
        0.0256864869617 outp  12    9    3   10
       -0.0480258137628 outp  12    9    4   10
       -0.0767159625446 outp  12    9    6   10
        0.0227697153650 outp   4    2   14   10
       -0.1531571796305 outp  14    6    2   10
       -0.1915213538574 outp  14    6    3   10
       -0.1518032849252 outp   7    2   14   10
       -0.1519751626257 outp  14    7    3   10
       -0.0069565891709 outp   4   14    7   10
        0.0760893845075 outp   3   14    9   10
       -0.0119346167831 outp   4   14    9   10
        0.0345675591710 outp   6   14    9   10
        0.0056837684666 outp  11    2   14   10
       -0.1078326543491 outp   3   14   11   10
        0.0229049248902 outp   4   14   11   10
       -0.1557661773309 outp  14   11    6   10
       -0.1419548846682 outp   7   14   11   10
        0.0348471551603 outp  11    9   14   10
        0.1608740564037 outp   4    2   15   10
       -0.0064053345269 outp   6    2   15   10
       -0.0392971775039 outp   6    3   15   10
       -0.0991154122077 outp   7    2   15   10
       -0.0858877071764 outp  15    7    3   10
       -0.0254498466462 outp  15    7    4   10
        0.1528289355365 outp   9    3   15   10
       -0.0942770387706 outp  15    9    4   10
       -0.0297808393654 outp   6   15    9   10
        0.0189648609135 outp  11    2   15   10
       -0.0599232834246 outp   3   15   11   10
        0.1672918653579 outp   4   15   11   10
       -0.0047475632924 outp   6   15   11   10
       -0.0925765894581 outp   7   15   11   10
        0.1319096526055 outp   9   15   11   10
        0.0645677469588 outp  12    2   15   10
        0.0090880174485 outp  12    3   15   10
        0.1870138416708 outp   4   15   12   10
       -0.0388879966151 outp   6   15   12   10
       -0.0860963969505 outp  15   12    7   10
        0.0669376056910 outp  12    9   15   10
        0.1862039128632 outp   4    2   17   10
        0.0809156930956 outp  17    6    2   10
        0.0301957020708 outp   6    3   17   10
       -0.0127593758335 outp   7    2   17   10
        0.0067434659514 outp   7    3   17   10
        0.0098961466500 outp   7    4   17   10
        0.1522348681970 outp   9    3   17   10
       -0.0691476540900 outp  17    9    4   10
       -0.1173576450034 outp  17    9    6   10
        0.0271653674166 outp  11    2   17   10
       -0.0325028657960 outp  11    3   17   10
        0.2011351701365 outp   4   17   11   10
        0.0774841812119 outp  17   11    6   10
       -0.0092362267285 outp   7   17   11   10
        0.1740274936829 outp   9   17   11   10
        0.0741735076721 outp   2   17   12   10
        0.0109167814177 outp  12    3   17   10
        0.1637318137740 outp   4   17   12   10
        0.0302212539604 outp   6   17   12   10
        0.0089219292298 outp   7   17   12   10
        0.1469644118966 outp   9   17   12   10
       -0.1891560644848 outp  14    2   17   10
       -0.1631976721861 outp  14    3   17   10
       -0.0051668290801 outp   4   17   14   10
       -0.0482919041842 outp   6   17   14   10
        0.0128310251656 outp   7   17   14   10
       -0.0820049947985 outp  17   14    9   10
        0.1323983378539 outp  17   14   11   10
       -0.0327763198478 outp   2   18    4   10
       -0.1332854714264 outp  18    6    2   10
       -0.1848282613435 outp  18    6    3   10
       -0.1888488614875 outp  18    7    2   10
       -0.1537506881112 outp  18    7    3   10
        0.0708084288529 outp   7    4   18   10
       -0.0105712428292 outp  18    9    3   10
       -0.0031280219888 outp  18    9    4   10
        0.0143827785823 outp  18    9    6   10
        0.0035422949988 outp   2   18   12   10
        0.0267331663842 outp  12    3   18   10
       -0.0315242830104 outp  12    4   18   10
       -0.0321704977162 outp   6   18   12   10
       -0.1436561632269 outp  18   12    7   10
       -0.0096435354518 outp  18   12    9   10
        0.0393946790055 outp   2   18   14   10
        0.0619251511987 outp   3   18   14   10
       -0.0115241816693 outp   4   18   14   10
        0.0232616298303 outp   6   18   14   10
        0.0875730301492 outp   7   18   14   10
       -0.0013638106099 outp  18   14    9   10
        0.1321694777263 outp  18   15    2   10
        0.1611391794535 outp  18   15    3   10
       -0.0832373746924 outp  15    4   18   10
       -0.0311334857940 outp   6   18   15   10
        0.1351087976673 outp   7   18   15   10
        0.0184287539739 outp  18   15    9   10
        0.0395895775952 outp  15   12   18   10
  92 k  0.0396144206140 outp   7    4    2   10 val=   5.35094
       -0.2700984393617 outp   6    3    9   10
        0.0406197459811 outp  11    4    2   10
        0.0007183199001 outp  11    6    2   10
       -0.0250760881771 outp   3   11    6   10
       -0.0407015053895 outp  11    7    2   10
       -0.1918894651714 outp  11    7    3   10
       -0.2139845871987 outp  11    7    4   10
       -0.2114919392926 outp  11    9    3   10
       -0.1934422148411 outp  11    9    4   10
       -0.0353897384963 outp   9    6   11   10
       -0.0468146724730 outp  12    4    2   10
       -0.0086468846342 outp  12    6    2   10
       -0.0104815863514 outp  12    6    3   10
        0.1230522338214 outp   2   12    7   10
       -0.0143910585630 outp  12    7    3   10
       -0.0036331874167 outp   4   12    7   10
        0.0054029572862 outp  12    9    3   10
        0.0051823230658 outp  12    9    4   10
        0.0834932643722 outp  12    9    6   10
       -0.0186061163384 outp   4    2   14   10
       -0.0366649871770 outp  14    6    2   10
        0.0298307510934 outp  14    6    3   10
        0.0248592870156 outp   7    2   14   10
       -0.0557223990200 outp  14    7    3   10
       -0.0269938865268 outp   4   14    7   10
        0.0187235230070 outp   3   14    9   10
        0.0008737113697 outp   4   14    9   10
        0.2216589553249 outp   6   14    9   10
        0.0391755624995 outp  11    2   14   10
        0.0325498951331 outp   3   14   11   10
       -0.0126132787130 outp   4   14   11   10
       -0.0397209251838 outp  14   11    6   10
        0.0547156283857 outp   7   14   11   10
        0.1868279077728 outp  11    9   14   10
       -0.0062580301771 outp   4    2   15   10
        0.0057966229277 outp   6    2   15   10
        0.0615739880488 outp   6    3   15   10
       -0.0039150305852 outp   7    2   15   10
       -0.1472118339831 outp  15    7    3   10
       -0.1722119762841 outp  15    7    4   10
       -0.0031396001379 outp   9    3   15   10
       -0.1480210531569 outp  15    9    4   10
        0.0496856714309 outp   6   15    9   10
       -0.0008417125645 outp  11    2   15   10
       -0.0285807687242 outp   3   15   11   10
       -0.0044664246795 outp   4   15   11   10
        0.0046058101214 outp   6   15   11   10
       -0.0021480218782 outp   7   15   11   10
        0.0319011336343 outp   9   15   11   10
       -0.0073264234292 outp  12    2   15   10
       -0.0183136709699 outp  12    3   15   10
       -0.0487558134092 outp   4   15   12   10
        0.0607057949094 outp   6   15   12   10
       -0.1503324529324 outp  15   12    7   10
       -0.0443378608375 outp  12    9   15   10
       -0.0405873189641 outp   4    2   17   10
        0.0394542788677 outp  17    6    2   10
        0.2224976945713 outp   6    3   17   10
        0.0052961643773 outp   7    2   17   10
       -0.0088957473143 outp   7    3   17   10
       -0.0318722254910 outp   7    4   17   10
        0.0149638356712 outp   9    3   17   10
       -0.0612136337681 outp  17    9    4   10
        0.0188920661875 outp  17    9    6   10
       -0.0413691580018 outp  11    2   17   10
       -0.1843916461358 outp  11    3   17   10
       -0.0689223292236 outp   4   17   11   10
        0.0364411083608 outp  17   11    6   10
       -0.0004242825938 outp   7   17   11   10
       -0.0329347458381 outp   9   17   11   10
        0.1152840711400 outp   2   17   12   10
       -0.0150873061467 outp  12    3   17   10
       -0.0071093033474 outp   4   17   12   10
        0.2243726273728 outp   6   17   12   10
       -0.0129250941476 outp   7   17   12   10
        0.0057354055288 outp   9   17   12   10
       -0.0226501444420 outp  14    2   17   10
       -0.0542211153213 outp  14    3   17   10
       -0.0327230770726 outp   4   17   14   10
        0.2352872557130 outp   6   17   14   10
       -0.0377705598334 outp   7   17   14   10
       -0.0635611976188 outp  17   14    9   10
        0.0031968284529 outp  17   14   11   10
       -0.1383051125411 outp   2   18    4   10
        0.0176783296227 outp  18    6    2   10
        0.1115229703311 outp  18    6    3   10
        0.0617378721453 outp  18    7    2   10
        0.0299037404653 outp  18    7    3   10
        0.0156173800751 outp   7    4   18   10
        0.0319147609101 outp  18    9    3   10
        0.0015374226605 outp  18    9    4   10
       -0.0143324902236 outp  18    9    6   10
        0.1582596277304 outp   2   18   12   10
       -0.0003328620934 outp  12    3   18   10
        0.0042030075860 outp  12    4   18   10
        0.2887789199716 outp   6   18   12   10
        0.0328391543378 outp  18   12    7   10
        0.0259272386211 outp  18   12    9   10
        0.1302734714448 outp   2   18   14   10
        0.0134450054670 outp   3   18   14   10
       -0.0027443717159 outp   4   18   14   10
        0.2296417835525 outp   6   18   14   10
        0.0125808382998 outp   7   18   14   10
       -0.0026142849999 outp  18   14    9   10
       -0.0195215891186 outp  18   15    2   10
       -0.0717335200994 outp  18   15    3   10
       -0.1564424140785 outp  15    4   18   10
        0.0513625899062 outp   6   18   15   10
       -0.0425462689063 outp   7   18   15   10
       -0.0218822803994 outp  18   15    9   10
        0.1891199059141 outp  15   12   18   10
  93 k  0.1632664117613 outp   7    4    2   10 val=  -3.29585
        0.0039906711060 outp   6    3    9   10
       -0.0815095521308 outp  11    4    2   10
       -0.0868652997546 outp  11    6    2   10
        0.0170869390979 outp   3   11    6   10
       -0.0622516002818 outp  11    7    2   10
       -0.0647048734962 outp  11    7    3   10
       -0.0144857999806 outp  11    7    4   10
        0.0138166405158 outp  11    9    3   10
        0.0769319598267 outp  11    9    4   10
       -0.0158544424728 outp   9    6   11   10
        0.1738366427221 outp  12    4    2   10
        0.0857301156694 outp  12    6    2   10
        0.0533589945503 outp  12    6    3   10
       -0.0501416794493 outp   2   12    7   10
       -0.1017125169648 outp  12    7    3   10
        0.0718532953333 outp   4   12    7   10
       -0.2164279958946 outp  12    9    3   10
       -0.1375239477523 outp  12    9    4   10
       -0.1767873958347 outp  12    9    6   10
        0.0119960691504 outp   4    2   14   10
       -0.0084483057763 outp  14    6    2   10
        0.0531946351155 outp  14    6    3   10
        0.1640959396648 outp   7    2   14   10
        0.0322398906658 outp  14    7    3   10
        0.1715961078634 outp   4   14    7   10
       -0.0597952158971 outp   3   14    9   10
        0.0908991306071 outp   4   14    9   10
        0.0468650714841 outp   6   14    9   10
       -0.0827519850199 outp  11    2   14   10
        0.0483538438669 outp   3   14   11   10
       -0.0033482080031 outp   4   14   11   10
        0.0071740361411 outp  14   11    6   10
        0.1177851537579 outp   7   14   11   10
       -0.0473682324348 outp  11    9   14   10
        0.0184884755805 outp   4    2   15   10
       -0.1056048192302 outp   6    2   15   10
       -0.0796720926643 outp   6    3   15   10
        0.0395119820503 outp   7    2   15   10
       -0.0899693385012 outp  15    7    3   10
       -0.0013384632761 outp  15    7    4   10
        0.0466873577000 outp   9    3   15   10
        0.1153645701591 outp  15    9    4   10
        0.1050742670081 outp   6   15    9   10
       -0.0819564512112 outp  11    2   15   10
       -0.0063746101030 outp   3   15   11   10
       -0.0112109365799 outp   4   15   11   10
       -0.1094282383967 outp   6   15   11   10
        0.0140802646355 outp   7   15   11   10
       -0.0042443301260 outp   9   15   11   10
        0.1180572161376 outp  12    2   15   10
        0.0649192925754 outp  12    3   15   10
        0.1100605737404 outp   4   15   12   10
       -0.0760279650935 outp   6   15   12   10
       -0.0642855714682 outp  15   12    7   10
        0.2369642842111 outp  12    9   15   10
        0.1336313748709 outp   4    2   17   10
        0.0186994005703 outp  17    6    2   10
       -0.0297703302292 outp   6    3   17   10
        0.0388034303136 outp   7    2   17   10
       -0.0870556331168 outp   7    3   17   10
       -0.1977814240407 outp   7    4   17   10
        0.0807017416726 outp   9    3   17   10
       -0.0400378623931 outp  17    9    4   10
       -0.0727740647314 outp  17    9    6   10
       -0.0638652031494 outp  11    2   17   10
       -0.0346093347250 outp  11    3   17   10
        0.0942872394134 outp   4   17   11   10
        0.0376106390364 outp  17   11    6   10
        0.0280222442631 outp   7   17   11   10
        0.0711234244207 outp   9   17   11   10
       -0.0730773157331 outp   2   17   12   10
       -0.0801689456616 outp  12    3   17   10
        0.0601145167999 outp   4   17   12   10
       -0.0598849591762 outp   6   17   12   10
       -0.1081011020554 outp   7   17   12   10
        0.0471272471762 outp   9   17   12   10
        0.0362022992178 outp  14    2   17   10
        0.0661537703756 outp  14    3   17   10
        0.1783055025085 outp   4   17   14   10
        0.0062833008212 outp   6   17   14   10
       -0.2029428458975 outp   7   17   14   10
       -0.0768135064367 outp  17   14    9   10
        0.1097919224556 outp  17   14   11   10
       -0.0893998216129 outp   2   18    4   10
       -0.0307594716201 outp  18    6    2   10
        0.0631545298061 outp  18    6    3   10
        0.0687821661288 outp  18    7    2   10
        0.0454030191509 outp  18    7    3   10
       -0.0905638465659 outp   7    4   18   10
        0.1945282812818 outp  18    9    3   10
        0.1375846757473 outp  18    9    4   10
        0.0369976837920 outp  18    9    6   10
       -0.0107136571224 outp   2   18   12   10
       -0.2088101993428 outp  12    3   18   10
       -0.1573205834325 outp  12    4   18   10
       -0.0234123173272 outp   6   18   12   10
        0.0608628130934 outp  18   12    7   10
        0.1918053607745 outp  18   12    9   10
        0.1211417412698 outp   2   18   14   10
       -0.0168180176060 outp   3   18   14   10
        0.1099366302296 outp   4   18   14   10
        0.0837404211107 outp   6   18   14   10
       -0.0725257431823 outp   7   18   14   10
        0.1200712729001 outp  18   14    9   10
       -0.0079700168602 outp  18   15    2   10
       -0.1119667459086 outp  18   15    3   10
        0.0767658560122 outp  15    4   18   10
        0.1047773178511 outp   6   18   15   10
       -0.0843534541264 outp   7   18   15   10
        0.0182883251303 outp  18   15    9   10
       -0.0398506963115 outp  15   12   18   10
  94 k -0.0721003056318 outp   7    4    2   10 val=   0.69160
       -0.1191133819129 outp   6    3    9   10
       -0.1689594576077 outp  11    4    2   10
       -0.0348146856138 outp  11    6    2   10
       -0.0988781097721 outp   3   11    6   10
        0.1096594773162 outp  11    7    2   10
        0.0814549643432 outp  11    7    3   10
        0.1279705623106 outp  11    7    4   10
        0.1912728583579 outp  11    9    3   10
        0.1052724570357 outp  11    9    4   10
       -0.0885850823290 outp   9    6   11   10
       -0.0219501970838 outp  12    4    2   10
       -0.0981849880886 outp  12    6    2   10
       -0.1422551563063 outp  12    6    3   10
        0.0547351365529 outp   2   12    7   10
       -0.1055606939375 outp  12    7    3   10
       -0.0364406977969 outp   4   12    7   10
       -0.0132220013618 outp  12    9    3   10
       -0.0661892911681 outp  12    9    4   10
        0.0736410299109 outp  12    9    6   10
        0.1872071808321 outp   4    2   14   10
        0.0632350131423 outp  14    6    2   10
        0.0712745723380 outp  14    6    3   10
        0.0231262148750 outp   7    2   14   10
       -0.0198570808638 outp  14    7    3   10
       -0.0613648545256 outp   4   14    7   10
        0.0224368293767 outp   3   14    9   10
       -0.1384097140952 outp   4   14    9   10
        0.0938236815228 outp   6   14    9   10
       -0.1682446778796 outp  11    2   14   10
       -0.1042677865346 outp   3   14   11   10
        0.1682913122806 outp   4   14   11   10
        0.0686355950336 outp  14   11    6   10
       -0.0775076429664 outp   7   14   11   10
       -0.1327411898663 outp  11    9   14   10
        0.1054352125118 outp   4    2   15   10
       -0.0163741851749 outp   6    2   15   10
        0.1132795092293 outp   6    3   15   10
       -0.0785183359139 outp   7    2   15   10
        0.0134369069175 outp  15    7    3   10
        0.0602369470748 outp  15    7    4   10
        0.1721792456885 outp   9    3   15   10
        0.0063730334036 outp  15    9    4   10
        0.1414164892955 outp   6   15    9   10
       -0.0288133121834 outp  11    2   15   10
       -0.1005632238437 outp   3   15   11   10
        0.0948169245945 outp   4   15   11   10
       -0.0204701111327 outp   6   15   11   10
       -0.0889894050831 outp   7   15   11   10
        0.0878953727888 outp   9   15   11   10
       -0.0910379030337 outp  12    2   15   10
       -0.1566095415831 outp  12    3   15   10
        0.0368402131043 outp   4   15   12   10
        0.1050444599472 outp   6   15   12   10
        0.0457942740274 outp  15   12    7   10
        0.0140510408912 outp  12    9   15   10
       -0.0011707519454 outp   4    2   17   10
       -0.0976678308216 outp  17    6    2   10
        0.0659289049137 outp   6    3   17   10
       -0.1693739492516 outp   7    2   17   10
       -0.1339030245027 outp   7    3   17   10
       -0.0720607693582 outp   7    4   17   10
        0.0402158377226 outp   9    3   17   10
       -0.0371474448324 outp  17    9    4   10
        0.0685849855679 outp  17    9    6   10
        0.1196608823088 outp  11    2   17   10
        0.1148378191802 outp  11    3   17   10
        0.0738179004409 outp   4   17   11   10
       -0.0912908035065 outp  17   11    6   10
       -0.1548190103018 outp   7   17   11   10
        0.1111293855383 outp   9   17   11   10
        0.0145897172356 outp   2   17   12   10
       -0.0990889800866 outp  12    3   17   10
       -0.0591166345166 outp   4   17   12   10
        0.0431687233221 outp   6   17   12   10
       -0.1376300092907 outp   7   17   12   10
        0.0040498249169 outp   9   17   12   10
        0.1375256669754 outp  14    2   17   10
        0.0272432672687 outp  14    3   17   10
       -0.0425098921017 outp   4   17   14   10
        0.1271105605508 outp   6   17   14   10
       -0.0576435934473 outp   7   17   14   10
        0.0055912125712 outp  17   14    9   10
       -0.0384865281432 outp  17   14   11   10
       -0.0585034410605 outp   2   18    4   10
        0.0907035403257 outp  18    6    2   10
        0.0750295141079 outp  18    6    3   10
        0.0377037596774 outp  18    7    2   10
       -0.0559045177706 outp  18    7    3   10
       -0.0534303445571 outp   7    4   18   10
       -0.0031356849001 outp  18    9    3   10
       -0.1199087380358 outp  18    9    4   10
       -0.1773685810798 outp  18    9    6   10
        0.0725950641195 outp   2   18   12   10
       -0.0298316938233 outp  12    3   18   10
       -0.0448466263223 outp  12    4   18   10
        0.1080943515196 outp   6   18   12   10
       -0.0414249805292 outp  18   12    7   10
       -0.0273774090276 outp  18   12    9   10
        0.0118966487375 outp   2   18   14   10
       -0.0174646896154 outp   3   18   14   10
       -0.1379166621467 outp   4   18   14   10
        0.0671443078622 outp   6   18   14   10
       -0.0794101349902 outp   7   18   14   10
       -0.1235320377607 outp  18   14    9   10
       -0.0976334594295 outp  18   15    2   10
       -0.0045917275268 outp  18   15    3   10
        0.0486148499092 outp  15    4   18   10
        0.1406183209297 outp   6   18   15   10
        0.0102588401413 outp   7   18   15   10
       -0.1949815162773 outp  18   15    9   10
       -0.1349474153074 outp  15   12   18   10
  95 k -0.1543059031225 outp   7    4    2   10 val=  10.61866
        0.0555855733750 outp   6    3    9   10
        0.0636162071067 outp  11    4    2   10
       -0.0237047681845 outp  11    6    2   10
       -0.0250852111929 outp   3   11    6   10
       -0.1004973072638 outp  11    7    2   10
       -0.1090967183372 outp  11    7    3   10
        0.0371614369230 outp  11    7    4   10
       -0.1124585202613 outp  11    9    3   10
       -0.0478930202483 outp  11    9    4   10
        0.0146460865258 outp   9    6   11   10
       -0.0718973778787 outp  12    4    2   10
       -0.1306143449166 outp  12    6    2   10
       -0.1224321205280 outp  12    6    3   10
       -0.0802770870823 outp   2   12    7   10
       -0.0604243069825 outp  12    7    3   10
        0.1866803218922 outp   4   12    7   10
        0.0072021598156 outp  12    9    3   10
        0.1411579662081 outp  12    9    4   10
        0.1142443693374 outp  12    9    6   10
        0.0981959728159 outp   4    2   14   10
        0.0112274611450 outp  14    6    2   10
       -0.0261550219964 outp  14    6    3   10
       -0.1011449845354 outp   7    2   14   10
       -0.0097178653868 outp  14    7    3   10
        0.1390909679697 outp   4   14    7   10
       -0.0470163181917 outp   3   14    9   10
        0.0243580122304 outp   4   14    9   10
       -0.0666461588734 outp   6   14    9   10
        0.0555771440685 outp  11    2   14   10
        0.0431553816399 outp   3   14   11   10
        0.0963338375273 outp   4   14   11   10
        0.0163653197462 outp  14   11    6   10
       -0.0698510008456 outp   7   14   11   10
        0.0541425939957 outp  11    9   14   10
        0.1601697618367 outp   4    2   15   10
       -0.0220303787744 outp   6    2   15   10
       -0.1098285866614 outp   6    3   15   10
       -0.0640965599821 outp   7    2   15   10
       -0.0649276852950 outp  15    7    3   10
        0.0231600806787 outp  15    7    4   10
       -0.0109212209480 outp   9    3   15   10
       -0.0438795627108 outp  15    9    4   10
       -0.0740327361056 outp   6   15    9   10
       -0.0257144168656 outp  11    2   15   10
       -0.0318723398990 outp   3   15   11   10
        0.1506996800971 outp   4   15   11   10
       -0.0210238369776 outp   6   15   11   10
       -0.0725345707349 outp   7   15   11   10
       -0.0198854241094 outp   9   15   11   10
       -0.1234173959982 outp  12    2   15   10
       -0.1093478049756 outp  12    3   15   10
        0.1395036201029 outp   4   15   12   10
       -0.1160019921612 outp   6   15   12   10
       -0.0527150928481 outp  15   12    7   10
       -0.1600845937266 outp  12    9   15   10
        0.2119751428544 outp   4    2   17   10
       -0.0600265092802 outp  17    6    2   10
       -0.1112178612752 outp   6    3   17   10
       -0.0703581539200 outp   7    2   17   10
       -0.0210820846940 outp   7    3   17   10
        0.0194188982406 outp   7    4   17   10
       -0.0308361931476 outp   9    3   17   10
       -0.0061887793642 outp  17    9    4   10
       -0.0024493937125 outp  17    9    6   10
       -0.0976733304640 outp  11    2   17   10
       -0.1030942675063 outp  11    3   17   10
        0.1521497589850 outp   4   17   11   10
       -0.0537115026726 outp  17   11    6   10
       -0.0808718804969 outp   7   17   11   10
       -0.0668841714277 outp   9   17   11   10
       -0.0872389552023 outp   2   17   12   10
       -0.0641655321304 outp  12    3   17   10
        0.1807092999794 outp   4   17   12   10
       -0.1299230329879 outp   6   17   12   10
       -0.0206322454302 outp   7   17   12   10
       -0.0518910339544 outp   9   17   12   10
        0.0392701090129 outp  14    2   17   10
        0.0004403316732 outp  14    3   17   10
        0.1617721563348 outp   4   17   14   10
       -0.1016660800179 outp   6   17   14   10
        0.0421585928143 outp   7   17   14   10
       -0.0113155468310 outp  17   14    9   10
       -0.0421218444254 outp  17   14   11   10
        0.0720391553996 outp   2   18    4   10
        0.1576134159694 outp  18    6    2   10
        0.1383855554775 outp  18    6    3   10
        0.1592759253555 outp  18    7    2   10
        0.1763560265211 outp  18    7    3   10
        0.0893740043093 outp   7    4   18   10
        0.0961211233983 outp  18    9    3   10
       -0.0018293111586 outp  18    9    4   10
       -0.1074145389446 outp  18    9    6   10
        0.0085531591350 outp   2   18   12   10
       -0.0128827134171 outp  12    3   18   10
        0.1468990284604 outp  12    4   18   10
       -0.0063123381848 outp   6   18   12   10
        0.1866563585149 outp  18   12    7   10
        0.0756171850526 outp  18   12    9   10
       -0.0662425894336 outp   2   18   14   10
       -0.0511740272761 outp   3   18   14   10
        0.0395621515478 outp   4   18   14   10
       -0.0719640373620 outp   6   18   14   10
        0.0899890920256 outp   7   18   14   10
       -0.0177091714387 outp  18   14    9   10
       -0.1655097455631 outp  18   15    2   10
       -0.2065748402254 outp  18   15    3   10
       -0.0395494936572 outp  15    4   18   10
       -0.0815442099979 outp   6   18   15   10
        0.0085311558498 outp   7   18   15   10
       -0.1064270173180 outp  18   15    9   10
        0.1765932612754 outp  15   12   18   10
  96 k  0.0514522871375 outp   7    4    2   10 val=  -6.07283
       -0.0350880240523 outp   6    3    9   10
       -0.0542385931873 outp  11    4    2   10
        0.0018157768381 outp  11    6    2   10
       -0.0313515316814 outp   3   11    6   10
        0.0565034070381 outp  11    7    2   10
       -0.1178312415310 outp  11    7    3   10
       -0.0124132179733 outp  11    7    4   10
       -0.1800105805698 outp  11    9    3   10
       -0.1195591030175 outp  11    9    4   10
       -0.0285631101823 outp   9    6   11   10
       -0.0767830831502 outp  12    4    2   10
        0.0429297828617 outp  12    6    2   10
        0.0006503058592 outp  12    6    3   10
        0.2125263087928 outp   2   12    7   10
       -0.0033907037205 outp  12    7    3   10
        0.0904887814707 outp   4   12    7   10
       -0.0272243894615 outp  12    9    3   10
        0.0726977421634 outp  12    9    4   10
       -0.0476076388589 outp  12    9    6   10
        0.0054246089523 outp   4    2   14   10
        0.0052974210925 outp  14    6    2   10
       -0.1132831898285 outp  14    6    3   10
        0.0525565270759 outp   7    2   14   10
       -0.1545599829375 outp  14    7    3   10
       -0.0628603336620 outp   4   14    7   10
       -0.1137112480697 outp   3   14    9   10
       -0.0271415738461 outp   4   14    9   10
       -0.1084425886392 outp   6   14    9   10
       -0.0514107408854 outp  11    2   14   10
        0.0740392015642 outp   3   14   11   10
        0.0025603048941 outp   4   14   11   10
        0.0071150139969 outp  14   11    6   10
        0.0230772027298 outp   7   14   11   10
        0.1113412245342 outp  11    9   14   10
       -0.0279447022520 outp   4    2   15   10
        0.0058336746187 outp   6    2   15   10
        0.0646789686275 outp   6    3   15   10
        0.0192014536441 outp   7    2   15   10
        0.1952812627740 outp  15    7    3   10
        0.2472707831379 outp  15    7    4   10
        0.0648379154880 outp   9    3   15   10
        0.1783771826084 outp  15    9    4   10
        0.0538173562301 outp   6   15    9   10
        0.0034725392217 outp  11    2   15   10
       -0.0336679833847 outp   3   15   11   10
       -0.0286599790205 outp   4   15   11   10
        0.0047410596043 outp   6   15   11   10
        0.0180819027995 outp   7   15   11   10
        0.0263913711484 outp   9   15   11   10
        0.0447392755711 outp  12    2   15   10
       -0.0071144566406 outp  12    3   15   10
        0.0861407676503 outp   4   15   12   10
        0.0644243978497 outp   6   15   12   10
        0.1982594578388 outp  15   12    7   10
        0.0808139253764 outp  12    9   15   10
       -0.0926177875560 outp   4    2   17   10
       -0.0184202237035 outp  17    6    2   10
       -0.1123040860454 outp   6    3   17   10
       -0.0280662315642 outp   7    2   17   10
       -0.0250425344504 outp   7    3   17   10
       -0.0445887836454 outp   7    4   17   10
       -0.1202914819056 outp   9    3   17   10
       -0.1574345548448 outp  17    9    4   10
       -0.1018076224684 outp  17    9    6   10
        0.0584392538326 outp  11    2   17   10
       -0.1105535725426 outp  11    3   17   10
       -0.0565475880899 outp   4   17   11   10
       -0.0165610829542 outp  17   11    6   10
       -0.0216742993765 outp   7   17   11   10
       -0.0861588180647 outp   9   17   11   10
        0.2059905520730 outp   2   17   12   10
        0.0004121593779 outp  12    3   17   10
        0.0781913151448 outp   4   17   12   10
       -0.1120408861908 outp   6   17   12   10
       -0.0266624473539 outp   7   17   12   10
       -0.1317228111191 outp   9   17   12   10
        0.0325475833438 outp  14    2   17   10
       -0.1378738842644 outp  14    3   17   10
       -0.0673219348494 outp   4   17   14   10
       -0.1931655537495 outp   6   17   14   10
       -0.0490310491195 outp   7   17   14   10
       -0.1354798784256 outp  17   14    9   10
       -0.0028403889157 outp  17   14   11   10
       -0.2033638177021 outp   2   18    4   10
       -0.0319878205421 outp  18    6    2   10
       -0.0462670196331 outp  18    6    3   10
        0.0777302947907 outp  18    7    2   10
        0.0819860405315 outp  18    7    3   10
        0.1104002158371 outp   7    4   18   10
       -0.0291090714100 outp  18    9    3   10
       -0.0123142040164 outp  18    9    4   10
       -0.0038436572188 outp  18    9    6   10
        0.2582934666029 outp   2   18   12   10
       -0.0240604388306 outp  12    3   18   10
        0.0843901409622 outp  12    4   18   10
        0.0062512396459 outp   6   18   12   10
        0.0922134282384 outp  18   12    7   10
       -0.0273567155646 outp  18   12    9   10
        0.1927955500792 outp   2   18   14   10
       -0.1305056003426 outp   3   18   14   10
       -0.0322379986399 outp   4   18   14   10
       -0.1119952093453 outp   6   18   14   10
        0.0941759507114 outp   7   18   14   10
       -0.0083145567939 outp  18   14    9   10
        0.0304022216426 outp  18   15    2   10
        0.0864772548100 outp  18   15    3   10
        0.1834177090503 outp  15    4   18   10
        0.0561672278239 outp   6   18   15   10
        0.1031447977417 outp   7   18   15   10
       -0.0079849423575 outp  18   15    9   10
       -0.1084759752433 outp  15   12   18   10
  97 k  0.0119941319966 outp   7    4    2   10 val=  -2.53258
        0.0028679285740 outp   6    3    9   10
        0.0330823923084 outp  11    4    2   10
        0.0362124907960 outp  11    6    2   10
       -0.1773730612053 outp   3   11    6   10
        0.0411490892959 outp  11    7    2   10
       -0.0674495343931 outp  11    7    3   10
       -0.0179506419298 outp  11    7    4   10
        0.0094261149404 outp  11    9    3   10
        0.0762236367957 outp  11    9    4   10
        0.1720361060170 outp   9    6   11   10
        0.2044146946156 outp  12    4    2   10
        0.1856626730298 outp  12    6    2   10
       -0.0016710718879 outp  12    6    3   10
        0.0930472055122 outp   2   12    7   10
        0.0052805948659 outp  12    7    3   10
        0.0441340198399 outp   4   12    7   10
       -0.0014735070239 outp  12    9    3   10
       -0.0976794637025 outp  12    9    4   10
       -0.0157758738633 outp  12    9    6   10
       -0.0399259615885 outp   4    2   14   10
       -0.1724270906963 outp  14    6    2   10
       -0.1940071890831 outp  14    6    3   10
       -0.0092973610762 outp   7    2   14   10
       -0.0777518496398 outp  14    7    3   10
       -0.0098980423811 outp   4   14    7   10
        0.1077136809462 outp   3   14    9   10
        0.0077983394731 outp   4   14    9   10
        0.0948169138036 outp   6   14    9   10
        0.0354125156887 outp  11    2   14   10
       -0.2090564694480 outp   3   14   11   10
       -0.0350812870458 outp   4   14   11   10
       -0.1805847585352 outp  14   11    6   10
        0.0119655737180 outp   7   14   11   10
       -0.0874062065890 outp  11    9   14   10
        0.1305635370587 outp   4    2   15   10
        0.0373758885693 outp   6    2   15   10
        0.0473378560535 outp   6    3   15   10
        0.1728559133578 outp   7    2   15   10
        0.1052082281016 outp  15    7    3   10
       -0.0117002048908 outp  15    7    4   10
        0.0186955806470 outp   9    3   15   10
       -0.0944758031247 outp  15    9    4   10
       -0.0339535994432 outp   6   15    9   10
        0.0346851449783 outp  11    2   15   10
       -0.1711324422809 outp   3   15   11   10
        0.1437146892519 outp   4   15   11   10
        0.0387684704023 outp   6   15   11   10
        0.1834509885686 outp   7   15   11   10
       -0.1624394163808 outp   9   15   11   10
        0.1746578759558 outp  12    2   15   10
       -0.0074767416478 outp  12    3   15   10
        0.1687914019449 outp   4   15   12   10
        0.0469093866529 outp   6   15   12   10
        0.0889189529926 outp  15   12    7   10
       -0.0042437845409 outp  12    9   15   10
       -0.0608486288112 outp   4    2   17   10
       -0.1681278823450 outp  17    6    2   10
       -0.0722153154767 outp   6    3   17   10
       -0.0128926824500 outp   7    2   17   10
       -0.0014296668356 outp   7    3   17   10
       -0.0080755763337 outp   7    4   17   10
       -0.0796384575002 outp   9    3   17   10
        0.0959186530007 outp  17    9    4   10
        0.2034053843036 outp  17    9    6   10
        0.0416855377566 outp  11    2   17   10
       -0.0755349045125 outp  11    3   17   10
       -0.0349772042288 outp   4   17   11   10
       -0.1745692311500 outp  17   11    6   10
       -0.0080435054360 outp   7   17   11   10
       -0.1876509308182 outp   9   17   11   10
        0.1061499289621 outp   2   17   12   10
        0.0062829756666 outp  12    3   17   10
        0.0507415013609 outp   4   17   12   10
       -0.0603008534180 outp   6   17   12   10
       -0.0018806280453 outp   7   17   12   10
       -0.0712471784413 outp   9   17   12   10
        0.0087933125181 outp  14    2   17   10
       -0.0831700136720 outp  14    3   17   10
       -0.0156033190408 outp   4   17   14   10
        0.0135616280861 outp   6   17   14   10
       -0.0086221777838 outp   7   17   14   10
        0.1009942424956 outp  17   14    9   10
       -0.0113758645126 outp  17   14   11   10
        0.0743091856023 outp   2   18    4   10
        0.1417296999936 outp  18    6    2   10
       -0.0302094647338 outp  18    6    3   10
        0.1679051881077 outp  18    7    2   10
        0.0527476570836 outp  18    7    3   10
       -0.0861571496193 outp   7    4   18   10
       -0.0061121339258 outp  18    9    3   10
        0.0106295240704 outp  18    9    4   10
        0.0339519115455 outp  18    9    6   10
       -0.0079496058075 outp   2   18   12   10
       -0.0012739190239 outp  12    3   18   10
       -0.0924592094259 outp  12    4   18   10
       -0.0062724492880 outp   6   18   12   10
        0.0442322105143 outp  18   12    7   10
       -0.0010568536067 outp  18   12    9   10
       -0.0896581662423 outp   2   18   14   10
        0.1043413112347 outp   3   18   14   10
        0.0063798469362 outp   4   18   14   10
        0.0861406343559 outp   6   18   14   10
       -0.0926815309634 outp   7   18   14   10
        0.0118494775862 outp  18   14    9   10
       -0.1270726261072 outp  18   15    2   10
        0.0596138618998 outp  18   15    3   10
       -0.0818073425559 outp  15    4   18   10
       -0.0318589978417 outp   6   18   15   10
       -0.2008438076478 outp   7   18   15   10
        0.0382633795112 outp  18   15    9   10
       -0.0201749590197 outp  15   12   18   10
  98 k -0.0280021100453 outp   7    4    2   10 val=  16.87424
       -0.1767845583957 outp   6    3    9   10
       -0.0169275593624 outp  11    4    2   10
        0.0872377285616 outp  11    6    2   10
        0.0504387209887 outp   3   11    6   10
        0.1686220569531 outp  11    7    2   10
        0.1322202146045 outp  11    7    3   10
        0.1818196524152 outp  11    7    4   10
        0.0572457122066 outp  11    9    3   10
        0.1235867956834 outp  11    9    4   10
        0.1977997813557 outp   9    6   11   10
       -0.0069647306920 outp  12    4    2   10
       -0.0292335156247 outp  12    6    2   10
       -0.0623505172999 outp  12    6    3   10
        0.0106006414659 outp   2   12    7   10
       -0.0693910319375 outp  12    7    3   10
        0.0289761928415 outp   4   12    7   10
       -0.0631263910274 outp  12    9    3   10
        0.0226706491761 outp  12    9    4   10
        0.1543114927659 outp  12    9    6   10
        0.0497448787212 outp   4    2   14   10
       -0.0092942547046 outp  14    6    2   10
       -0.0051118839887 outp  14    6    3   10
       -0.0012868441239 outp   7    2   14   10
       -0.0459126957273 outp  14    7    3   10
        0.0065048922694 outp   4   14    7   10
       -0.0804370645087 outp   3   14    9   10
       -0.0284930829046 outp   4   14    9   10
        0.0499801730981 outp   6   14    9   10
       -0.0120417657092 outp  11    2   14   10
        0.0160726302499 outp   3   14   11   10
        0.0466904183884 outp   4   14   11   10
       -0.0265547633368 outp  14   11    6   10
       -0.0125659465036 outp   7   14   11   10
       -0.1372994068208 outp  11    9   14   10
        0.0239564087466 outp   4    2   15   10
       -0.0559874844695 outp   6    2   15   10
       -0.0233099744072 outp   6    3   15   10
       -0.0219982239365 outp   7    2   15   10
       -0.0409477821638 outp  15    7    3   10
       -0.0129506904355 outp  15    7    4   10
       -0.2880867534787 outp   9    3   15   10
       -0.0124722406325 outp  15    9    4   10
        0.0630156270670 outp   6   15    9   10
        0.0930526043704 outp  11    2   15   10
        0.0416116135678 outp   3   15   11   10
        0.0549322154746 outp   4   15   11   10
       -0.0525130091723 outp   6   15   11   10
        0.0087733912005 outp   7   15   11   10
       -0.2090744406447 outp   9   15   11   10
       -0.0095004413567 outp  12    2   15   10
       -0.0593469475141 outp  12    3   15   10
        0.0204944731930 outp   4   15   12   10
       -0.0264544395769 outp   6   15   12   10
       -0.0263805488345 outp  15   12    7   10
       -0.1270247593215 outp  12    9   15   10
        0.1043522025844 outp   4    2   17   10
        0.1796099217358 outp  17    6    2   10
        0.0780803062985 outp   6    3   17   10
        0.1306117942938 outp   7    2   17   10
        0.0416666732581 outp   7    3   17   10
       -0.0750151968160 outp   7    4   17   10
       -0.1991436619400 outp   9    3   17   10
       -0.1662241623764 outp  17    9    4   10
       -0.1071921513287 outp  17    9    6   10
        0.1627300946781 outp  11    2   17   10
        0.1172698994968 outp  11    3   17   10
        0.2036675005528 outp   4   17   11   10
        0.1628641581462 outp  17   11    6   10
        0.1478137113123 outp   7   17   11   10
       -0.1409916819454 outp   9   17   11   10
        0.0148464473222 outp   2   17   12   10
       -0.0736389512039 outp  12    3   17   10
        0.0344411078177 outp   4   17   12   10
        0.0489303131614 outp   6   17   12   10
        0.0228034598370 outp   7   17   12   10
       -0.2227298121543 outp   9   17   12   10
       -0.0589810802785 outp  14    2   17   10
       -0.0571375516279 outp  14    3   17   10
        0.0122722803395 outp   4   17   14   10
        0.0073722945967 outp   6   17   14   10
       -0.0966438577794 outp   7   17   14   10
       -0.1533894154871 outp  17   14    9   10
        0.2374703982142 outp  17   14   11   10
        0.0112678633441 outp   2   18    4   10
        0.0140715917476 outp  18    6    2   10
       -0.0117341726186 outp  18    6    3   10
        0.0164581356184 outp  18    7    2   10
       -0.0117861977372 outp  18    7    3   10
       -0.0031859225070 outp   7    4   18   10
       -0.1452942071475 outp  18    9    3   10
        0.0101187361802 outp  18    9    4   10
        0.1580889168766 outp  18    9    6   10
        0.0091074099239 outp   2   18   12   10
       -0.0593294909789 outp  12    3   18   10
        0.0206678792188 outp  12    4   18   10
        0.0678649200341 outp   6   18   12   10
        0.0025791370679 outp  18   12    7   10
       -0.1136723139133 outp  18   12    9   10
       -0.0187170812997 outp   2   18   14   10
       -0.0723302812517 outp   3   18   14   10
       -0.0224450125879 outp   4   18   14   10
        0.0597974018269 outp   6   18   14   10
       -0.0081851146498 outp   7   18   14   10
        0.0319379577235 outp  18   14    9   10
       -0.0330083342011 outp  18   15    2   10
       -0.0023742840301 outp  18   15    3   10
       -0.0137567554336 outp  15    4   18   10
        0.0682631711557 outp   6   18   15   10
       -0.0029422273198 outp   7   18   15   10
        0.1609348790577 outp  18   15    9   10
        0.0272295796059 outp  15   12   18   10
  99 k  0.0348516126129 outp   7    4    2   10 val= -11.71104
        0.0813975859449 outp   6    3    9   10
       -0.0223217686021 outp  11    4    2   10
        0.0505410740192 outp  11    6    2   10
       -0.1720911708393 outp   3   11    6   10
        0.1118075754702 outp  11    7    2   10
       -0.0592786581797 outp  11    7    3   10
       -0.0052076960033 outp  11    7    4   10
       -0.0505073772380 outp  11    9    3   10
       -0.0649641281918 outp  11    9    4   10
        0.0054728790225 outp   9    6   11   10
        0.0072022948695 outp  12    4    2   10
        0.0306549625503 outp  12    6    2   10
       -0.1535459570488 outp  12    6    3   10
        0.1348858911297 outp   2   12    7   10
       -0.0822414795556 outp  12    7    3   10
       -0.0034226482230 outp   4   12    7   10
       -0.0009847879987 outp  12    9    3   10
       -0.0377927759972 outp  12    9    4   10
       -0.0440961999589 outp  12    9    6   10
        0.1328457195715 outp   4    2   14   10
        0.1897680286650 outp  14    6    2   10
        0.1464575522863 outp  14    6    3   10
        0.1063064198600 outp   7    2   14   10
        0.2008488745694 outp  14    7    3   10
        0.1521553398560 outp   4   14    7   10
        0.1403524221592 outp   3   14    9   10
        0.0145253885451 outp   4   14    9   10
       -0.0430358385431 outp   6   14    9   10
       -0.0224866284804 outp  11    2   14   10
       -0.1048370907550 outp   3   14   11   10
        0.1220997897426 outp   4   14   11   10
        0.1784931283776 outp  14   11    6   10
        0.0850022859748 outp   7   14   11   10
        0.0667581936727 outp  11    9   14   10
       -0.0262767597161 outp   4    2   15   10
       -0.0758191480208 outp   6    2   15   10
       -0.1609816325515 outp   6    3   15   10
       -0.0086046769308 outp   7    2   15   10
       -0.0873875353181 outp  15    7    3   10
       -0.0833108032069 outp  15    7    4   10
       -0.0123842818623 outp   9    3   15   10
       -0.0783109153626 outp  15    9    4   10
       -0.0427647167113 outp   6   15    9   10
        0.0561483929834 outp  11    2   15   10
       -0.1857400817051 outp   3   15   11   10
       -0.0064401106296 outp   4   15   11   10
       -0.0709956740388 outp   6   15   11   10
        0.0107518385002 outp   7   15   11   10
       -0.0215473810839 outp   9   15   11   10
        0.0578030025744 outp  12    2   15   10
       -0.1341959255159 outp  12    3   15   10
       -0.0176640944456 outp   4   15   12   10
       -0.1685147701758 outp   6   15   12   10
       -0.0731163368294 outp  15   12    7   10
        0.0147774130211 outp  12    9   15   10
       -0.0238662514962 outp   4    2   17   10
        0.0045950043269 outp  17    6    2   10
       -0.0243248881230 outp   6    3   17   10
        0.0779392044365 outp   7    2   17   10
        0.1171684239645 outp   7    3   17   10
        0.0972528316262 outp   7    4   17   10
        0.0082642511432 outp   9    3   17   10
        0.0151286538779 outp  17    9    4   10
       -0.0045119648409 outp  17    9    6   10
        0.1084012193770 outp  11    2   17   10
       -0.1027808325914 outp  11    3   17   10
        0.0421220302860 outp   4   17   11   10
       -0.0053112954031 outp  17   11    6   10
        0.0914893941883 outp   7   17   11   10
       -0.0363090684458 outp   9   17   11   10
        0.1572730566705 outp   2   17   12   10
       -0.0999723144709 outp  12    3   17   10
        0.0210989399035 outp   4   17   12   10
       -0.0584382118867 outp   6   17   12   10
        0.1077191726944 outp   7   17   12   10
       -0.0245813443949 outp   9   17   12   10
        0.2983626583025 outp  14    2   17   10
        0.1619671790433 outp  14    3   17   10
        0.1810934426205 outp   4   17   14   10
        0.0250822041299 outp   6   17   14   10
        0.1020565752350 outp   7   17   14   10
        0.0107322438337 outp  17   14    9   10
       -0.0909906001444 outp  17   14   11   10
       -0.1115648258365 outp   2   18    4   10
       -0.0644170564301 outp  18    6    2   10
       -0.2222117525898 outp  18    6    3   10
       -0.0198458775106 outp  18    7    2   10
       -0.0660737777904 outp  18    7    3   10
        0.0045109140128 outp   7    4   18   10
       -0.1258807573715 outp  18    9    3   10
       -0.0490763659727 outp  18    9    4   10
        0.0384103457433 outp  18    9    6   10
        0.1160444639985 outp   2   18   12   10
       -0.0108780915384 outp  12    3   18   10
       -0.0233611351617 outp  12    4   18   10
       -0.1443733369648 outp   6   18   12   10
       -0.0441863408050 outp  18   12    7   10
       -0.1118991198974 outp  18   12    9   10
        0.1152830130678 outp   2   18   14   10
        0.1293953130537 outp   3   18   14   10
        0.0300433182057 outp   4   18   14   10
       -0.0473571035565 outp   6   18   14   10
        0.0154133246198 outp   7   18   14   10
       -0.0385479288739 outp  18   14    9   10
        0.0383980312395 outp  18   15    2   10
        0.1235987981604 outp  18   15    3   10
       -0.0702910026794 outp  15    4   18   10
       -0.0469878100636 outp   6   18   15   10
        0.0041216862458 outp   7   18   15   10
        0.0495376888194 outp  18   15    9   10
        0.0633450317021 outp  15   12   18   10
 100 k -0.0458642321173 outp   7    4    2   10 val=  -3.35204
        0.0927049905197 outp   6    3    9   10
        0.2127546574945 outp  11    4    2   10
        0.0659173487135 outp  11    6    2   10
       -0.1510050211675 outp   3   11    6   10
       -0.0949055106164 outp  11    7    2   10
       -0.0788360070981 outp  11    7    3   10
       -0.1917649645853 outp  11    7    4   10
       -0.0097050375827 outp  11    9    3   10
       -0.0837562266109 outp  11    9    4   10
        0.0097751558775 outp   9    6   11   10
        0.0105119641243 outp  12    4    2   10
       -0.0302571321268 outp  12    6    2   10
       -0.1004434996146 outp  12    6    3   10
       -0.0871535918934 outp   2   12    7   10
        0.0647810142268 outp  12    7    3   10
       -0.0212667271931 outp   4   12    7   10
        0.2227188072889 outp  12    9    3   10
        0.0423593905240 outp  12    9    4   10
        0.1375664024239 outp  12    9    6   10
        0.1078999938357 outp   4    2   14   10
        0.0653814673570 outp  14    6    2   10
        0.0317044891627 outp  14    6    3   10
        0.0189739510865 outp   7    2   14   10
        0.0728976647679 outp  14    7    3   10
       -0.0657835963462 outp   4   14    7   10
        0.1678183391946 outp   3   14    9   10
       -0.1144992673456 outp   4   14    9   10
       -0.0071615289608 outp   6   14    9   10
        0.2015934922121 outp  11    2   14   10
       -0.1467674881309 outp   3   14   11   10
        0.1293443231128 outp   4   14   11   10
        0.0515816075880 outp  14   11    6   10
        0.1353371306583 outp   7   14   11   10
        0.0441618228427 outp  11    9   14   10
       -0.0181705451117 outp   4    2   15   10
       -0.0729393530816 outp   6    2   15   10
        0.0454377822538 outp   6    3   15   10
       -0.0121105034412 outp   7    2   15   10
        0.1112041710156 outp  15    7    3   10
        0.1102511468384 outp  15    7    4   10
        0.0899608223335 outp   9    3   15   10
        0.1232399477717 outp  15    9    4   10
        0.1616020375695 outp   6   15    9   10
        0.0634995813051 outp  11    2   15   10
       -0.1643043279035 outp   3   15   11   10
        0.0030780157143 outp   4   15   11   10
       -0.0724368845379 outp   6   15   11   10
        0.0084663319059 outp   7   15   11   10
       -0.0253154584698 outp   9   15   11   10
       -0.0061562760385 outp  12    2   15   10
       -0.1079259797894 outp  12    3   15   10
       -0.0004995808229 outp   4   15   12   10
        0.0398505390936 outp   6   15   12   10
        0.1021969835021 outp  15   12    7   10
       -0.0430505621569 outp  12    9   15   10
        0.0493100964437 outp   4    2   17   10
        0.1218784176139 outp  17    6    2   10
       -0.0172989727120 outp   6    3   17   10
        0.0848199374921 outp   7    2   17   10
       -0.0384876912048 outp   7    3   17   10
       -0.1385742212486 outp   7    4   17   10
        0.0258865711940 outp   9    3   17   10
       -0.1292587906141 outp  17    9    4   10
       -0.1292709420534 outp  17    9    6   10
       -0.1008867770702 outp  11    2   17   10
       -0.0694976733385 outp  11    3   17   10
       -0.0170524555257 outp   4   17   11   10
        0.1097774779382 outp  17   11    6   10
        0.0698839737303 outp   7   17   11   10
        0.0135822163819 outp   9   17   11   10
       -0.0935298414318 outp   2   17   12   10
        0.0539096286288 outp  12    3   17   10
       -0.0325446553779 outp   4   17   12   10
       -0.0036151227656 outp   6   17   12   10
       -0.0458082125308 outp   7   17   12   10
        0.0403191626358 outp   9   17   12   10
        0.0137445838966 outp  14    2   17   10
        0.0810997239273 outp  14    3   17   10
       -0.0563705430739 outp   4   17   14   10
       -0.0246625047853 outp   6   17   14   10
       -0.1622444202362 outp   7   17   14   10
       -0.1033252045133 outp  17   14    9   10
        0.1013624546840 outp  17   14   11   10
        0.1186400170288 outp   2   18    4   10
        0.0148262783611 outp  18    6    2   10
       -0.0370324875188 outp  18    6    3   10
       -0.0046799589515 outp  18    7    2   10
        0.0176260988146 outp  18    7    3   10
       -0.0076323704334 outp   7    4   18   10
        0.1094746228883 outp  18    9    3   10
        0.1069660597583 outp  18    9    4   10
        0.0863161745680 outp  18    9    6   10
       -0.1090987240016 outp   2   18   12   10
        0.1918924633815 outp  12    3   18   10
        0.0129164661886 outp  12    4   18   10
        0.0854078198175 outp   6   18   12   10
        0.0015873364928 outp  18   12    7   10
        0.1085234303734 outp  18   12    9   10
       -0.1419398735537 outp   2   18   14   10
        0.2009388001365 outp   3   18   14   10
       -0.1033479266845 outp   4   18   14   10
        0.0287348176842 outp   6   18   14   10
       -0.0338667583119 outp   7   18   14   10
        0.1122531013889 outp  18   14    9   10
       -0.0376554577151 outp  18   15    2   10
        0.0665290465945 outp  18   15    3   10
        0.1016814814957 outp  15    4   18   10
        0.1672547541423 outp   6   18   15   10
        0.0220198802547 outp   7   18   15   10
        0.0669485014449 outp  18   15    9   10
       -0.1162901987180 outp  15   12   18   10
 101 k  0.1134938144767 outp   7    4    2   10 val=  -1.28139
        0.0657017358599 outp   6    3    9   10
        0.0175846481731 outp  11    4    2   10
        0.0454993879058 outp  11    6    2   10
       -0.0196811141888 outp   3   11    6   10
        0.0441057234192 outp  11    7    2   10
        0.1042739065954 outp  11    7    3   10
       -0.0650184368327 outp  11    7    4   10
       -0.0030690468257 outp  11    9    3   10
       -0.1572769817226 outp  11    9    4   10
        0.0011552929894 outp   9    6   11   10
        0.0057773635614 outp  12    4    2   10
       -0.0490732070365 outp  12    6    2   10
       -0.0689160882157 outp  12    6    3   10
       -0.0721081638826 outp   2   12    7   10
       -0.0204656779749 outp  12    7    3   10
        0.0263371329968 outp   4   12    7   10
        0.0691588673255 outp  12    9    3   10
       -0.0991986187203 outp  12    9    4   10
       -0.1443612251736 outp  12    9    6   10
       -0.0077982784426 outp   4    2   14   10
        0.0087073525005 outp  14    6    2   10
       -0.0949282235284 outp  14    6    3   10
        0.0974467182645 outp   7    2   14   10
       -0.1209243691976 outp  14    7    3   10
       -0.0333323455591 outp   4   14    7   10
        0.2377465912455 outp   3   14    9   10
       -0.0023780984711 outp   4   14    9   10
       -0.1424020757244 outp   6   14    9   10
        0.0196253464129 outp  11    2   14   10
       -0.1465564957905 outp   3   14   11   10
       -0.0044789184978 outp   4   14   11   10
        0.0037952166919 outp  14   11    6   10
        0.1218416960836 outp   7   14   11   10
        0.1597391626421 outp  11    9   14   10
        0.0050322484933 outp   4    2   15   10
        0.0369273700928 outp   6    2   15   10
        0.0451872022967 outp   6    3   15   10
       -0.0962885587690 outp   7    2   15   10
       -0.1107256312919 outp  15    7    3   10
        0.0337062580500 outp  15    7    4   10
       -0.2086202818475 outp   9    3   15   10
        0.1471226311080 outp  15    9    4   10
       -0.0104182869233 outp   6   15    9   10
        0.0444915955505 outp  11    2   15   10
       -0.0046263654751 outp   3   15   11   10
        0.0172059320800 outp   4   15   11   10
        0.0384299203262 outp   6   15   11   10
       -0.0790398307404 outp   7   15   11   10
       -0.0001286730664 outp   9   15   11   10
       -0.0656220912724 outp  12    2   15   10
       -0.0751431080427 outp  12    3   15   10
        0.0204258635207 outp   4   15   12   10
        0.0410898242846 outp   6   15   12   10
       -0.0888112813943 outp  15   12    7   10
        0.1230685618336 outp  12    9   15   10
        0.1601636631429 outp   4    2   17   10
        0.0591276218210 outp  17    6    2   10
        0.1361771856709 outp   6    3   17   10
       -0.0524096439308 outp   7    2   17   10
       -0.0226064671036 outp   7    3   17   10
        0.0328128105111 outp   7    4   17   10
       -0.1289270929077 outp   9    3   17   10
        0.1580588691806 outp  17    9    4   10
        0.0781547191522 outp  17    9    6   10
        0.0467185514162 outp  11    2   17   10
        0.1162923282546 outp  11    3   17   10
        0.1909246233547 outp   4   17   11   10
        0.0454834033501 outp  17   11    6   10
       -0.0460128375245 outp   7   17   11   10
       -0.0892324933745 outp   9   17   11   10
       -0.0907520397139 outp   2   17   12   10
       -0.0259028451738 outp  12    3   17   10
        0.0320638526124 outp   4   17   12   10
        0.1191876815656 outp   6   17   12   10
       -0.0191295100856 outp   7   17   12   10
       -0.1231990391229 outp   9   17   12   10
       -0.2182095009846 outp  14    2   17   10
       -0.1286060080330 outp  14    3   17   10
       -0.0408874121161 outp   4   17   14   10
       -0.0052011421496 outp   6   17   14   10
        0.0434272610559 outp   7   17   14   10
        0.1682286207601 outp  17   14    9   10
       -0.2139406484785 outp  17   14   11   10
       -0.1578355018403 outp   2   18    4   10
        0.0140887155050 outp  18    6    2   10
        0.1743750537396 outp  18    6    3   10
        0.0141888337249 outp  18    7    2   10
        0.0324740166280 outp  18    7    3   10
       -0.0696696663005 outp   7    4   18   10
       -0.0416498766745 outp  18    9    3   10
       -0.0031407768136 outp  18    9    4   10
        0.0141882217208 outp  18    9    6   10
        0.0462273210336 outp   2   18   12   10
        0.0543330490196 outp  12    3   18   10
       -0.0955538778944 outp  12    4   18   10
       -0.0545760398739 outp   6   18   12   10
        0.0279118641056 outp  18   12    7   10
       -0.0330628772015 outp  18   12    9   10
        0.1626558622117 outp   2   18   14   10
        0.2273753110862 outp   3   18   14   10
       -0.0061362182909 outp   4   18   14   10
       -0.1381373429662 outp   6   18   14   10
       -0.0727611239242 outp   7   18   14   10
        0.0019672057510 outp  18   14    9   10
       -0.0068138001337 outp  18   15    2   10
       -0.1449040551265 outp  18   15    3   10
        0.1411942418024 outp  15    4   18   10
       -0.0084863238981 outp   6   18   15   10
        0.0245865152464 outp   7   18   15   10
        0.0170550375321 outp  18   15    9   10
       -0.0814652440052 outp  15   12   18   10
 102 k -0.0828420880771 outp   7    4    2   10 val=  -1.61132
        0.2022437000393 outp   6    3    9   10
       -0.0416197834711 outp  11    4    2   10
       -0.0108503875252 outp  11    6    2   10
        0.1751522487432 outp   3   11    6   10
        0.0230143951736 outp  11    7    2   10
       -0.1113448860179 outp  11    7    3   10
       -0.2695533085924 outp  11    7    4   10
       -0.0862383763028 outp  11    9    3   10
       -0.0406527741475 outp  11    9    4   10
        0.1447390550922 outp   9    6   11   10
       -0.0333122897391 outp  12    4    2   10
       -0.1195897363151 outp  12    6    2   10
        0.0163547817572 outp  12    6    3   10
        0.1711434818661 outp   2   12    7   10
       -0.0137454183492 outp  12    7    3   10
       -0.1396574605542 outp   4   12    7   10
       -0.0306144127442 outp  12    9    3   10
       -0.0901463711632 outp  12    9    4   10
        0.1308901578347 outp  12    9    6   10
        0.0107312417236 outp   4    2   14   10
       -0.1446139296636 outp  14    6    2   10
        0.0102609892858 outp  14    6    3   10
       -0.0927250715610 outp   7    2   14   10
        0.1418386938837 outp  14    7    3   10
        0.0343867301455 outp   4   14    7   10
        0.0132197822860 outp   3   14    9   10
        0.0085751790526 outp   4   14    9   10
        0.0343818697440 outp   6   14    9   10
       -0.0397767942342 outp  11    2   14   10
        0.1090717107512 outp   3   14   11   10
        0.0058580894815 outp   4   14   11   10
       -0.1439616435865 outp  14   11    6   10
       -0.1029464955577 outp   7   14   11   10
        0.0229922388804 outp  11    9   14   10
        0.1345295618495 outp   4    2   15   10
       -0.0005473191545 outp   6    2   15   10
        0.0030636417712 outp   6    3   15   10
       -0.0914705425368 outp   7    2   15   10
        0.0683606062141 outp  15    7    3   10
        0.0487739536277 outp  15    7    4   10
       -0.0811825964806 outp   9    3   15   10
        0.0099159211571 outp  15    9    4   10
        0.0073555031865 outp   6   15    9   10
       -0.0094960736681 outp  11    2   15   10
        0.1720864587311 outp   3   15   11   10
        0.1323384441408 outp   4   15   11   10
       -0.0011639127994 outp   6   15   11   10
       -0.0949696845591 outp   7   15   11   10
       -0.1440206180174 outp   9   15   11   10
       -0.1170315100516 outp  12    2   15   10
        0.0164013848818 outp  12    3   15   10
       -0.0006961793752 outp   4   15   12   10
        0.0039898839074 outp   6   15   12   10
        0.0844022704577 outp  15   12    7   10
       -0.1401941275503 outp  12    9   15   10
        0.0205116298562 outp   4    2   17   10
        0.1201029397364 outp  17    6    2   10
       -0.0425297863975 outp   6    3   17   10
        0.0020364071998 outp   7    2   17   10
        0.0057589907880 outp   7    3   17   10
        0.0142238214582 outp   7    4   17   10
        0.1286546656352 outp   9    3   17   10
        0.0981199882855 outp  17    9    4   10
       -0.0214228681398 outp  17    9    6   10
        0.0233346554371 outp  11    2   17   10
       -0.1001494515884 outp  11    3   17   10
        0.0282387549919 outp   4   17   11   10
        0.1226720684334 outp  17   11    6   10
        0.0045323927324 outp   7   17   11   10
       -0.0261031611549 outp   9   17   11   10
        0.1554884429237 outp   2   17   12   10
       -0.0118181877045 outp  12    3   17   10
       -0.1270870026057 outp   4   17   12   10
       -0.0565795767426 outp   6   17   12   10
        0.0045403568947 outp   7   17   12   10
        0.1397105387226 outp   9   17   12   10
       -0.0361258933070 outp  14    2   17   10
        0.1294027334437 outp  14    3   17   10
        0.0361779174615 outp   4   17   14   10
        0.0044470667428 outp   6   17   14   10
        0.0134044774784 outp   7   17   14   10
        0.0701744227140 outp  17   14    9   10
        0.1458406171186 outp  17   14   11   10
       -0.1220260223945 outp   2   18    4   10
        0.1310523594637 outp  18    6    2   10
        0.0589003261177 outp  18    6    3   10
        0.0312008318348 outp  18    7    2   10
       -0.1308477593353 outp  18    7    3   10
       -0.1265262530124 outp   7    4   18   10
        0.0099090490553 outp  18    9    3   10
       -0.0110928618121 outp  18    9    4   10
       -0.0156445268031 outp  18    9    6   10
        0.1535389068736 outp   2   18   12   10
       -0.0244044628516 outp  12    3   18   10
       -0.1054387944881 outp  12    4   18   10
       -0.2159491240717 outp   6   18   12   10
       -0.1426869059546 outp  18   12    7   10
        0.0085524146460 outp  18   12    9   10
        0.0955791026603 outp   2   18   14   10
        0.0341513012207 outp   3   18   14   10
        0.0107844900828 outp   4   18   14   10
        0.0147290131364 outp   6   18   14   10
       -0.1049454531089 outp   7   18   14   10
       -0.0140963691177 outp  18   14    9   10
       -0.1311718422656 outp  18   15    2   10
       -0.0603868105355 outp  18   15    3   10
        0.0354037088187 outp  15    4   18   10
        0.0076082116030 outp   6   18   15   10
       -0.0169595898481 outp   7   18   15   10
       -0.0164802115401 outp  18   15    9   10
       -0.2464603105143 outp  15   12   18   10
 103 k  1.0000000000000 bend  12   18   11      val= 111.89866
 104 k  1.0000000000000 bend  14   11   12      val= 127.97473
 105 k  1.0000000000000 bend  12   15   14      val= 111.89941
 106 k  1.0000000000000 bend  17   14   15      val= 127.98020
 107 k  1.0000000000000 bend  18   15   17      val= 111.91862
 108 k  1.0000000000000 bend  17   11   18      val= 127.96931
        51 non zero eigenvalues  of BmBt
           1           2.010851561    1    0
         1
           2           2.010832744    2    0
         2
           3           2.010534496    3    0
         3
           4           2.010443645    4    0
         4
           5           2.010401718    5    0
         5
           6           2.010337605    6    0
         6
           7           1.190690848    7    0
         7
           8           1.190690366    8    0
         8
           9           1.190488443    9    0
         9
          10           1.190477821   10    0
        10
          11           1.100085322   11    0
        11
          12           1.100078901   12    0
        12
          13           0.452314262   13    0
        13
          14           0.452205890   14    0
        14
          15           0.409203180   15    0
        15
          16           0.387814189   16    0
        16
          17           0.387146072   17    0
        17
          18           0.386973355   18    0
        18
          19          10.345508279    0    0
         0.000000000         0.000000000         0.000000000         0.000000000
         0.000000000         0.000000000         0.000000000         0.000000000
         0.000000000         0.000000000         0.000000000         0.000000000
         0.000000000         0.000000000         0.000000000         0.000000000
         0.000000000         0.000000000         0.000262193        -0.041755550
         0.002633951         0.000375570        -0.001895454         0.043032834
        -0.000257648        -0.002110435         0.042327003        -0.000683983
        -0.043631045         0.001922129        -0.011662628        -0.011658663
        -0.259302270        -0.292650964        -0.294137328         0.004650603
        -0.008328790        -0.265204544        -0.000302134        -0.009395130
        -0.299928883        -0.000652633        -0.009212691        -0.267104059
         0.002831986        -0.007935151        -0.000909809        -0.000363571
         0.299526881         0.266758582         0.009678293         0.294369502
         0.008730852         0.260044126         0.010951233         0.292868614
         0.011122954         0.264881608         0.009138417         0.008585445
        -0.001031327        -0.000212893         0.132442993        -0.000098823
        -0.000670252        -0.000608719        -0.010351400         0.000943330
        -0.000283394         0.001998794        -0.000549465        -0.001828178
        -0.000139860        -0.000062164         0.000003540         0.000036808
        -0.000008188         0.000092421        -0.000083406        -0.000000630
         0.000019948        -0.000247227         0.002170291        -0.176892456
         0.004419747         0.001405211         0.007842214         0.001346489
        -0.003073616        -0.004682742        -0.013059257         0.007517577
         0.001340860        -0.005290260         0.001831537        -0.001819585
        -0.000268769        -0.000123731         0.001853033        -0.004694894
        -0.000912297         0.001295034        -0.002883420         0.000529331
         0.000294066        -0.004192810         0.000373667         0.000611016
          20           8.777690872    0    0
         0.000000000         0.000000000         0.000000000         0.000000000
         0.000000000         0.000000000         0.000000000         0.000000000
         0.000000000         0.000000000         0.000000000         0.000000000
         0.000000000         0.000000000         0.000000000         0.000000000
         0.000000000         0.000000000         0.211655073         0.193765908
        -0.098984384        -0.172746150        -0.121700754         0.190148577
         0.174077825         0.121444404        -0.190275799        -0.211299628
        -0.196293491         0.097364532        -0.014328774         0.017046773
         0.006334495        -0.113832299         0.116975545         0.001197910
        -0.013083977        -0.152709504         0.015688878        -0.011903800
        -0.007239103        -0.006883265         0.011181479         0.142342716
         0.001054746         0.012808199         0.006851230        -0.017952384
        -0.006759597         0.143409707         0.011339545         0.115962402
         0.012520505         0.004738406         0.017162500        -0.114397505
        -0.014300463        -0.152757531        -0.012037586        -0.013360166
        -0.005562744         0.278530634         0.000222080        -0.000693408
        -0.010148696         0.022059211        -0.000848937        -0.000216295
        -0.000703646         0.000125786         0.000151620         0.000039891
         0.000216500         0.009415356        -0.000142807         0.000238558
         0.000685613         0.000054809        -0.000086913         0.002878309
        -0.000030489         0.653104150        -0.057436340        -0.000919610
        -0.000465788         0.000862076        -0.000049931        -0.003438173
        -0.000368356        -0.001086480        -0.000575550        -0.000125964
        -0.006941487        -0.002846984         0.000789659         0.000848679
         0.016190516         0.001475958        -0.001557715        -0.002076262
         0.017091719        -0.003208076         0.000967310         0.006802699
        -0.017670168         0.000843977         0.015827027        -0.006715602
          21           7.912994510    0    0
         0.000000000         0.000000000         0.000000000         0.000000000
         0.000000000         0.000000000         0.000000000         0.000000000
         0.000000000         0.000000000         0.000000000         0.000000000
         0.000000000         0.000000000         0.000000000         0.000000000
         0.000000000         0.000000000         0.006488729        -0.111808766
        -0.227448973        -0.009447379         0.221663473         0.124457654
         0.011340458        -0.222501612        -0.122875968        -0.006158365
         0.108935384         0.228342550        -0.018431530        -0.015209815
        -0.187510348        -0.087063567        -0.075631183        -0.013964632
         0.002331997         0.073695136         0.013668248         0.015599303
         0.132677392         0.006452050         0.015894658         0.087598047
        -0.025733575         0.002024966         0.007277043         0.012440037
         0.133871688         0.087640217         0.016004624        -0.075917087
         0.002078798        -0.185847402        -0.015241887        -0.085378795
        -0.018101153         0.075299137         0.015453273         0.002140862
         0.324926639         0.005328261         0.000676966        -0.007336634
         0.031557982         0.011825249        -0.002868237         0.000069321
        -0.003475920        -0.000279052         0.000142342        -0.000185967
         0.004152720         0.000695951        -0.000013764        -0.004260581
        -0.000010446         0.000044680         0.000041575         0.000381413
         0.000004394        -0.061512708        -0.683934921        -0.002360103
         0.000285948        -0.000470854        -0.000408407        -0.002170912
        -0.000865415        -0.001778422        -0.002457281         0.003325540
         0.001027208         0.019678978        -0.010904888        -0.013492259
         0.002209646        -0.002328861         0.004007636        -0.002234321
        -0.002962399        -0.016895927        -0.025785158         0.007160938
         0.012767894        -0.014222964         0.013680749         0.006793443
          22           3.571323065    0    0
         0.000000000         0.000000000         0.000000000         0.000000000
         0.000000000         0.000000000         0.000000000         0.000000000
         0.000000000         0.000000000         0.000000000         0.000000000
         0.000000000         0.000000000         0.000000000         0.000000000
         0.000000000         0.000000000        -0.164713055         0.041504094
        -0.177817851         0.073146747        -0.183946575         0.038520433
         0.072618802        -0.184556469         0.038771574        -0.164092738
         0.042306025        -0.178127211        -0.240189212         0.244835467
        -0.000102634        -0.001372870         0.001670787        -0.001430068
         0.241436984         0.000641750         0.002861799        -0.246998980
        -0.000984091        -0.002042164         0.247064612        -0.000981240
         0.000093614        -0.246940927         0.003078862        -0.002562340
         0.000023656         0.000352406        -0.248388815         0.001004927
         0.247249457        -0.000230453        -0.244657766        -0.000029002
         0.239577248         0.000214246         0.248468988        -0.240663661
         0.000001603        -0.000278806         0.000749574        -0.000054545
         0.000213518        -0.000656361        -0.002231707        -0.030797627
         0.001415882        -0.001013921         0.029299836         0.001311281
        -0.000122830         0.000586218         0.050228575         0.000187411
         0.000407573         0.004232074         0.017511324         0.000218392
        -0.036479333         0.000339638         0.000097037         0.005503867
         0.088761319        -0.015289020         0.049354909        -0.008651184
         0.214806892        -0.125902999         0.004169759        -0.004700452
         0.001677695        -0.001720413         0.001216599        -0.001317999
        -0.001335339         0.007801247         0.007051151         0.003072701
        -0.000140174        -0.000043891        -0.000257993        -0.002314473
         0.002011752         0.002012607        -0.003008197         0.001564222
          23           3.197589369    0    0
         0.000000000         0.000000000         0.000000000         0.000000000
         0.000000000         0.000000000         0.000000000         0.000000000
         0.000000000         0.000000000         0.000000000         0.000000000
         0.000000000         0.000000000         0.000000000         0.000000000
         0.000000000         0.000000000        -0.119657165         0.068998835
        -0.113123771         0.081193998        -0.112447553         0.071814377
        -0.079150694         0.114409126        -0.072806728         0.116401131
        -0.070614279         0.113901735        -0.260929392         0.256464063
         0.000385810         0.009039156        -0.007061622         0.000905181
         0.259267452         0.009905923         0.002044079        -0.262128595
        -0.002054302        -0.002023932         0.260978026        -0.009707713
         0.001106667        -0.256444715        -0.000627853        -0.001426576
        -0.000916582        -0.008950229         0.265036867        -0.010613046
        -0.255431000         0.000879072         0.254284130         0.011096263
        -0.257382009         0.008541868        -0.266095795         0.256042644
        -0.000593863        -0.016438963         0.000025732         0.000830661
        -0.000170570         0.001454665         0.000036687        -0.000525927
         0.000661903         0.000014087         0.000801374        -0.000122134
         0.000156690        -0.002278320         0.000373753         0.003977895
        -0.063980717         0.003109635        -0.001077869         0.059503360
         0.000032373        -0.043769807         0.005834601        -0.001067834
        -0.000285613         0.003472246        -0.006566416        -0.260003044
        -0.010054153        -0.001806515        -0.003394769         0.005943427
         0.043030067        -0.011624025         0.012083413         0.001186282
         0.019686577         0.009171825        -0.007696455        -0.002803735
         0.005099641        -0.000994589         0.001082369        -0.002644988
        -0.000513719         0.000068325         0.001809677         0.000171635
          24           2.901777307    0    0
         0.000000000         0.000000000         0.000000000         0.000000000
         0.000000000         0.000000000         0.000000000         0.000000000
         0.000000000         0.000000000         0.000000000         0.000000000
         0.000000000         0.000000000         0.000000000         0.000000000
         0.000000000         0.000000000         0.176481534         0.095949784
        -0.089037891        -0.148075546        -0.089857881         0.096731215
        -0.150688695        -0.089976683         0.099077004         0.182964646
         0.093720347        -0.090220675         0.180414366        -0.179078798
         0.000004996         0.018432983        -0.019591973        -0.000210167
        -0.132873623        -0.033622699        -0.039103965        -0.313088675
        -0.001194034         0.153118434         0.313405500         0.034383938
        -0.000148901         0.131312981        -0.152584641         0.038891461
         0.001039560        -0.034170203        -0.316125661         0.018659764
        -0.142474775         0.000301023         0.193245624        -0.018125728
        -0.184229329         0.033740627         0.319336905         0.137265276
         0.000261560         0.000088155        -0.001968685        -0.000565844
        -0.000002578        -0.000130076         0.001533162         0.026123390
        -0.001550745        -0.001377160        -0.108268674         0.000434985
         0.001361752         0.000745750        -0.033443052         0.000592479
         0.000987115         0.010329373         0.061766583         0.002110318
        -0.007376451         0.003818574        -0.002532699         0.009320233
         0.017898575        -0.132455814         0.175584207        -0.008343446
         0.071534063         0.174033171        -0.045285678         0.006134182
         0.001456868         0.001975722        -0.005555408         0.003033917
         0.003136066        -0.030438608        -0.018264536        -0.016114968
         0.001193885        -0.000598069        -0.002694456         0.159315686
        -0.040425305        -0.001213998         0.038330843        -0.153287259
          25           2.814313284    0    0
         0.000000000         0.000000000         0.000000000         0.000000000
         0.000000000         0.000000000         0.000000000         0.000000000
         0.000000000         0.000000000         0.000000000         0.000000000
         0.000000000         0.000000000         0.000000000         0.000000000
         0.000000000         0.000000000        -0.004655331        -0.139103650
        -0.153531298         0.003225652         0.153636821         0.135874339
         0.001484906         0.146418395         0.121030121        -0.001441844
        -0.122431057        -0.150792446        -0.261667847        -0.251776866
        -0.039574252         0.026460744         0.026121191         0.215008558
         0.327561594         0.024498788        -0.048989543        -0.018382486
        -0.008744092        -0.077929840        -0.022363100         0.023652865
         0.035392852         0.318611466        -0.073399847        -0.050126282
         0.006222447        -0.022120202         0.013789303        -0.026207291
        -0.290403967         0.037802735         0.232932696        -0.026046240
         0.237747890        -0.022088519         0.024237487        -0.296185412
        -0.003403901         0.000059539         0.010670184        -0.002532748
        -0.002141701        -0.002018782        -0.023971079         0.002487859
        -0.006807383         0.030137502        -0.001789414        -0.072927476
        -0.004973220         0.000373949         0.000695682        -0.002245463
        -0.001442932        -0.079273568         0.012149037         0.002819462
        -0.001169431         0.003202140         0.008419372        -0.029401069
         0.012543139        -0.180138061        -0.133705131         0.001342708
         0.017828780         0.015569293         0.071547581         0.097557271
         0.000840492        -0.011129375         0.010627201         0.003414256
         0.000410971         0.012524492         0.080743457        -0.076931833
         0.001143226         0.007852579        -0.031331047         0.069660965
         0.042659622        -0.192277762         0.042289479         0.069014477
          26           2.717162074    0    0
         0.000000000         0.000000000         0.000000000         0.000000000
         0.000000000         0.000000000         0.000000000         0.000000000
         0.000000000         0.000000000         0.000000000         0.000000000
         0.000000000         0.000000000         0.000000000         0.000000000
         0.000000000         0.000000000        -0.003120900         0.176297402
         0.018096917         0.004591583        -0.016611151        -0.182554476
        -0.001402584         0.030904553         0.191858430         0.000862949
        -0.189340768        -0.030894093         0.223228910         0.235625207
         0.041076062        -0.019666267        -0.017523535        -0.216870008
        -0.273134516        -0.020653934         0.053822423         0.046856171
         0.031003001         0.098800540         0.036020289        -0.023181542
        -0.093765475        -0.283149447         0.107301429         0.050738080
         0.035066562        -0.022600492         0.045549707        -0.021586836
        -0.308052709         0.047410268         0.257742684        -0.021204953
         0.253141712        -0.021506859         0.047185920        -0.303683965
         0.052603734        -0.001336361        -0.000101366         0.019467693
         0.022949402         0.009127095        -0.000960212         0.000872008
         0.034968266         0.005103120         0.000812092        -0.002738899
         0.115339144         0.001097441         0.000219228         0.053076459
         0.001485281        -0.004036403        -0.000066428        -0.001214256
        -0.000002806        -0.011414125        -0.140317067         0.010240867
        -0.000069875        -0.005203377        -0.004320479         0.002198136
         0.001214255         0.004241422         0.012246687        -0.009433543
         0.015346027        -0.066717494        -0.057139593        -0.185084595
         0.015100582        -0.011894975         0.001071040         0.006949902
         0.005255278         0.044280020        -0.101182925         0.114909279
         0.053446431        -0.233882551         0.054299744         0.112409183
          27           2.552674574    0    0
         0.000000000         0.000000000         0.000000000         0.000000000
         0.000000000         0.000000000         0.000000000         0.000000000
         0.000000000         0.000000000         0.000000000         0.000000000
         0.000000000         0.000000000         0.000000000         0.000000000
         0.000000000         0.000000000         0.087959325         0.051391799
        -0.042656989        -0.121373830        -0.036232858         0.048465310
         0.116772859         0.033589714        -0.038118495        -0.086283452
        -0.055630391         0.042305561         0.219070507        -0.214161040
         0.000468667         0.039112084        -0.036798984         0.001051008
        -0.129008825        -0.028538280        -0.068445345        -0.334227458
         0.000826932         0.183912359         0.339308501         0.029962713
        -0.004225305         0.131062699        -0.176825022         0.064496117
         0.000344788         0.027176927         0.327117791        -0.037217994
         0.120679969         0.001483510        -0.209617187         0.032486512
         0.214816710        -0.028351960        -0.326794475        -0.135802887
         0.001874574        -0.002168726         0.001635434        -0.001515219
        -0.003778497         0.019432298        -0.003799402        -0.000173767
        -0.001521296         0.001482417        -0.001202914        -0.000076395
        -0.000423997        -0.059441390         0.000046406         0.000774101
        -0.060125646        -0.000303051         0.002599982        -0.058914029
        -0.000200236        -0.197780927         0.026368833        -0.008044719
        -0.000496170         0.005642940         0.000807102        -0.036413410
        -0.000886420        -0.000609279        -0.000812166         0.001231215
        -0.096492421        -0.021656666        -0.047971301        -0.005314999
        -0.158723896        -0.001070200        -0.001076136        -0.010950873
         0.085118168        -0.020897379        -0.002661552        -0.173936770
         0.069304846        -0.010192798        -0.058395861         0.175901246
          28           2.225119598    0    0
         0.000000000         0.000000000         0.000000000         0.000000000
         0.000000000         0.000000000         0.000000000         0.000000000
         0.000000000         0.000000000         0.000000000         0.000000000
         0.000000000         0.000000000         0.000000000         0.000000000
         0.000000000         0.000000000        -0.007357160         0.179915589
        -0.136683477        -0.006314059         0.143592374        -0.179609829
         0.007386923         0.146441503        -0.191433650         0.004322134
         0.186665332        -0.149673002        -0.150489881        -0.158615128
         0.062578000        -0.089169510        -0.090622789        -0.245919070
        -0.054125472         0.038953850         0.218799624        -0.096094466
        -0.050649026        -0.136953140        -0.088604778         0.043908548
         0.085182642        -0.057191072        -0.148180608         0.230085012
         0.057152959        -0.037731998         0.102873905         0.097129857
         0.064732217        -0.069700045         0.158709417         0.098376880
         0.166142532        -0.042511304         0.092034379         0.061605419
         0.000748223         0.000446595        -0.109238805        -0.004043438
         0.007907308         0.005754923         0.155147874        -0.008504988
         0.004658708        -0.082774881         0.001642141        -0.014841185
         0.001117934        -0.000183829        -0.000166004        -0.000113671
        -0.001751506        -0.029776174         0.004905828        -0.000106959
        -0.000184509         0.000353375        -0.003599827         0.129158617
         0.014409116        -0.137638890        -0.109188196        -0.003314955
         0.023316073         0.032154864         0.138661659        -0.051319930
         0.011329280         0.008584306        -0.018547144         0.011532696
        -0.002718773        -0.014175491        -0.051376141         0.080494154
         0.005231417        -0.012893988        -0.088930829         0.144577215
        -0.235920197         0.264570870        -0.243738643         0.155984187
          29           2.102916543    0    0
         0.000000000         0.000000000         0.000000000         0.000000000
         0.000000000         0.000000000         0.000000000         0.000000000
         0.000000000         0.000000000         0.000000000         0.000000000
         0.000000000         0.000000000         0.000000000         0.000000000
         0.000000000         0.000000000        -0.004515086        -0.024715765
         0.039795833        -0.005529675        -0.033534481         0.027047512
        -0.000255372         0.036131174        -0.024677496         0.000130322
         0.027727550        -0.037560447        -0.121092811        -0.126660780
         0.014504507        -0.161906883        -0.163565434        -0.196914846
        -0.131599232         0.033197865         0.204416857        -0.138111962
        -0.159659232        -0.224481877        -0.136831526         0.038460253
         0.246633218        -0.130918416        -0.233115305         0.212663827
        -0.148657785         0.030617270        -0.128615153        -0.157647897
        -0.131718187         0.012366821        -0.110974545        -0.161357461
        -0.110173626         0.028566219        -0.123330936        -0.134572393
         0.030623610         0.002213918        -0.003901351         0.151360509
        -0.018468216        -0.004731656         0.007516346         0.003631095
         0.157327035         0.018033974        -0.000785099        -0.000393467
        -0.023471797        -0.000263758        -0.000215442        -0.004838700
        -0.000155559        -0.000964272         0.000182351        -0.000413574
         0.000002757        -0.002367950        -0.001264649         0.005790768
        -0.001820904         0.018118100        -0.000921454        -0.013761349
        -0.000653268        -0.004351019         0.004388682        -0.035384698
        -0.016881646        -0.008855390         0.088189741        -0.011560725
        -0.004754192        -0.155487574         0.095238799         0.044410121
         0.012392078         0.011202607         0.226345338        -0.209632551
         0.196493051        -0.190831493         0.197922954        -0.211425528
          30           1.933437706    0    0
         0.000000000         0.000000000         0.000000000         0.000000000
         0.000000000         0.000000000         0.000000000         0.000000000
         0.000000000         0.000000000         0.000000000         0.000000000
         0.000000000         0.000000000         0.000000000         0.000000000
         0.000000000         0.000000000         0.363576059        -0.008439761
        -0.268443702         0.250181759        -0.086517508        -0.131053265
        -0.256904392         0.106592435         0.119792959        -0.372686462
         0.027032703         0.257107402        -0.054137723        -0.035546962
         0.034446005         0.006123506        -0.009095395        -0.048843785
        -0.066674431         0.073352468         0.220047913        -0.053007850
        -0.014815361        -0.129626723         0.061410582        -0.095748292
        -0.045479104         0.108802948         0.143758500        -0.139468640
        -0.017279042        -0.098584849         0.058609887        -0.001315825
         0.111307349         0.030149517        -0.022783285         0.008235107
        -0.049922196         0.073755315        -0.049077999        -0.067669456
        -0.011376962         0.004591009        -0.001767424         0.003627527
        -0.020147351         0.226061302        -0.010992165        -0.003852895
        -0.003535181        -0.005091465         0.000209520        -0.000735064
        -0.020554422        -0.033077124         0.000014242        -0.000864700
        -0.002650576        -0.001157388         0.000453062        -0.004856046
        -0.000002344        -0.100914782         0.060462221        -0.002854438
         0.000152484        -0.001639645        -0.004714104         0.022585572
        -0.003673929        -0.012702429        -0.011538049         0.009196159
        -0.009300111         0.012634034        -0.000134499        -0.010137577
         0.096300633        -0.003123615        -0.005829613        -0.018559667
         0.133029201        -0.071507927        -0.038516822         0.151028448
        -0.158340931        -0.033127013         0.214554733        -0.135289696
          31           1.923763280    0    0
         0.000000000         0.000000000         0.000000000         0.000000000
         0.000000000         0.000000000         0.000000000         0.000000000
         0.000000000         0.000000000         0.000000000         0.000000000
         0.000000000         0.000000000         0.000000000         0.000000000
         0.000000000         0.000000000        -0.102400858         0.235446506
        -0.260656878        -0.073535516         0.360983882        -0.190548098
         0.071276671        -0.325611085         0.162604273         0.098829400
        -0.205071621         0.229057033        -0.140247412        -0.141336724
         0.121777578         0.005176103         0.011065850        -0.150263947
         0.104319080        -0.078445477         0.067460897         0.045919547
        -0.055422454         0.084785624         0.006415378        -0.027716693
        -0.178938294         0.053932006         0.008154800         0.169793580
        -0.068951018        -0.020571664        -0.008088815         0.015081923
         0.056588566         0.118659921        -0.139884003         0.005438103
        -0.141671461        -0.071052500         0.032411984         0.104426341
        -0.053485884         0.002450413         0.002333543         0.008296203
         0.219205437         0.014549340        -0.018184120         0.000585334
        -0.002957703        -0.012588480        -0.000031189        -0.002586012
        -0.073855207         0.010750753        -0.000332057        -0.000737424
         0.001883429        -0.001376799         0.000168420         0.002678930
         0.000029912         0.052942703         0.167114722        -0.010434098
         0.000724285        -0.009130179        -0.008089867        -0.016374775
        -0.004232398        -0.010656056        -0.016893642         0.032728832
         0.004901991         0.098457427        -0.034098411        -0.028193167
        -0.018538555        -0.030827388         0.030535928        -0.002426849
        -0.071651143        -0.129961555        -0.139631967        -0.011658804
         0.161093427        -0.133105247         0.064684586         0.060071644
          32           1.832381734    0    0
         0.000000000         0.000000000         0.000000000         0.000000000
         0.000000000         0.000000000         0.000000000         0.000000000
         0.000000000         0.000000000         0.000000000         0.000000000
         0.000000000         0.000000000         0.000000000         0.000000000
         0.000000000         0.000000000         0.016825951        -0.165995006
         0.202219406         0.011117484        -0.219325560         0.154759814
         0.012010810        -0.262023334         0.183374396         0.015578476
        -0.195273579         0.246539598        -0.020248103        -0.013620893
         0.023570149        -0.003884573         0.001990273         0.050231359
        -0.027785407         0.081837085         0.031150098        -0.119852741
        -0.122331100        -0.211186893        -0.123066363         0.077477114
         0.318367461        -0.017527815        -0.192566694         0.008979770
         0.118584864        -0.085602119         0.129588330         0.008284163
         0.041012469        -0.007130198        -0.002707820         0.016902688
         0.002298456        -0.089823588         0.127406652         0.050729509
        -0.004549638         0.000163953        -0.063033349        -0.003204757
         0.020821855         0.010884828         0.090008209        -0.000137941
        -0.023012298         0.170843429         0.000004532         0.026683131
        -0.005221069        -0.000020988         0.000165683        -0.000566159
         0.000850921         0.022717442        -0.002368180        -0.000409597
        -0.000181033         0.001314489         0.012130128         0.077793247
        -0.009343430         0.117750511         0.093417435        -0.004256940
         0.004273830         0.036459000         0.091354404        -0.171781064
         0.013899131         0.018120654        -0.001592729        -0.000759326
        -0.001053720         0.041322945         0.057487644        -0.080617096
        -0.003394400        -0.014323999        -0.350446893         0.207049041
        -0.003952219        -0.057892756        -0.025188608         0.225030598
          33           1.741937883    0    0
         0.000000000         0.000000000         0.000000000         0.000000000
         0.000000000         0.000000000         0.000000000         0.000000000
         0.000000000         0.000000000         0.000000000         0.000000000
         0.000000000         0.000000000         0.000000000         0.000000000
         0.000000000         0.000000000         0.334874006        -0.106549407
        -0.180192070         0.213769608        -0.152189112        -0.125115180
         0.205963303        -0.150205478        -0.120339721         0.324759376
        -0.105879717        -0.172800810        -0.053186084         0.046266227
         0.000791839        -0.093383839         0.087186355        -0.007810707
        -0.098080718         0.042270854         0.224655035        -0.019593787
         0.003567821        -0.168437569         0.028078495        -0.051523060
        -0.015106329         0.097931024         0.183301252        -0.216666671
        -0.009970739         0.048471546        -0.026764528        -0.092869037
        -0.096372644         0.001937988        -0.055191552         0.089209961
         0.050624903        -0.039938274         0.010085279         0.094178913
        -0.000048469         0.000259578         0.001219407         0.002125575
        -0.000710941         0.004880459         0.009826487         0.212916021
        -0.005442139        -0.005014560         0.019075441         0.000462773
        -0.000580868        -0.000301617         0.001921824        -0.000017414
        -0.000195975         0.003203031         0.025023112        -0.000071475
        -0.004781659        -0.001691029         0.001689330         0.006339162
         0.035376792        -0.131290527         0.167588503        -0.002541950
        -0.055888494         0.005363958        -0.015358497         0.002291115
        -0.006018159        -0.002872352         0.011320435        -0.007314668
        -0.001300584         0.099846761         0.103571345         0.101475638
         0.009852638        -0.005651552         0.019134099        -0.186023701
         0.219257201         0.001060277        -0.213727917         0.160823693
          34           1.087813005    0    0
         0.000000000         0.000000000         0.000000000         0.000000000
         0.000000000         0.000000000         0.000000000         0.000000000
         0.000000000         0.000000000         0.000000000         0.000000000
         0.000000000         0.000000000         0.000000000         0.000000000
         0.000000000         0.000000000        -0.001927582         0.149206272
        -0.007989640         0.009592669         0.011166712        -0.162855472
         0.005258990         0.006282796        -0.163871176         0.001489277
         0.158369536        -0.006741327         0.093010756         0.072253472
         0.020346539         0.232805529         0.237137071        -0.007369472
         0.095130965        -0.073079861        -0.085729065        -0.217921491
        -0.404552930         0.051290814        -0.211447885        -0.079329523
         0.060247192         0.083020538         0.058696753        -0.084760031
         0.403980848         0.075237824         0.216404572        -0.226998615
        -0.091306733        -0.023996552        -0.082501115        -0.247911824
        -0.094354079         0.071096525         0.218027043        -0.100191569
        -0.000336051        -0.000824554        -0.015902528         0.001121381
        -0.001167121        -0.000651937        -0.014885076         0.002913908
         0.003675015        -0.056753217         0.003944843         0.047528626
        -0.001521233         0.001352152        -0.002573152         0.000681632
        -0.000855092        -0.020230227         0.004576328         0.000040072
        -0.000082212         0.001637471         0.003866586         0.029502562
         0.006674262        -0.089584888        -0.060479024         0.000588801
        -0.007694512        -0.021190351        -0.073850875        -0.020270336
        -0.008118811         0.001389922         0.006259376        -0.002743100
        -0.002300316        -0.004748703        -0.026453511         0.025257821
        -0.001161985        -0.002337031        -0.065916191        -0.053803668
         0.080479627         0.012488084         0.084264273        -0.051108580
          35           1.070308693    0    0
         0.000000000         0.000000000         0.000000000         0.000000000
         0.000000000         0.000000000         0.000000000         0.000000000
         0.000000000         0.000000000         0.000000000         0.000000000
         0.000000000         0.000000000         0.000000000         0.000000000
         0.000000000         0.000000000         0.039818101        -0.113679813
        -0.017057280         0.205153692        -0.024882780        -0.110385470
         0.196977828        -0.022846967        -0.101874421         0.048052017
        -0.112830371        -0.023000286         0.196423136        -0.203438736
        -0.002580727         0.337640303        -0.357819380         0.001412944
         0.167198811         0.066518127        -0.063476203        -0.016422806
         0.014965139        -0.057584991         0.016739952        -0.068893377
        -0.003714900        -0.171284378         0.060719360         0.062260465
        -0.011284077         0.063792625        -0.020453213         0.365033887
         0.166903665        -0.000670724         0.194598665        -0.360618458
        -0.193044239        -0.068817063         0.004571346        -0.161827797
        -0.000267495        -0.000798215        -0.000020805         0.001657282
        -0.000401142         0.000109759         0.003567627         0.064895066
        -0.004247826         0.003811704         0.061248742        -0.001256706
         0.001086159         0.001918697        -0.025993063        -0.000671994
        -0.000583087         0.004796518         0.026579973         0.000278970
        -0.001249417         0.002982085        -0.002456391         0.012030746
         0.026195794        -0.093293806         0.122803890        -0.002428088
        -0.074109124        -0.062025672         0.020949406        -0.005306845
        -0.004311866        -0.000127021         0.006880304        -0.002685025
        -0.002041903         0.017222396         0.015135440         0.010472378
        -0.000310705         0.000790013         0.001159255        -0.053610115
        -0.066682091         0.000077217         0.061278903         0.057948697
          36           1.048012820    0    0
         0.000000000         0.000000000         0.000000000         0.000000000
         0.000000000         0.000000000         0.000000000         0.000000000
         0.000000000         0.000000000         0.000000000         0.000000000
         0.000000000         0.000000000         0.000000000         0.000000000
         0.000000000         0.000000000        -0.114976668        -0.067347330
         0.050375803         0.050594445         0.055550692        -0.060821092
        -0.066802024        -0.054082498         0.076958203         0.125037597
         0.070264472        -0.052021248         0.022332388        -0.024403823
        -0.004351881        -0.461018353         0.466691027         0.003969276
        -0.038254509         0.010831249         0.062093538        -0.073255467
        -0.011487990        -0.027757668         0.071976574        -0.010542831
         0.001361885         0.029252887         0.028193815        -0.066954506
        -0.017990093        -0.018135903         0.069409312         0.471561051
         0.024592795        -0.002947772        -0.037588339        -0.454050854
         0.041914975         0.011613295        -0.085228422        -0.023571778
         0.000691612        -0.064762888        -0.000520324         0.003213454
         0.004919348        -0.013656376         0.000981694         0.000359750
        -0.001279260         0.000939823        -0.003693599        -0.001613404
        -0.000272542         0.032741182         0.000730643         0.000380927
        -0.024776122         0.000250816        -0.001084404        -0.021166000
         0.000155258        -0.071357926         0.006530372         0.003972392
        -0.002758657         0.001386507        -0.001395594         0.000252135
        -0.001902477         0.001114825        -0.005839240         0.003367254
         0.068300912         0.002216034         0.000412895        -0.003462163
        -0.083324204        -0.002407063         0.001618258        -0.000075646
         0.005109433        -0.000494623         0.001872620         0.035093387
        -0.066951942         0.001668460         0.058059594        -0.029996742
          37           1.031653713    0    0
         0.000000000         0.000000000         0.000000000         0.000000000
         0.000000000         0.000000000         0.000000000         0.000000000
         0.000000000         0.000000000         0.000000000         0.000000000
         0.000000000         0.000000000         0.000000000         0.000000000
         0.000000000         0.000000000         0.002819262        -0.017094051
        -0.090737336         0.001189993         0.091229290         0.015432242
         0.006706090        -0.077948794        -0.011986641        -0.005577131
         0.006028234         0.084332724         0.093414955         0.088326169
        -0.045115613         0.275314241         0.253080172         0.025597885
        -0.014652435         0.026790073        -0.051769601        -0.057440943
        -0.541398144        -0.016727182        -0.058737363         0.025535156
         0.108529833        -0.017811854        -0.016305377        -0.049004979
        -0.526128254         0.026317937        -0.069878136         0.242056568
        -0.005931646        -0.042279227         0.095681694         0.266854723
         0.085943052         0.024151858        -0.063604303        -0.012378470
         0.091877164        -0.000106694         0.001012528        -0.010480856
         0.016927225         0.007175055        -0.002172301         0.000095341
         0.003471579        -0.000807231         0.001352520        -0.003141062
         0.008126722        -0.000951578        -0.001089818         0.025284535
         0.001601977         0.000735635         0.000234342        -0.000351145
         0.000094714        -0.018026923        -0.153263595        -0.003650928
        -0.000424200        -0.000094727         0.001959739        -0.002019081
        -0.000996367         0.000076005         0.003724585         0.006004134
        -0.002370189         0.033729061        -0.016426662        -0.052089244
         0.004932144         0.000609818        -0.002275626         0.000196843
         0.002239360         0.005329830         0.109818967        -0.016729262
        -0.050267893         0.023701891        -0.050753565        -0.013341322
          38           0.975562890    0    0
         0.000000000         0.000000000         0.000000000         0.000000000
         0.000000000         0.000000000         0.000000000         0.000000000
         0.000000000         0.000000000         0.000000000         0.000000000
         0.000000000         0.000000000         0.000000000         0.000000000
         0.000000000         0.000000000        -0.175331148        -0.083108651
         0.104563226         0.188015802         0.072193295        -0.116424860
         0.176176455         0.079447108        -0.080014258        -0.170104982
        -0.101057386         0.089508831         0.216039708        -0.258032722
        -0.034638859        -0.361488246         0.261460672         0.022864128
         0.119377852         0.009262593        -0.058519593        -0.145992950
        -0.003640898        -0.016943585         0.046206866        -0.078792287
        -0.018877880        -0.133618273         0.075233817        -0.001236791
        -0.052696127         0.017382398        -0.123130416        -0.324650368
         0.100497788        -0.029871100         0.203975135         0.269492444
        -0.237240239        -0.071115279         0.060547457        -0.127656940
        -0.002167637        -0.000563832        -0.002284113         0.022729015
         0.002234530         0.000588879        -0.006845717        -0.058709811
        -0.020287441         0.002147540         0.081922472         0.001602289
         0.005909204         0.002538655        -0.064088745        -0.004941710
        -0.000592544         0.005855611         0.046976577        -0.000530406
         0.000068046         0.004882834        -0.009046626         0.023528767
         0.024928498        -0.117576887         0.130146022         0.000507208
        -0.085819442        -0.095986954         0.031806949        -0.011546157
        -0.001093406        -0.006028623        -0.019985677         0.013246750
         0.000633387        -0.067871488        -0.069156995        -0.075919177
        -0.006997260         0.003496424        -0.017229492        -0.018606019
        -0.047180851         0.017891967         0.002743292         0.065273030
          39           0.964213746    0    0
         0.000000000         0.000000000         0.000000000         0.000000000
         0.000000000         0.000000000         0.000000000         0.000000000
         0.000000000         0.000000000         0.000000000         0.000000000
         0.000000000         0.000000000         0.000000000         0.000000000
         0.000000000         0.000000000        -0.031254466        -0.104090362
        -0.042575287         0.027013993         0.075274030         0.073064857
         0.050151169         0.042520133        -0.043677537        -0.030778995
        -0.006743756        -0.011857822         0.140289582         0.072014030
         0.179025153         0.171112735         0.294852171        -0.112974934
         0.053263687         0.200258798         0.152456215         0.237535445
         0.092149091        -0.159831663         0.271527157         0.180243711
         0.102387431         0.025828012        -0.146908816         0.154558435
         0.287857221         0.155279650         0.111393688         0.112623723
         0.147938380         0.178852448         0.162075859         0.200376186
         0.042701055         0.138400292         0.152368907         0.073153339
         0.004469527        -0.002095248         0.011213798        -0.116851072
        -0.011855152        -0.005541411         0.005882828        -0.004314075
         0.121880602         0.002891347         0.016075680        -0.031226387
        -0.028504418        -0.004088717        -0.012093978         0.017949456
         0.001978564         0.013172072         0.007654435         0.000192275
         0.000141535        -0.008407980         0.036146988        -0.020778368
         0.003206026         0.023171958         0.051004456        -0.007296143
        -0.004197218         0.004458200         0.065107411         0.045581445
        -0.049740666         0.054764087         0.141503372        -0.064591307
        -0.017624116        -0.025717468        -0.027016287         0.011804958
         0.002762615         0.004358220         0.103709966        -0.136334165
         0.112319918        -0.117921985         0.132253982        -0.109901586
          40           0.954110168    0    0
         0.000000000         0.000000000         0.000000000         0.000000000
         0.000000000         0.000000000         0.000000000         0.000000000
         0.000000000         0.000000000         0.000000000         0.000000000
         0.000000000         0.000000000         0.000000000         0.000000000
         0.000000000         0.000000000         0.000907979        -0.113966386
        -0.147879633         0.004378320         0.149121642         0.112017168
        -0.001410412         0.168007929         0.159142598        -0.000979307
        -0.156308360        -0.167730426        -0.015979478        -0.020829818
        -0.041186060         0.077965927         0.068554858         0.037448623
        -0.143134613         0.035664800         0.020311507         0.170044594
        -0.395512297        -0.019378386         0.170472696         0.036053123
        -0.029066719        -0.149024754        -0.017782756         0.022328782
         0.322372777        -0.129545819        -0.294026605        -0.198780167
         0.120521632        -0.057448518        -0.034758364        -0.192373742
        -0.031738723        -0.130695486        -0.294180100         0.122727390
        -0.004792585         0.000803099         0.042758152         0.030623097
         0.005283421         0.003066174         0.017247043         0.000148920
        -0.029140898        -0.038455501        -0.000282867        -0.112664019
         0.010853750         0.000227374         0.001968040        -0.008759518
         0.001020567         0.044706455        -0.007062254        -0.001210466
         0.000462955         0.000384600        -0.014408462        -0.068691476
        -0.004083720         0.108888107         0.093453169         0.005322684
         0.001596651         0.012525853         0.113314917         0.133746759
         0.029746462        -0.020655591        -0.065968072         0.034336222
         0.010175722        -0.020689749        -0.017360388         0.048155297
         0.003520057        -0.001981578        -0.022298610         0.095814632
        -0.097540309         0.019284595        -0.098436166         0.094942849
          41           0.927061802    0    0
         0.000000000         0.000000000         0.000000000         0.000000000
         0.000000000         0.000000000         0.000000000         0.000000000
         0.000000000         0.000000000         0.000000000         0.000000000
         0.000000000         0.000000000         0.000000000         0.000000000
         0.000000000         0.000000000         0.002763591         0.221794208
         0.071488741        -0.005336542        -0.070506382        -0.213036328
        -0.003765472         0.061770238         0.205527954         0.001552957
        -0.203940762        -0.067184194         0.104026118         0.119207457
         0.016242498         0.009738751         0.005516756        -0.096777170
         0.243975734         0.050940075        -0.018845347        -0.272108138
         0.121819211         0.005051012        -0.274706316         0.053703183
         0.126750338         0.250836385         0.001356575        -0.020637938
         0.107524660         0.063540022        -0.239443230         0.012286724
         0.251896743         0.030953923         0.126078245         0.004610202
         0.132154712         0.066682446        -0.244374841         0.257018914
        -0.023005292         0.001154490        -0.011838500        -0.030276985
         0.062496058         0.021835984        -0.008847535         0.002104737
         0.039698458         0.004041833        -0.001275685         0.003148361
         0.066680761        -0.000712012         0.001242565        -0.094551573
        -0.002705658        -0.001490040        -0.000429219         0.002200406
        -0.000021898        -0.028941429        -0.226416225         0.035359359
        -0.002605343         0.009067963         0.005520398         0.016138364
         0.000117309         0.002982993         0.002901851         0.004647254
        -0.000326541        -0.207895986         0.055473223         0.025955349
        -0.004102293         0.001175093        -0.005915836        -0.004945322
        -0.028017774        -0.072567301         0.136083561        -0.008861878
        -0.005306525        -0.106728319        -0.005324398        -0.011019348
          42           0.886909060    0    0
         0.000000000         0.000000000         0.000000000         0.000000000
         0.000000000         0.000000000         0.000000000         0.000000000
         0.000000000         0.000000000         0.000000000         0.000000000
         0.000000000         0.000000000         0.000000000         0.000000000
         0.000000000         0.000000000         0.020994941         0.122335846
         0.007001380        -0.224404446        -0.001245252         0.110043734
         0.237941885         0.000992110        -0.122669768        -0.022298035
        -0.120537898        -0.003004055        -0.279931617         0.282455926
        -0.007353417        -0.048988766         0.034450838         0.001768665
        -0.244167770         0.030833117         0.077902917         0.031218236
        -0.002926694         0.085225347        -0.054072664        -0.048124507
        -0.002403327         0.247189172        -0.072244572        -0.090004628
        -0.002335081        -0.051948291        -0.061204391         0.034043145
         0.234903297        -0.017474056         0.279839358        -0.042020131
        -0.309029920         0.024166413         0.033885499        -0.272643978
        -0.001055719        -0.021066727         0.008256793         0.011148821
         0.028884068        -0.077040924         0.004893163         0.001278278
        -0.002726663        -0.001922063         0.002012355         0.002639102
         0.002208203        -0.107373822        -0.000958066        -0.000047677
         0.030094287        -0.001051098         0.000877389         0.027244369
        -0.000036294        -0.305064955         0.037335491        -0.022719566
        -0.000431125         0.002329827        -0.004221684        -0.044619164
         0.007117367         0.010532194         0.019640238        -0.012369717
        -0.214251613        -0.012490249        -0.046673971         0.013400232
         0.075475552        -0.002133600         0.009053195         0.008704028
        -0.051222640         0.012058431        -0.009504090        -0.073439763
        -0.096648977         0.012808857         0.072798862         0.092932307
          43           0.821792530    0    0
         0.000000000         0.000000000         0.000000000         0.000000000
         0.000000000         0.000000000         0.000000000         0.000000000
         0.000000000         0.000000000         0.000000000         0.000000000
         0.000000000         0.000000000         0.000000000         0.000000000
         0.000000000         0.000000000        -0.002030836         0.038905251
         0.028228387         0.012430986        -0.024893596        -0.048845449
        -0.006083539        -0.020248660        -0.021179115         0.001024068
         0.025103998         0.018751800         0.242715086         0.218292918
         0.214830933        -0.108177281        -0.105010489        -0.137189480
         0.269551078         0.117298771         0.084553484         0.089014592
        -0.057654904        -0.051753114         0.094140913         0.120092109
         0.090837598         0.248798268        -0.045038179         0.090778954
         0.071687210        -0.107948174        -0.117512468         0.115094960
        -0.252573885        -0.220836889        -0.226119518         0.117458519
        -0.211550405        -0.112428275        -0.114834479        -0.235277165
        -0.000425656        -0.000116719         0.257348315         0.002348722
         0.002347161         0.003977799         0.009479732         0.000487480
         0.005703627        -0.020802472         0.000629487         0.040354236
         0.003470070         0.004279251        -0.001766555        -0.003330653
        -0.001426740        -0.018694254         0.003488630        -0.000101654
        -0.000208528         0.009200424        -0.010837892        -0.339541498
         0.014900550        -0.071714271        -0.037667775         0.003836634
        -0.006010168        -0.014338683        -0.050380623        -0.047559923
         0.007675907        -0.018641903         0.012276445        -0.007138614
        -0.003688840        -0.003086586        -0.013831679         0.007075212
        -0.002337472        -0.004865465        -0.077268662         0.049942432
        -0.086221153         0.128139748        -0.092449203         0.044325521
          44           0.800780234    0    0
         0.000000000         0.000000000         0.000000000         0.000000000
         0.000000000         0.000000000         0.000000000         0.000000000
         0.000000000         0.000000000         0.000000000         0.000000000
         0.000000000         0.000000000         0.000000000         0.000000000
         0.000000000         0.000000000        -0.004007296        -0.001396819
         0.005736141        -0.002637965        -0.003075470         0.004742074
         0.005173643        -0.002024840        -0.010286895        -0.000620374
         0.004271450         0.003008260         0.123383881         0.134801240
         0.129213825        -0.307196855        -0.300737748         0.006165526
         0.118546446         0.110695358         0.017869979         0.135970217
        -0.289673047         0.008492580         0.133477868         0.100506484
         0.010746253         0.123057604         0.006361065         0.015012817
        -0.289492390         0.100291456         0.135727211        -0.299463057
         0.122091840         0.123021686         0.125449452        -0.303369844
         0.111667710         0.108774821         0.134132263         0.112539362
        -0.048830611        -0.005713421         0.002702360        -0.322793499
        -0.005849647        -0.006673549         0.000856329        -0.004689114
        -0.105991499        -0.011355603         0.000826972         0.001631606
         0.027567453        -0.001096868         0.000273916         0.004464947
         0.000712596         0.000900277        -0.000414858         0.000798599
         0.000072679        -0.004425260        -0.003663729        -0.005471429
         0.001361595        -0.008324461        -0.000952378         0.018248125
         0.013322124         0.025564453         0.026066960         0.047720422
        -0.017717309         0.009142108         0.024889177        -0.029061450
        -0.014340610         0.214850521        -0.149538126        -0.052444955
        -0.015820664        -0.005152161         0.006612815         0.007130629
         0.013118099         0.009261140         0.018515839         0.009559472
          45           0.564475337    0    0
         0.000000000         0.000000000         0.000000000         0.000000000
         0.000000000         0.000000000         0.000000000         0.000000000
         0.000000000         0.000000000         0.000000000         0.000000000
         0.000000000         0.000000000         0.000000000         0.000000000
         0.000000000         0.000000000         0.000947097         0.016183316
         0.001558832         0.003473285        -0.003156776        -0.021712923
        -0.003193404        -0.003979434        -0.009833484        -0.001319303
         0.011046747         0.002767607         0.076648225         0.070278607
        -0.286084716         0.221045088         0.223324110        -0.098501386
         0.071373981        -0.213280277         0.083882872         0.090156326
         0.223541328        -0.123010684         0.092885926        -0.210371749
         0.095990934         0.069002331        -0.120527022         0.084148089
        -0.220221936         0.220287165        -0.098040750        -0.223941119
        -0.062737337         0.276961205        -0.076281164        -0.223478182
        -0.072959153         0.210768750        -0.100711932        -0.059463248
        -0.002424984        -0.000466242         0.097357783         0.000014640
         0.016501239         0.017221019         0.224946338        -0.014671667
        -0.002055694         0.014799460        -0.000303988        -0.004373966
        -0.000534811         0.000781443         0.000072308        -0.002408904
        -0.000539357         0.002204817         0.000903261        -0.000639176
         0.000003885         0.000688494         0.000590320        -0.151977614
         0.016984542        -0.023505889        -0.011873878        -0.002269996
         0.023678324         0.052352613         0.197657010        -0.161206455
         0.030285211         0.008342188        -0.018318323         0.012688879
        -0.000403219        -0.003701422        -0.034316263         0.048192859
         0.005354123        -0.021940491        -0.095656519         0.124390298
        -0.083919910         0.094642125        -0.084398585         0.123036062
          46           0.499070357    0    0
         0.000000000         0.000000000         0.000000000         0.000000000
         0.000000000         0.000000000         0.000000000         0.000000000
         0.000000000         0.000000000         0.000000000         0.000000000
         0.000000000         0.000000000         0.000000000         0.000000000
         0.000000000         0.000000000         0.005776266         0.093983946
         0.010691806        -0.141651358         0.013274041         0.107707046
        -0.130804934         0.011416280         0.101359322         0.003659453
         0.090609841         0.010568798        -0.001480990        -0.001148566
         0.026093004        -0.007306373         0.009979250        -0.002650018
         0.013680677         0.470595637         0.034854389        -0.003940371
         0.001809749        -0.028928347        -0.000694201        -0.495398079
        -0.001716341        -0.015304877         0.030522365        -0.031390607
        -0.001046729         0.474154128        -0.000406217        -0.009474490
         0.012418565        -0.024223701        -0.002269450         0.007427418
         0.005117927        -0.451256270         0.001314135        -0.010430001
         0.000522504         0.001890936        -0.002112109        -0.000170676
         0.000518159        -0.001140844        -0.001609908        -0.040290647
         0.001953463         0.000781476        -0.060024255        -0.001937417
        -0.000204427        -0.000900717        -0.005794014        -0.000165332
         0.000009657        -0.000388000        -0.002149603        -0.000663626
        -0.002310982         0.002157514        -0.001390688        -0.003138210
        -0.043171530         0.015828668        -0.020498871        -0.000074339
         0.057146357         0.073117400        -0.015725282         0.005014226
         0.002382869         0.000132444        -0.006114742         0.003671754
        -0.000815069        -0.026117913        -0.019706762        -0.020362123
        -0.000051655        -0.000180840         0.001782668        -0.026814090
         0.030347741         0.001599097        -0.033105722         0.026403865
          47           0.496250718    0    0
         0.000000000         0.000000000         0.000000000         0.000000000
         0.000000000         0.000000000         0.000000000         0.000000000
         0.000000000         0.000000000         0.000000000         0.000000000
         0.000000000         0.000000000         0.000000000         0.000000000
         0.000000000         0.000000000         0.001329552         0.129680242
         0.015715653        -0.003832850        -0.014777477        -0.125450580
        -0.009406336        -0.015913659        -0.129440714         0.000466604
         0.140200360         0.016102662         0.023126103         0.025040161
        -0.513057460        -0.031433991        -0.031950957         0.042985301
         0.019471953         0.303540909        -0.031944709         0.013725476
        -0.032874420        -0.000955497         0.013345643         0.273873819
         0.033161445         0.020244504        -0.000131919        -0.034166235
         0.031789376        -0.269866461        -0.016333950         0.030664819
        -0.017815389         0.527932676        -0.019522874         0.031368179
        -0.021583788        -0.328091768        -0.015088559        -0.018467735
         0.001820550        -0.001008322         0.029247679        -0.000014235
        -0.002912407        -0.001191794        -0.024566045         0.000628300
         0.004987509        -0.057173070        -0.001170935         0.045450334
        -0.000653121         0.000694286        -0.000740822         0.000208734
         0.000593367         0.006465779        -0.000937339        -0.000062902
         0.000142991        -0.000964111        -0.002678256        -0.029078773
         0.000913233        -0.012955215        -0.009611484         0.001720902
        -0.007349126        -0.019552831        -0.086514958        -0.012581812
        -0.007086962         0.001057679         0.003349360        -0.000895082
         0.000618985        -0.008768692        -0.040533726         0.038243442
        -0.001778316        -0.001865448        -0.034925886         0.000272883
         0.035254407        -0.046475398         0.030801748         0.003992985
          48           0.473378267    0    0
         0.000000000         0.000000000         0.000000000         0.000000000
         0.000000000         0.000000000         0.000000000         0.000000000
         0.000000000         0.000000000         0.000000000         0.000000000
         0.000000000         0.000000000         0.000000000         0.000000000
         0.000000000         0.000000000         0.004913108        -0.089728661
        -0.003822069         0.168048654        -0.006157886        -0.100954832
        -0.169480319         0.005585290         0.108901958        -0.006696145
         0.090512563         0.004249117        -0.072668312         0.069480055
        -0.011039347         0.009960801        -0.015618130         0.004011717
        -0.057345941        -0.429768354        -0.008703535         0.010887856
        -0.002781697         0.036244846        -0.004294523         0.450289839
        -0.000881960         0.054652271        -0.035807905         0.005357135
        -0.001095796         0.480113211        -0.002424716        -0.013853013
         0.055391520        -0.030506187         0.071376515         0.011301533
        -0.070985088        -0.444672138         0.012605814        -0.055756836
        -0.007643552        -0.087888639        -0.001694245        -0.000870074
        -0.015324112         0.046016419        -0.003640509        -0.001043034
        -0.002474401         0.000539167        -0.000550851        -0.000452006
         0.002202767         0.007340260        -0.000461018         0.000691892
         0.016632957        -0.000090064        -0.000344597         0.016979709
        -0.000276471        -0.173179497         0.032270954         0.004018103
        -0.001301132        -0.002345546         0.001715687         0.015972382
         0.001089674        -0.001766805        -0.003807321         0.002470603
         0.033161897         0.002296425         0.015239944        -0.002738608
         0.071550249         0.003834817        -0.003437883        -0.003881093
         0.007694452        -0.001616253         0.001193598        -0.037129594
         0.006964326         0.003301673        -0.008713768         0.034963869
          49           0.467516552    0    0
         0.000000000         0.000000000         0.000000000         0.000000000
         0.000000000         0.000000000         0.000000000         0.000000000
         0.000000000         0.000000000         0.000000000         0.000000000
         0.000000000         0.000000000         0.000000000         0.000000000
         0.000000000         0.000000000        -0.000524603         0.163519159
         0.011253736        -0.007916040        -0.010279775        -0.154680674
         0.007200242         0.011125919         0.151560543         0.000844591
        -0.162630294        -0.011674241        -0.041108158        -0.044813274
        -0.502401463        -0.003516449        -0.002312678         0.050938033
        -0.026505414         0.301528174        -0.006598951         0.069087797
        -0.009312254        -0.021009106         0.068640268         0.257773601
         0.005280608        -0.032290763        -0.018903317        -0.006308946
        -0.006327968         0.248297795         0.070776256         0.000669480
        -0.030046870        -0.483743966        -0.043654458        -0.000639776
        -0.038912572         0.286437293         0.071392224        -0.023581913
        -0.110549263         0.006423590        -0.002595244         0.007285284
         0.049930251         0.014982347        -0.006915403         0.000356070
        -0.000414377        -0.000806148         0.000162716         0.000108108
         0.021161994         0.000186749        -0.000040517         0.017358434
        -0.000140946         0.000499603         0.000049256        -0.001312882
         0.000122745         0.039784356         0.228215017         0.006201828
         0.000209260         0.001079081         0.002350880        -0.000419841
        -0.002106237        -0.001551932        -0.003907933         0.004143260
         0.005450293        -0.008832247        -0.033573718        -0.060689046
         0.002875789        -0.002037477         0.001208901        -0.001961506
        -0.007013695        -0.016056863         0.006981286        -0.020722218
        -0.003395287         0.048770442        -0.003876256        -0.023452738
          50           0.356696937    0    0
         0.000000000         0.000000000         0.000000000         0.000000000
         0.000000000         0.000000000         0.000000000         0.000000000
         0.000000000         0.000000000         0.000000000         0.000000000
         0.000000000         0.000000000         0.000000000         0.000000000
         0.000000000         0.000000000         0.173783014         0.237357722
         0.172435754         0.256983475         0.173518562         0.235624783
         0.256252797         0.174522618         0.235256137         0.172830350
         0.237158694         0.172543247        -0.055443586         0.052437409
         0.001002394         0.002781585        -0.001088402        -0.001346893
         0.068072487        -0.028527862         0.003147973        -0.051407830
         0.002548056        -0.012186571         0.047018799         0.035544990
        -0.000242882        -0.069901547         0.012485676        -0.001785231
        -0.001232127        -0.027879296        -0.048619714        -0.003285182
         0.066760859         0.006444849        -0.055542250        -0.000359094
         0.054181661         0.037062827         0.050739549        -0.068573320
        -0.000321651         0.001060785        -0.002152865         0.002304119
        -0.000032185         0.000886808         0.006388443         0.055223105
        -0.003710304        -0.001403846        -0.036023879        -0.002376489
         0.000124320        -0.001213621        -0.148586466        -0.000432795
        -0.001099130        -0.011275197        -0.088152771        -0.001178225
        -0.025453675         0.001230575         0.000162221        -0.021678834
        -0.613159936        -0.071852593         0.039479435        -0.000831780
        -0.011286269        -0.024787255         0.013966195        -0.006926279
         0.000479708         0.001611699        -0.000908158         0.000495174
         0.000137378         0.007202545         0.003840613         0.012757423
         0.000493223        -0.000641738        -0.001421212        -0.010637787
         0.001395929         0.003316373        -0.005166162         0.013716546
          51           0.345628602    0    0
         0.000000000         0.000000000         0.000000000         0.000000000
         0.000000000         0.000000000         0.000000000         0.000000000
         0.000000000         0.000000000         0.000000000         0.000000000
         0.000000000         0.000000000         0.000000000         0.000000000
         0.000000000         0.000000000         0.001629933         0.013188764
         0.003244969         0.005733414         0.001106707        -0.012235057
         0.002916665         0.001930451         0.011715119         0.002156652
        -0.005912487         0.003065373         0.079404738         0.078016570
        -0.349371296         0.002989959         0.004493432        -0.085322389
         0.086760434        -0.326663550         0.067943270         0.085185184
         0.005044608        -0.086812763         0.087958509        -0.323748427
         0.063425425         0.081746026        -0.083755717         0.067656794
         0.003452014        -0.324632790         0.090396371         0.005167629
         0.080972307        -0.350333025         0.077983766         0.005330642
         0.076599958        -0.325666681         0.092252477         0.079079159
        -0.033930277        -0.003822137        -0.000027859        -0.267928511
         0.006267428         0.006631934        -0.000694924         0.006709913
         0.151543881         0.015914948        -0.000324646         0.000606233
        -0.010838788         0.001026491        -0.002189967        -0.002523477
        -0.000491146        -0.001170331        -0.000241517        -0.000149721
        -0.000281271        -0.000274053         0.015339596        -0.001571090
        -0.008285531         0.018344668         0.002393108         0.002871187
         0.018260519         0.031796471         0.042426371         0.030201113
        -0.062207338         0.011288779         0.233461348        -0.101949684
        -0.035500453         0.052872405        -0.057394643        -0.003867904
        -0.006753956        -0.025288933         0.063609974        -0.087821463
         0.068156497        -0.082149237         0.068113772        -0.087077408
$end
