refcode,natoms,heavy_rmsd
,61,4.084366613492582
,67,4.316304430972801
,75,0.4083518696267119
