refcode,natoms,heavy_rmsd
,61,4.062234760972775
,67,4.303069113629199
,75,0.9569024164423527
