refcode,natoms,heavy_rmsd
,61,4.02341864527246
,67,4.269544478453411
,75,1.897659269165237
