refcode,natoms,heavy_rmsd
,61,4.029536630984032
,67,4.340019852955081
,75,1.9931564989454629
