refcode,natoms,heavy_rmsd
,80,0.6781064948109378
,102,4.488819292053086
,53,4.186648087837056
