refcode,natoms,heavy_rmsd
,62,4.169925411567056
,54,3.9488350557527117
,47,2.7348472605012355
,34,3.021661049078645
,32,3.1212339109309637
,79,4.252807260419966
,69,4.7643106776623165
