refcode,natoms,heavy_rmsd
,61,4.0231183864759865
,67,4.3130480866413
,75,1.104560396104042
