method,N,mean,median,max
UFF,7.0,2.2210408245871665,1.654183509998366,4.065292552684254
GFN1-xTB,145.0,0.33977270225852696,0.24953103415086686,1.8222196947616944
GFN2-xTB,145.0,0.3292828523123708,0.20621285395536362,1.4820348916763184
PM6-D3,145.0,0.7345064013318167,0.5087463364999799,3.329002620123479
PM6-D3H4,3.0,3.1178579582336936,4.186648087837056,4.488819292053086
PM7,7.0,3.716231517987556,3.9488350557527117,4.7643106776623165
