refcode,natoms,heavy_rmsd
,80,0.5868940684217443
,100,1.3853595910848813
,62,1.6308045512341827
,70,1.654183509998366
,34,3.0681173526604577
,32,3.1566341460262772
,79,4.065292552684254
