refcode,natoms,heavy_rmsd
,61,4.045737055012303
,67,4.197286259503602
,75,0.2681090069613625
