system,ref_kcal,calc_kcal,error_kcal,abs_error_kcal
CBH,-11.06,-10.665936446260984,0.39406355373901647,0.39406355373901647
C3A,-18.19,-16.93614216720273,1.253857832797273,1.253857832797273
C3GC,-31.25,-28.79654088030777,2.45345911969223,2.45345911969223
C2C2PD,-24.36,-21.536888051770358,2.8231119482296414,2.8231119482296414
GCGC,-14.37,-15.94649294261694,-1.576492942616941,1.576492942616941
GGG,-2.4,-2.210254524506793,0.18974547549320686,0.18974547549320686
PHE,-25.76,-25.18475965239259,0.5752403476074122,0.5752403476074122
