   id,     Ring1,     Ring2,   charmm36, glycam06,hf/cbs(3-4),      pm3,       pm6,     pm6d3,   pm6d3h4,       pm7,       am1,      dftb,   dftb+d3,       pbe,   pbe+mbd,    pbe+ts,    pbe+d3,      blyp,   blyp+ts,   blyp+d3,      m06l,   m06l+d3,      m11l,      scan,      pbe0,  pbe0+mbd,   pbe0+ts,   pbe0+d3,     b3lyp,  b3lyp+ts,  b3lyp+d3,       m06,    m06+d3,     m062x,  m062x+d3,    m06-hf,  m06hf+d3,     m08so,     m08hx,       m11,      xyg3,    mp2cbs, dlpno/cbs(3-4)
    1,       4C1,       4C1,     -2.57,      0.25,      1.62,      0.49,     -0.14,     -2.77,     -4.18,     -0.93,      0.78,     -0.77,     -1.32,     -0.26,     -0.88,     -0.68,     -0.65,      0.31,     -1.87,     -1.15,     -0.38,     -0.37,      0.08,     -0.69,     -0.08,     -0.62,     -0.33,     -0.53,      0.28,     -0.78,     -0.68,     -0.01,      0.15,     -0.73,     -0.73,     -0.51,     -0.43,     -0.66,     -0.70,     -0.74,     -0.16,     -0.25,      0.00
    2,       4C1,       4C1,      0.00,      0.00,      0.00,      0.00,      0.00,      0.00,      0.00,      0.00,      0.00,      0.00,      0.00,      0.00,      0.00,      0.00,      0.00,      0.00,      0.00,      0.00,      0.00,      0.00,      0.00,      0.00,      0.00,      0.00,      0.00,      0.00,      0.00,      0.00,      0.00,      0.00,      0.00,      0.00,      0.00,      0.00,      0.00,      0.00,      0.00,      0.00,      0.00,      0.00,     -0.40
    3,       4C1,       4C1,     -2.46,     -1.17,      0.03,      3.25,      3.34,      2.53,      1.64,      1.82,      1.65,     -0.51,     -0.56,      0.42,      0.31,      0.40,      0.47,      0.61,     -0.58,      0.61,      0.00,     -0.01,     -0.17,      0.07,      0.14,      0.05,      0.15,      0.18,      0.30,      0.44,      0.34,      0.27,      0.32,     -0.21,     -0.22,     -0.10,     -0.09,     -0.54,     -0.56,     -0.60,      0.05,      0.03,      0.01
    4,       4C1,       4C1,     -3.47,     -1.27,     -1.48,     -1.79,     -2.56,     -2.97,     -4.19,     -1.48,     -1.68,     -2.78,     -2.26,      0.09,      0.70,      1.00,      0.72,     -0.27,      1.10,      0.55,      0.91,      0.96,      0.46,      0.42,     -0.33,      0.28,      0.59,      0.24,     -0.43,      0.25,      0.28,      0.84,      1.21,      0.01,      0.04,     -0.64,     -0.46,     -0.16,     -0.18,     -0.14,      0.11,      0.25,     -0.07
    5,       4C1,       4C1,     -2.23,     -2.92,     -2.34,     -0.69,      3.94,      4.46,      4.27,      3.55,      2.64,     -1.17,     -0.63,      0.15,      0.72,      0.80,      0.78,     -0.07,      1.59,      0.99,      0.01,      0.02,     -0.98,      0.15,     -0.56,     -0.02,      0.07,      0.05,     -0.52,      0.28,      0.37,     -0.03,      0.23,     -0.22,     -0.22,     -0.92,     -0.81,     -0.48,     -0.50,     -0.58,     -0.07,      0.00,     -0.23
    6,       4C1,       4C1,     -1.85,     -2.08,      1.47,      1.20,      1.71,     -1.03,     -2.13,      1.01,      4.74,     -3.86,     -3.89,      1.39,      1.37,      1.90,      1.61,      1.45,      0.02,      1.41,      1.76,      1.78,      1.53,      0.91,      1.02,      1.06,      1.58,      1.15,      1.05,      1.16,      1.05,      1.80,      2.08,      0.84,      0.84,     -0.08,      0.05,      0.60,      0.73,      0.80,      1.08,      1.22,      1.76
    7,       4C1,       4C1,      0.84,      1.79,      0.90,      0.17,     -1.59,     -1.74,     -2.16,     -1.59,     -2.29,     -0.71,     -0.81,      1.46,      1.38,      1.47,      1.43,      1.49,      1.33,      1.39,      1.11,      1.07,      0.97,      1.43,      1.23,      1.15,      1.25,      1.15,      1.34,      1.33,      1.21,      1.54,      1.52,      1.02,      0.99,      0.96,      0.91,      0.88,      0.85,      0.90,      1.02,      0.96,      0.94
    8,       4C1,       4C1,     -0.06,      0.47,      1.99,      0.66,      0.44,     -0.53,     -1.73,      1.15,      3.27,      0.55,      0.75,      1.58,      1.81,      1.69,      1.92,      1.46,      1.89,      1.82,      2.69,      2.70,      2.24,      1.89,      1.61,      1.84,      1.79,      1.97,      1.45,      1.84,      1.91,      2.74,      2.98,      1.87,      1.87,      1.80,      1.91,      1.71,      1.69,      1.97,      2.07,      2.36,      2.51
    9,       4C1,       4C1,     -0.94,      4.04,      4.21,      1.62,     -0.25,     -3.09,     -3.58,     -1.09,      1.74,     -0.15,     -1.07,      2.71,      1.80,      2.32,      2.12,      3.65,     -0.22,      2.01,      1.35,      1.31,      1.37,      1.47,      2.44,      1.64,      2.18,      1.76,      3.19,      1.71,      1.92,      2.48,      2.50,      0.96,      0.91,      0.51,      0.50,      0.57,      0.79,      0.86,      2.24,      1.85,      2.45
   10,       4C1,       4C1,      4.09,      4.47,      5.55,      3.07,      2.80,     -0.27,     -1.20,      1.78,      2.65,      1.40,      0.56,      2.76,      1.90,      2.11,      2.17,      3.62,      0.09,      1.73,      2.32,      2.34,      2.41,      2.12,      3.10,      2.36,      2.65,      2.50,      3.69,      2.43,      2.45,      2.88,      3.04,      2.34,      2.35,      2.70,      2.81,      2.26,      2.38,      2.64,      3.20,      3.13,      3.47
   11,       4C1,       4C1,      1.01,      2.15,      2.92,      0.27,      1.14,      0.70,      0.72,      1.11,      1.06,      1.70,      1.32,      2.39,      1.99,      2.51,      2.26,      2.98,      1.17,      2.34,      1.30,      1.28,      0.97,      1.61,      2.15,      1.82,      2.34,      1.94,      2.72,      2.04,      2.21,      2.41,      2.53,      1.23,      1.20,      1.26,      1.29,      1.01,      0.92,      1.06,      2.18,      1.88,      1.99
   12,       4C1,       4C1,      2.48,      4.32,      2.79,      1.95,     -2.94,     -2.98,     -5.00,     -2.70,     -0.21,      2.36,      2.20,      3.12,      2.92,      2.85,      3.03,      2.99,      3.59,      2.50,      3.54,      3.49,      2.77,      3.20,      3.10,      2.91,      2.94,      2.96,      3.04,      2.43,      2.74,      3.82,      3.88,      2.76,      2.71,      2.56,      2.55,      2.93,      2.74,      3.21,      3.01,      2.91,      3.42
   13,       4C1,       4C1,      2.02,      5.52,      1.42,      1.35,     -1.57,     -0.50,     -0.61,     -0.87,     -2.15,      0.56,      0.50,      3.13,      3.07,      3.30,      3.07,      3.07,      3.70,      2.90,      2.11,      2.01,      1.70,      2.92,      2.76,      2.68,      2.89,      2.61,      2.91,      2.81,      2.67,      2.77,      2.72,      2.13,      2.04,      1.80,      1.69,      1.98,      1.92,      1.69,      2.38,      2.09,      1.85
   14,       4C1,       4C1,      1.99,      3.36,      2.00,      1.01,      3.82,      4.01,      4.09,      3.84,      0.93,      1.68,      1.95,      3.67,      4.02,      4.46,      4.04,      3.62,      3.85,      4.01,      3.58,      3.59,      2.47,      3.52,      3.22,      3.58,      4.04,      3.51,      3.43,      3.83,      3.73,      4.06,      4.31,      3.04,      3.03,      2.67,      2.77,      2.78,      2.64,      2.75,      3.66,      3.61,      3.89
   15,       3S1,       4C1,      8.95,     10.27,      9.48,     -0.51,     -1.88,     -5.53,     -7.77,     -4.28,      3.53,      0.27,     -0.81,      5.49,      4.57,      4.49,      4.80,      6.57,      4.66,      5.18,      5.33,      5.23,      5.12,      5.29,      5.93,      5.09,      5.08,      5.19,      6.78,      5.33,      5.60,      6.87,      6.66,      5.51,      5.44,      4.53,      4.36,      4.65,      5.36,      4.71,      6.35,      5.59,      5.80
   16,       4C1,       1C4,      8.12,      3.91,      9.43,      1.44,      6.01,      2.64,      2.74,      5.09,     11.23,      3.09,      1.88,      5.71,      4.56,      4.62,      4.93,      6.86,      3.64,      4.76,      4.74,      4.79,      5.36,      5.07,      5.77,      4.77,      5.00,      4.94,      6.60,      4.16,      5.03,      5.89,      5.92,      4.91,      4.96,      4.44,      4.49,      4.37,      4.86,      4.51,      6.20,      5.80,      5.71
   17,       0S2,       4C1,     12.12,     12.06,      6.04,      0.54,      1.45,      1.12,     -0.44,      0.48,      3.78,      0.10,      0.13,      4.31,      4.56,      4.65,      4.75,      5.01,      4.99,      5.76,      4.32,      4.31,      2.81,      4.74,      4.40,      4.65,      4.78,      4.81,      5.18,      5.59,      5.79,      6.06,      6.23,      4.92,      4.91,      4.30,      4.35,      3.67,      4.06,      3.92,      5.26,      4.98,      4.97
   18,       4C1,       1C4,      4.33,     -0.04,      6.60,      1.23,      2.76,      0.32,     -1.61,      1.75,      8.72,      1.60,      1.51,      4.95,      5.02,      5.08,      5.13,      4.85,      5.88,      4.98,      5.57,      5.55,      6.38,      5.41,      5.06,      5.15,      5.32,      5.15,      4.98,      4.48,      5.04,      6.68,      6.80,      5.53,      5.52,      4.65,      4.67,      5.16,      5.68,      5.08,      5.57,      5.51,      4.16
   19,       4C1,       4C1,      2.31,      5.59,      7.04,      2.03,      3.65,      1.26,     -0.77,      1.76,      6.40,     -0.28,     -0.56,      5.24,      4.98,      5.56,      5.33,      5.64,      4.14,      5.34,      5.32,      5.31,      5.13,      5.09,      5.28,      5.09,      5.70,      5.31,      5.60,      5.08,      5.44,      5.90,      6.14,      5.29,      5.26,      4.54,      4.63,      4.91,      5.03,      5.20,      5.54,      5.39,      5.18
   20,       0S2,       4C1,     14.26,     16.46,     11.01,      4.02,      0.35,     -2.38,     -5.75,     -0.50,      6.81,      1.29,      0.19,      5.99,      5.02,      4.95,      5.35,      7.40,      3.56,      6.13,      5.60,      5.54,      4.38,      5.84,      6.62,      5.74,      5.74,      6.01,      7.69,      6.47,      6.72,      7.42,      7.24,      6.53,      6.48,      5.81,      5.71,      5.21,      5.80,      5.75,      6.76,      6.06,      6.89
   21,       4C1,       4C1,      3.31,      4.75,      4.39,      3.56,      7.35,      6.22,      4.97,      5.83,      5.56,      3.65,      3.45,      3.89,      3.63,      3.68,      3.87,      4.25,      2.98,      3.82,      3.77,      3.77,      3.20,      4.01,      3.83,      3.61,      3.74,      3.79,      4.09,      3.63,      3.91,      3.93,      4.06,      3.78,      3.77,      4.18,      4.24,      3.34,      3.39,      3.51,      4.24,      4.15,      4.18
   22,       4C1,       0S2,      8.85,      9.65,      8.16,      4.13,      2.58,      0.64,     -0.47,      2.26,      6.15,      3.19,      2.64,      5.50,      5.03,      5.11,      5.28,      6.18,      4.09,      5.19,      4.88,      4.90,      5.17,      5.16,      5.79,      5.40,      5.60,      5.56,      6.32,      5.54,      5.75,      6.12,      6.28,      5.10,      5.11,      4.89,      4.96,      4.42,      4.88,      4.56,      5.81,      5.59,      5.03
   23,       4C1,       4C1,      3.85,      5.91,      4.64,      0.60,      0.06,      0.54,     -0.32,      2.13,      0.54,      2.54,      2.32,      5.19,      4.95,      5.12,      5.08,      5.34,      5.59,      4.60,      4.15,      4.14,      4.46,      5.13,      5.02,      4.81,      5.04,      4.86,      5.28,      4.41,      4.83,      4.83,      5.00,      4.42,      4.39,      4.37,      4.42,      4.28,      4.18,      4.14,      4.96,      4.83,      4.32
   24,       1C4,       4C1,      3.73,      2.71,      7.75,      0.79,     -0.14,     -2.50,     -2.95,     -0.61,      3.46,      1.01,      0.56,      5.06,      4.80,      4.98,      4.99,      5.55,      4.91,      5.08,      5.42,      5.40,      5.55,      5.41,      5.43,      5.23,      5.48,      5.27,      5.88,      4.98,      5.46,      6.76,      6.89,      5.65,      5.63,      5.22,      5.25,      5.12,      5.61,      5.38,      6.06,      5.74,      5.86
   25,       5S1,       4C1,     12.53,      9.08,     12.33,      6.42,     -1.13,     -4.29,     -4.80,     -0.07,      3.66,      2.55,      0.94,      7.05,      5.46,      5.44,      5.89,      8.22,      3.36,      5.62,      6.01,      5.96,      7.42,      6.43,      7.70,      6.26,      6.34,      6.43,      8.41,      6.21,      6.28,      7.49,      7.24,      6.07,      6.04,      6.28,      6.14,      5.51,      5.96,      5.73,      7.48,      6.97,      7.04
   26,       4C1,       0S2,     11.57,     14.24,      8.65,      3.66,      1.36,     -0.26,     -2.37,      0.60,      3.04,      2.98,      2.26,      5.90,      5.35,      5.81,      5.69,      7.13,      4.23,      6.43,      4.28,      4.26,      3.37,      5.30,      5.88,      5.42,      5.90,      5.59,      7.02,      6.10,      6.43,      6.97,      7.02,      4.89,      4.87,      4.52,      4.51,      3.46,      4.09,      3.97,      6.14,      5.51,      5.31
   27,       4C1,       B14,      7.71,      3.52,      9.02,     -0.83,      0.19,     -2.64,     -4.22,      0.40,      7.01,      2.05,      1.32,      6.34,      5.63,      5.18,      5.84,      6.67,      6.81,      5.28,      6.55,      6.58,      7.05,      6.78,      6.66,      6.03,      5.77,      6.17,      6.86,      5.00,      5.92,      7.35,      7.38,      6.50,      6.53,      5.61,      5.66,      5.76,      6.58,      5.99,      7.39,      7.21,      7.15
   28,       4C1,       3S1,     10.48,      9.72,     11.57,      0.02,      0.94,     -3.03,     -3.72,     -0.88,      8.30,      1.32,      0.38,      6.46,      5.70,      5.63,      6.00,      7.68,      5.90,      6.45,      6.54,      6.57,      6.47,      6.49,      6.93,      6.27,      6.30,      6.47,      7.85,      6.58,      6.98,      8.46,      8.50,      6.80,      6.83,      5.62,      5.67,      5.41,      6.30,      5.44,      7.88,      7.39,      7.06
   29,       4C1,       5S1,      8.72,     10.27,     11.80,      2.70,     -2.03,     -5.94,     -7.93,     -2.27,      6.38,      2.43,      1.13,      7.28,      6.01,      5.78,      6.33,      7.98,      5.47,      5.47,      6.69,      6.72,      8.31,      7.52,      7.98,      6.84,      6.89,      7.02,      8.38,      5.61,      6.64,      8.22,      8.18,      7.10,      7.13,      7.00,      7.00,      6.16,      6.93,      6.20,      8.03,      7.73,      7.60
   30,       03B,       4C1,     12.18,     11.81,      9.58,      1.07,      2.07,      0.13,     -1.16,      0.64,      6.34,      1.39,      0.94,      6.15,      5.95,      5.63,      6.16,      7.11,      6.22,      7.23,      5.92,      5.87,      5.12,      6.34,      6.48,      6.30,      6.06,      6.51,      7.32,      7.10,      7.39,      7.57,      7.55,      6.71,      6.67,      6.13,      6.09,      5.43,      5.99,      5.58,      7.46,      6.93,      6.81
   31,       1C4,       4C1,      3.78,     -2.11,      5.47,      1.17,      4.17,      3.37,      1.73,      2.89,      5.97,      0.33,      0.50,      5.67,      5.97,      5.79,      6.15,      5.44,      7.04,      6.43,      6.26,      6.23,      6.02,      6.38,      5.44,      5.72,      5.63,      5.87,      5.36,      5.40,      6.05,      6.62,      6.73,      6.09,      6.06,      5.49,      5.49,      5.86,      6.11,      6.13,      6.16,      6.16,      5.29
   32,       4C1,       1C4,      4.45,      2.43,      5.38,      2.99,      2.87,      2.37,      0.71,      3.09,      3.52,      2.03,      1.88,      6.22,      6.23,      6.02,      6.23,      6.18,      6.54,      6.03,      5.12,      5.11,      5.50,      5.94,      5.84,      5.86,      5.80,      5.82,      5.92,      5.33,      5.81,      5.95,      6.02,      5.17,      5.16,      5.18,      5.18,      4.78,      4.95,      4.87,      5.81,      5.81,      4.58
   33,       4C1,       1C4,      9.84,      5.26,      9.95,      3.34,      5.82,      3.14,      1.74,      5.33,      8.85,      2.57,      1.44,      7.20,      6.20,      6.41,      6.62,      8.23,      5.37,      6.95,      5.27,      5.19,      5.76,      6.55,      7.09,      6.19,      6.49,      6.44,      7.97,      5.94,      6.88,      7.13,      7.00,      6.21,      6.15,      5.84,      5.72,      5.34,      5.95,      5.38,      7.35,      6.80,      6.30
   34,       03B,       4C1,     16.26,     17.54,     16.53,      0.21,      0.20,     -4.31,     -7.91,     -1.84,      8.65,      1.23,     -0.75,      8.40,      6.59,      6.09,      7.07,     10.40,      5.24,      7.72,      8.06,      7.92,      7.74,      8.56,      9.62,      7.94,      7.58,      8.40,     11.02,      8.26,      9.09,      9.96,      9.59,      9.43,      9.33,      8.60,      8.37,      8.06,      9.08,      8.72,     10.23,      9.40,      9.62
   35,       4C1,       0S2,     13.22,     11.40,      6.89,      4.24,      3.36,      3.38,      2.11,      3.49,      5.78,      3.29,      3.33,      6.08,      6.23,      6.01,      6.24,      6.21,      6.70,      6.74,      5.69,      5.70,      5.05,      6.28,      6.14,      6.29,      6.09,      6.34,      6.28,      6.68,      6.67,      7.12,      7.09,      6.13,      6.15,      6.17,      6.16,      5.22,      5.63,      5.50,      6.30,      6.25,      5.28
   36,       1C4,       4C1,     13.89,      9.48,     14.35,      2.86,     -0.61,     -3.83,     -5.23,     -0.36,      8.92,      3.77,      2.26,      8.03,      6.55,      6.24,      7.00,      9.28,      6.57,      6.92,      8.13,      8.09,      8.56,      8.33,      8.99,      7.63,      7.47,      8.02,      9.84,      7.14,      8.18,      9.50,      9.37,      8.62,      8.58,      8.04,      8.00,      8.32,      8.78,      8.43,      9.41,      8.93,      8.37
   37,       1S3,       4C1,      5.39,      6.64,      6.99,      2.93,      5.47,      5.65,      5.42,      6.44,      4.18,      2.40,      2.20,      6.48,      6.35,      6.12,      6.52,      6.63,      5.44,      7.11,      6.66,      6.61,      5.58,      7.05,      6.34,      6.21,      6.03,      6.42,      6.52,      6.80,      6.81,      7.18,      7.02,      6.55,      6.51,      5.96,      5.86,      5.67,      5.96,      6.21,      6.67,      6.54,      6.47
   38,       4C1,       5S1,     11.87,      7.17,     10.15,      2.82,      2.58,      0.02,     -1.49,      2.46,      9.41,      3.43,      2.76,      7.20,      6.57,      6.35,      6.85,      7.55,      6.88,      6.44,      7.13,      7.15,      7.97,      7.55,      7.58,      7.03,      7.02,      7.19,      7.78,      6.19,      7.01,      8.08,      8.13,      7.48,      7.50,      6.94,      6.96,      6.71,      7.52,      6.83,      8.25,      8.03,      7.55
   39,       4C1,       1S3,      4.91,      7.15,      6.90,      2.43,      7.46,      6.38,      5.56,      8.78,      5.86,      3.44,      3.26,      6.73,      6.65,      6.40,      6.74,      7.01,      5.76,      6.95,      6.88,      6.93,      5.57,      6.93,      6.40,      6.36,      6.23,      6.48,      6.70,      6.42,      6.78,      7.39,      7.46,      6.33,      6.36,      5.49,      5.57,      5.39,      5.87,      6.15,      7.20,      7.27,      7.10
   40,       4C1,       1S3,      5.59,      8.85,      4.66,      3.92,      7.69,      8.73,      7.37,      7.19,      4.16,      4.36,      4.77,      5.84,      6.39,      6.16,      6.50,      5.73,      6.84,      7.16,      6.16,      6.12,      4.43,      6.44,      5.49,      6.00,      5.84,      6.17,      5.62,      6.64,      6.78,      6.73,      6.83,      5.96,      5.91,      5.64,      5.63,      5.33,      5.31,      5.80,      6.16,      6.23,      5.65
   41,       4C1,       5S1,      8.31,      9.57,     10.38,      0.19,     -3.99,     -6.75,     -7.27,     -1.90,      4.57,      1.87,      1.13,      7.77,      7.04,      7.26,      7.31,      8.06,      6.94,      6.50,      7.39,      7.42,      8.68,      7.99,      8.13,      7.51,      7.92,      7.56,      8.33,      6.33,      7.19,      8.69,      8.79,      7.28,      7.32,      6.98,      7.03,      6.40,      6.96,      6.20,      8.26,      7.97,      7.65
   42,       4C1,       4C1,      4.42,      7.99,      3.90,      2.65,      4.92,      5.75,      5.44,      5.45,      2.44,      4.64,      5.15,      5.60,      6.17,      6.47,      6.16,      5.35,      6.48,      6.19,      5.97,      5.98,      4.84,      5.90,      5.29,      5.85,      6.16,      5.76,      5.34,      6.12,      5.98,      6.38,      6.65,      5.48,      5.48,      5.07,      5.18,      5.27,      5.18,      5.42,      5.89,      5.91,      5.87
   43,       4C1,       03B,     14.73,     10.43,     12.30,      2.21,     -3.37,     -5.24,     -5.73,     -1.38,      4.76,      1.20,      0.50,      7.73,      7.13,      6.87,      7.40,      8.55,      6.92,      7.92,      7.32,      7.34,      8.03,      7.94,      8.30,      7.76,      7.57,      8.01,      8.88,      8.18,      8.39,      9.30,      9.25,      7.94,      7.97,      7.25,      7.25,      6.55,      7.33,      6.33,      8.54,      8.10,      7.80
   44,       03B,       4C1,     13.94,     15.19,     14.69,      2.08,      0.68,     -3.07,     -6.21,     -2.03,      9.15,     -0.73,     -2.76,      8.63,      6.75,      6.56,      7.25,     10.55,      4.87,      7.90,      6.92,      6.75,      6.36,      8.14,      9.23,      7.48,      7.37,      7.85,     10.72,      7.99,      8.60,      9.37,      8.89,      8.25,      8.12,      7.02,      6.70,      6.61,      7.57,      6.94,      9.14,      8.02,      8.34
   45,       4C1,       1S3,      5.61,      8.15,      5.87,      4.31,      7.33,      8.05,      7.32,      8.62,      6.36,      5.06,      5.33,      6.49,      6.81,      6.39,      6.84,      6.23,      6.98,      7.17,      6.74,      6.76,      6.16,      7.13,      6.27,      6.57,      6.24,      6.71,      6.16,      6.75,      6.95,      7.29,      7.32,      6.61,      6.62,      5.85,      5.88,      5.99,      6.35,      6.38,      6.73,      6.90,      6.59
   46,       0S2,       4C1,     14.06,     14.34,     12.19,      3.94,      1.53,      0.10,     -2.48,      0.46,      6.50,      2.56,      1.19,      8.10,      6.76,      6.65,      7.05,      9.65,      5.90,      7.65,      6.25,      6.11,      5.23,      7.70,      8.59,      7.35,      7.33,      7.53,      9.89,      7.91,      8.26,      8.80,      8.40,      7.54,      7.44,      7.10,      6.82,      5.96,      6.56,      5.89,      8.33,      7.29,      7.58
   47,       1C4,       4C1,      6.87,      3.27,      9.18,      0.75,      3.54,      1.54,     -1.27,      2.69,      8.75,      2.21,      2.13,      7.00,      7.04,      7.02,      7.30,      7.07,      7.54,      7.41,      7.82,      7.84,      7.79,      7.91,      7.32,      7.39,      7.47,      7.56,      7.39,      6.77,      7.65,      8.68,      8.88,      8.36,      8.38,      8.21,      8.30,      8.10,      8.27,      8.50,      8.23,      8.19,      7.91
   48,       4C1,       0S2,     13.43,     15.91,     11.88,      8.11,      0.64,     -1.56,     -3.71,      0.49,      3.87,      2.43,      1.26,      8.47,      7.33,      7.73,      7.63,      9.75,      5.28,      7.58,      6.02,      6.00,      6.00,      7.69,      8.66,      7.64,      8.06,      7.69,      9.67,      8.25,      7.92,      8.87,      8.83,      6.63,      6.62,      6.64,      6.62,      4.98,      5.59,      5.28,      8.04,      7.30,      7.14
   49,       1S3,       4C1,      6.19,      9.28,      4.98,      1.14,      8.77,     10.35,      9.05,      9.32,      5.77,      3.35,      4.20,      5.75,      6.72,      6.64,      6.89,      5.66,      7.87,      7.97,      7.00,      7.01,      4.71,      7.12,      5.57,      6.48,      6.44,      6.75,      5.79,      7.37,      7.68,      7.27,      7.59,      7.10,      7.10,      6.60,      6.73,      6.33,      6.40,      6.83,      7.06,      7.16,      7.12
   50,       4C1,       3S1,     11.36,     11.58,     15.00,      4.54,      0.62,     -5.34,     -6.45,     -1.56,      9.40,      0.86,     -0.56,      8.77,      7.46,      7.56,      7.83,     10.24,      5.85,      7.96,      8.16,      8.17,      8.91,      8.08,      9.35,      8.20,      8.39,      8.37,     10.32,      8.43,      8.56,     10.40,     10.36,      8.26,      8.28,      7.20,      7.22,      6.91,      8.06,      7.15,      9.75,      9.32,      9.22
   51,       4C1,       B14,     11.44,     11.74,     13.30,      1.71,      0.29,     -3.81,     -6.22,      0.34,      7.48,      6.07,      4.64,      8.91,      7.45,      6.89,      7.71,      9.53,      8.04,      6.51,      8.77,      8.78,     10.02,      9.16,      9.67,      8.35,      8.07,      8.48,      9.97,      6.75,      7.84,      9.86,      9.77,      8.89,      8.91,      8.86,      8.85,      8.35,      9.08,      8.60,      9.76,      9.51,      8.72
   52,       1C4,       4C1,      6.69,      5.95,      8.17,      2.88,      2.72,      1.35,      0.16,      2.35,      3.58,      2.17,      1.38,      7.93,      7.25,      7.01,      7.35,      8.28,      6.54,      7.04,      6.50,      6.42,      6.34,      7.68,      7.84,      7.20,      7.08,      7.21,      8.21,      7.02,      7.19,      7.67,      7.50,      7.15,      7.09,      7.35,      7.22,      6.67,      6.81,      6.97,      7.63,      7.28,      7.07
   53,       5S1,       4C1,     10.42,      8.77,      8.76,      3.29,     -0.29,     -0.89,     -2.83,      0.03,      2.44,      3.03,      2.82,      7.30,      7.23,      7.10,      7.37,      7.27,      7.29,      7.32,      7.93,      7.91,      8.30,      8.06,      7.66,      7.62,      7.60,      7.66,      7.69,      7.36,      7.66,      8.85,      8.87,      7.78,      7.77,      7.57,      7.53,      7.37,      7.72,      7.64,      8.35,      8.30,      7.57
   54,       4C1,       1C4,      4.03,      3.02,      7.13,      1.62,      1.30,     -0.62,     -3.67,     -0.06,      3.96,      0.42,      0.00,      7.63,      7.37,      7.26,      7.32,      7.63,      8.09,      6.64,      6.15,      6.14,      6.48,      7.13,      7.35,      7.12,      7.15,      6.98,      7.47,      6.17,      6.75,      7.43,      7.47,      6.40,      6.39,      6.17,      6.17,      6.04,      6.22,      5.95,      7.28,      7.35,      6.37
   55,       0S2,       4C1,     14.78,     12.09,      8.50,      5.61,      5.75,      4.81,      1.81,      3.54,     10.28,     -0.14,      0.06,      7.28,      7.62,      7.77,      7.94,      7.77,      6.79,      9.15,      6.85,      6.84,      5.96,      7.75,      7.10,      7.44,      7.58,      7.75,      7.68,      8.58,      8.71,      8.62,      8.80,      7.61,      7.60,      6.81,      6.87,      6.10,      6.64,      6.28,      7.72,      7.26,      6.81
   56,       0S2,       4C1,     12.98,      8.63,      5.98,      3.08,      2.99,      4.23,      2.69,      2.95,      3.35,      2.81,      2.89,      7.18,      7.26,      6.83,      7.26,      7.18,      8.22,      7.39,      6.42,      6.39,      4.90,      7.34,      6.99,      7.05,      6.70,      7.11,      7.18,      7.49,      7.40,      6.93,      6.92,      6.82,      6.80,      6.65,      6.62,      6.26,      6.31,      6.52,      7.11,      7.04,      7.20
   57,       2S0,       4C1,      8.50,     11.34,      9.41,      2.91,      0.62,      0.12,     -0.78,      2.54,      2.03,      1.27,      0.82,      7.70,      7.29,      7.31,      7.61,      8.16,      6.16,      7.88,      7.39,      7.36,      6.73,      7.99,      7.78,      7.42,      7.52,      7.69,      8.21,      7.69,      8.04,      8.59,      8.61,      7.44,      7.41,      6.92,      6.91,      6.47,      6.83,      6.93,      8.22,      7.98,      8.50
   58,       4C1,       1C4,      7.85,      6.35,      7.20,      3.04,      3.02,      2.17,      0.48,      1.96,      3.39,      1.54,      1.38,      7.40,      7.37,      7.48,      7.39,      7.54,      7.83,      7.24,      5.99,      6.00,      6.26,      6.99,      7.02,      7.03,      7.18,      6.95,      7.27,      6.74,      7.02,      7.42,      7.54,      6.23,      6.23,      6.31,      6.36,      5.69,      5.85,      5.76,      7.08,      6.98,      6.47
   59,       4C1,       3S1,     12.68,     14.55,     16.88,      3.02,     -3.44,     -8.28,     -8.93,     -3.88,      7.43,      3.18,      1.44,      9.76,      8.10,      8.35,      8.61,     11.48,      7.10,      8.52,      8.31,      8.29,      9.86,      9.12,     10.56,      9.09,      9.50,      9.33,     11.73,      8.84,      9.52,     11.29,     11.23,      8.85,      8.84,      8.36,      8.33,      7.47,      8.30,      7.20,     10.62,      9.86,      9.51
   60,       03B,       4C1,     14.41,     17.49,     12.44,      2.47,      1.90,     -0.16,     -2.75,      0.34,      4.92,      2.66,      1.82,      8.16,      7.56,      7.20,      7.76,      9.43,      7.50,      8.83,      7.99,      7.91,      6.56,      8.48,      8.83,      8.27,      7.98,      8.45,      9.88,      9.05,      9.35,      9.81,      9.61,      9.01,      8.95,      8.62,      8.49,      7.74,      8.49,      8.30,      9.76,      9.17,      9.17
   61,       1C4,       4C1,      9.49,      8.57,     11.70,      3.78,      3.14,      0.90,     -2.19,      1.59,      4.47,      3.41,      1.57,      9.29,      7.44,      7.20,      7.73,     10.46,      6.98,      7.33,      6.52,      6.36,      6.86,      8.22,      9.41,      7.68,      7.59,      7.81,     10.36,      6.92,      7.84,      8.61,      8.10,      7.58,      7.46,      8.13,      7.80,      7.09,      7.32,      7.16,      8.61,      7.89,      7.89
   62,       4C1,       4C1,      8.02,      9.19,      7.91,      3.23,      2.58,      2.46,      0.15,      2.33,      3.33,      6.97,      7.09,      7.02,      7.18,      7.00,      7.28,      6.91,      7.76,      7.28,      8.76,      8.73,      7.28,      8.25,      7.43,      7.60,      7.47,      7.68,      7.36,      7.67,      7.72,      8.95,      9.06,      8.51,      8.48,      8.57,      8.60,      8.48,      8.55,      9.43,      8.36,      8.54,      8.41
   63,       0S2,       4C1,     14.76,     13.23,     12.88,      7.15,      2.47,      0.53,     -0.14,      3.21,      5.47,      4.15,      3.33,      8.54,      7.74,      7.69,      8.10,      9.57,      5.64,      8.28,      7.94,      7.93,      7.79,      8.63,      9.21,      8.51,      8.53,      8.76,     10.00,      9.25,      9.12,      9.80,      9.86,      8.58,      8.58,      8.78,      8.80,      7.54,      8.12,      8.17,      9.35,      9.02,      9.40
   64,       4C1,       1C4,     10.14,      6.16,      8.34,      3.58,      7.88,      7.38,      6.35,      8.62,      9.92,      4.82,      4.52,      7.85,      7.63,      7.35,      7.74,      8.09,      7.75,      7.72,      6.58,      6.63,      7.10,      7.70,      7.67,      7.50,      7.36,      7.60,      7.88,      6.81,      7.68,      7.70,      7.80,      7.13,      7.16,      7.44,      7.52,      6.56,      6.82,      6.70,      7.93,      7.82,      7.21
   65,       4C1,       4C1,      7.20,      9.80,     10.35,      7.02,      6.40,      3.47,      1.50,      2.92,     10.22,      3.09,      2.70,      7.85,      7.50,      7.81,      7.80,      8.27,      6.98,      7.82,      8.53,      8.47,      8.00,      7.99,      8.14,      7.86,      8.21,      8.05,      8.44,      8.05,      8.16,      9.58,      9.70,      8.52,      8.45,      7.82,      7.83,      8.32,      8.50,      8.76,      8.54,      8.42,      8.78
   66,       4C1,       1C4,      8.82,      5.76,     10.26,      3.32,      6.14,      3.20,     -0.07,      4.69,      6.48,      3.33,      2.57,      8.90,      8.21,      8.21,      8.45,      9.59,      6.91,      8.20,      7.26,      7.27,      7.10,      8.38,      8.83,      8.25,      8.42,      8.37,      9.42,      7.60,      8.49,      8.34,      8.44,      7.77,      7.79,      8.35,      8.41,      7.25,      7.49,      7.76,      9.06,      8.80,      8.66
   67,       4C1,       4C1,      9.18,     11.81,      9.27,      4.56,      2.90,      2.93,      3.52,      3.48,      3.13,      7.71,      6.59,      8.71,      7.42,      7.97,      7.77,      9.43,      6.06,      7.57,      5.84,      5.69,      7.01,      7.77,      8.64,      7.45,      8.01,      7.57,      9.30,      7.60,      7.64,      7.65,      7.27,      6.68,      6.56,      6.79,      6.49,      6.51,      6.60,      6.08,      7.84,      7.19,      7.48
   68,       0S2,       4C1,     15.80,     16.81,     12.35,      6.56,      7.74,      5.97,      2.19,      5.04,     10.88,      5.33,      4.64,      8.30,      7.62,      7.57,      8.03,      9.52,      6.43,      9.11,      7.95,      7.88,      6.09,      8.81,      8.85,      8.24,      8.26,      8.57,      9.86,      9.16,      9.47,      9.83,      9.67,      9.41,      9.35,      9.25,      9.12,      7.85,      8.46,      8.56,      9.27,      8.48,      8.92
   69,       4C1,       B03,     10.62,     13.45,      9.18,      4.21,      6.41,      6.13,      4.04,      7.46,      4.50,      4.88,      4.90,      7.61,      7.67,      7.58,      7.98,      8.04,      7.39,      8.54,      7.84,      7.86,      6.75,      8.36,      7.75,      7.84,      7.90,      8.15,      8.15,      8.08,      8.69,      9.16,      9.36,      7.86,      7.87,      8.23,      8.32,      6.86,      7.04,      7.51,      8.59,      8.55,      8.24
   70,       4C1,       4C1,      9.30,     13.58,     10.18,      3.08,      3.29,      1.08,     -0.08,      3.84,      4.44,      3.81,      3.20,      8.26,      7.69,      8.08,      7.98,      8.76,      6.36,      7.68,      7.59,      7.59,      8.19,      8.10,      8.49,      8.00,      8.45,      8.16,      8.92,      7.68,      8.19,      8.59,      8.74,      8.12,      8.11,      7.78,      7.85,      7.70,      8.10,      8.19,      8.54,      8.29,      8.22
   71,       4C1,       0S2,     13.59,     11.54,      9.89,      5.50,      5.39,      4.33,      3.78,      5.94,      9.44,      5.38,      5.27,      7.90,      7.80,      7.70,      7.98,      8.04,      7.37,      7.86,      7.90,      7.91,      8.02,      8.15,      8.28,      8.23,      8.22,      8.40,      8.38,      8.30,      8.44,      8.69,      8.86,      8.41,      8.41,      8.16,      8.23,      8.00,      8.44,      8.33,      8.57,      8.55,      7.69
   72,       4C1,       1S3,      6.52,     12.12,      7.49,      4.66,      9.72,      9.52,      7.92,      7.46,      7.11,      5.74,      5.90,      7.33,      7.58,      7.64,      7.79,      7.46,      7.30,      8.45,      7.71,      7.64,      6.24,      7.99,      7.27,      7.52,      7.60,      7.73,      7.57,      8.35,      8.35,      8.74,      8.81,      7.83,      7.76,      7.28,      7.24,      7.17,      7.30,      7.64,      8.00,      7.88,      7.23
   73,       4C1,       0S2,     12.32,     12.76,     10.30,      8.19,      5.21,      3.09,     -0.24,      3.59,      6.37,      1.94,      1.19,      8.97,      8.20,      8.65,      8.61,      9.97,      6.15,      9.04,      6.29,      6.26,      5.64,      7.97,      8.60,      7.93,      8.41,      8.17,      9.49,      8.55,      8.71,      9.04,      9.03,      6.67,      6.63,      6.77,      6.75,      5.30,      5.65,      5.60,      8.09,      7.41,      7.01
   74,       4C1,       1C4,      7.32,     10.71,      9.56,      5.95,      3.53,      1.04,     -1.21,      1.42,      5.51,      1.84,      1.13,      8.82,      8.22,      8.31,      8.41,      9.51,      7.43,      8.37,      6.55,      6.53,      7.05,      7.74,      8.36,      7.85,      8.03,      7.89,      8.97,      7.72,      8.09,      8.41,      8.42,      6.71,      6.70,      6.61,      6.60,      5.59,      6.08,      5.68,      8.12,      7.68,      7.02
   75,       4C1,       5S1,      9.90,     11.16,     10.95,      0.80,     -2.64,     -4.61,     -5.97,     -0.99,      4.95,      2.70,      2.32,      8.50,      8.22,      8.16,      8.43,      8.42,      8.78,      7.79,      9.19,      9.22,      9.94,      9.51,      9.03,      8.83,      8.95,      8.90,      8.96,      7.77,      8.58,     10.19,     10.35,      9.16,      9.20,      8.91,      8.98,      8.32,      8.90,      8.52,      9.66,      9.64,      9.32
   76,       4C1,       1C4,      9.43,      9.53,      8.56,      4.14,      2.54,      0.59,     -2.79,      1.00,      3.51,      3.14,      2.76,      8.35,      8.04,      8.18,      8.11,      8.59,      8.17,      7.79,      6.84,      6.84,      6.88,      7.97,      8.14,      7.89,      8.10,      7.82,      8.39,      7.41,      7.74,      8.59,      8.65,      7.23,      7.23,      7.79,      7.82,      6.74,      6.83,      7.19,      8.19,      8.16,      6.84
   77,       3S1,       4C1,     11.45,     11.76,     11.28,      1.79,      0.96,      0.02,     -0.67,      0.46,      5.48,      2.75,      1.57,      9.05,      7.95,      7.19,      8.08,      9.99,      8.53,      8.50,      6.99,      6.85,      7.05,      8.73,      9.26,      8.20,      7.57,      8.38,     10.03,      8.55,      8.85,      9.05,      8.54,      7.93,      7.83,      7.79,      7.46,      6.99,      7.51,      6.62,      9.19,      8.59,      8.47
   78,       1S5,       4C1,      9.20,      9.41,     10.03,      6.23,      8.09,      5.95,      4.34,      7.04,      7.59,      3.94,      3.51,      8.24,      7.71,      7.71,      7.97,      8.67,      6.66,      7.65,      8.28,      8.28,      7.57,      8.26,      8.44,      7.98,      8.09,      8.13,      8.75,      7.97,      8.08,      8.85,      8.96,      8.17,      8.16,      8.41,      8.46,      7.79,      7.81,      8.10,      8.90,      8.80,      9.06
   79,       1C4,       4C1,     11.10,      8.11,     10.48,      0.92,      3.03,      1.83,      0.35,      3.08,      4.70,      5.28,      4.39,      8.48,      7.72,      7.47,      7.84,      8.96,      8.80,      7.65,      7.83,      7.75,      7.77,      8.69,      8.87,      8.17,      8.05,      8.18,      9.30,      7.51,      8.20,      9.33,      9.13,      8.59,      8.53,      8.65,      8.51,      8.40,      8.68,      8.66,      9.26,      9.04,      8.68
   80,       4C1,       03B,     12.57,     10.88,     12.33,      1.49,     -0.93,     -3.25,     -4.26,     -1.23,      3.41,      2.77,      2.38,      8.58,      8.38,      8.29,      8.55,      9.32,      8.62,      8.90,      8.49,      8.54,      8.49,      9.18,      9.12,      8.98,      8.95,      9.05,      9.75,      9.39,      9.45,     10.63,     10.82,      9.19,      9.23,      8.95,      9.07,      7.92,      8.73,      8.31,     10.18,      9.94,      9.20
   81,       2S0,       4C1,      9.03,     10.27,      7.75,      3.19,      5.36,      5.60,      2.67,      5.56,      4.30,      2.34,      2.26,      8.05,      7.95,      7.55,      8.24,      8.28,      7.59,      8.71,      7.28,      7.29,      6.23,      8.48,      7.77,      7.68,      7.40,      8.05,      8.10,      8.09,      8.57,      8.29,      8.34,      7.48,      7.48,      7.57,      7.61,      6.70,      6.77,      7.04,      8.36,      8.20,      8.51
   82,       1S3,       4C1,     10.84,     10.50,     11.24,      3.02,      6.85,      4.53,      2.66,      6.56,      9.40,      2.32,      2.20,      7.99,      7.92,      7.87,      8.32,      8.37,      7.19,      8.89,      9.36,      9.33,      8.33,      9.07,      8.47,      8.44,      8.47,      8.87,      8.68,      8.95,      9.25,      9.73,      9.89,      9.45,      9.41,      9.30,      9.36,      8.59,      9.02,      9.58,      9.63,      9.79,      9.43
   83,       4C1,       4C1,      8.30,     15.33,      8.46,      3.23,      3.63,      3.51,      1.93,      2.77,      1.43,      6.36,      5.46,      8.63,      7.75,      8.10,      7.86,      9.38,      6.95,      7.78,      6.55,      6.41,      6.05,      7.72,      8.32,      7.50,      7.85,      7.45,      9.12,      7.77,      7.74,      7.97,      7.72,      6.71,      6.61,      6.12,      5.90,      6.20,      6.58,      6.42,      7.98,      7.40,      7.14
   84,       1S5,       4C1,      9.79,      6.96,      5.85,      5.28,      5.58,      6.14,      6.10,      6.70,      4.97,      1.79,      2.32,      7.54,      8.10,      7.98,      8.11,      7.03,      8.40,      7.90,      7.81,      7.84,      6.87,      7.96,      7.09,      7.62,      7.62,      7.61,      6.90,      7.65,      7.62,      8.16,      8.44,      7.32,      7.33,      6.72,      6.84,      6.62,      6.67,      6.73,      7.62,      7.66,      7.53
   85,       4C1,       0S2,     12.78,     11.25,      6.95,      5.24,      5.24,      5.38,      3.78,      5.94,      5.59,      4.61,      4.64,      7.94,      8.01,      8.01,      8.07,      8.05,      8.33,      8.13,      6.64,      6.64,      5.49,      7.51,      7.55,      7.63,      7.68,      7.65,      7.75,      7.95,      7.85,      7.91,      8.02,      6.63,      6.63,      6.82,      6.85,      5.81,      5.93,      5.97,      7.44,      7.41,      7.03
   86,       1S5,       4C1,      7.70,      7.95,      8.43,      5.95,      8.35,      6.72,      4.73,      7.69,      7.57,      1.53,      1.44,      8.21,      8.10,      7.99,      8.38,      8.19,      6.69,      8.23,      8.39,      8.40,      7.57,      8.62,      8.06,      7.99,      7.98,      8.23,      8.10,      8.06,      8.25,      8.54,      8.71,      8.29,      8.29,      7.98,      8.06,      7.50,      7.77,      8.03,      8.51,      8.56,      8.42
   87,       2S0,       4C1,     15.59,     17.63,     12.24,      4.32,     10.17,      9.66,      8.02,     10.08,     10.30,      5.14,      4.71,      8.49,      8.07,      8.45,      8.74,      9.89,      7.12,     10.22,      8.29,      8.30,      6.49,      8.95,      8.69,      8.35,      8.76,      8.96,      9.95,      9.40,     10.29,      9.60,      9.78,      8.79,      8.80,      8.34,      8.44,      7.33,      7.67,      7.78,      9.81,      9.09,      9.55
   88,       1C4,       4C1,      7.67,      2.78,      6.29,      3.45,      5.24,      5.37,      3.70,      4.20,      3.28,      1.95,      1.69,      8.23,      8.01,      7.59,      8.03,      8.19,      8.55,      7.91,      7.04,      6.98,      5.73,      8.07,      7.78,      7.55,      7.23,      7.55,      7.90,      7.44,      7.60,      7.42,      7.29,      7.30,      7.25,      7.59,      7.49,      7.20,      7.02,      7.70,      7.83,      7.82,      7.60
   89,       1C4,       4C1,      9.03,      5.45,      8.36,      2.96,      2.13,      1.37,     -0.11,      2.86,      2.84,      3.21,      2.57,      8.88,      8.23,      8.09,      8.29,      9.08,      8.01,      7.72,      7.25,      7.16,      7.05,      8.59,      8.72,      8.11,      8.08,      8.06,      9.02,      7.81,      7.91,      8.59,      8.46,      7.69,      7.61,      8.05,      7.94,      7.49,      7.36,      7.51,      8.43,      8.07,      8.00
   90,       4C1,       1C4,     12.82,      8.09,     11.60,      7.50,     10.48,      8.92,      7.90,     10.28,      9.46,      4.99,      4.02,      9.50,      8.53,      8.65,      8.91,     10.64,      6.44,      8.94,      7.12,      7.14,      7.26,      8.51,      9.39,      8.54,      8.86,      8.78,     10.34,      8.31,      9.18,      8.55,      8.60,      7.78,      7.80,      8.30,      8.34,      6.82,      7.11,      7.09,      9.35,      8.74,      8.08
   91,       1S3,       4C1,     10.20,     11.71,      9.02,      5.41,      9.10,      8.92,      6.92,      9.96,      8.26,      6.10,      6.03,      8.01,      7.91,      7.69,      8.09,      8.29,      7.78,      8.55,      8.42,      8.41,      6.84,      8.74,      8.11,      8.03,      7.88,      8.25,      8.38,      8.54,      8.64,      9.16,      9.15,      8.47,      8.46,      8.29,      8.29,      7.59,      7.81,      8.15,      8.64,      8.51,      9.15
   92,       B03,       4C1,      7.88,     10.06,      9.76,      4.43,      1.54,      1.41,      0.43,      3.68,      2.89,      1.13,      0.44,      7.87,      7.18,      6.84,      7.53,      8.41,      5.76,      8.01,      7.05,      7.00,      6.47,      8.06,      7.90,      7.26,      6.99,      7.63,      8.35,      7.85,      8.03,      8.67,      8.47,      7.10,      7.07,      6.74,      6.62,      5.80,      6.30,      6.30,      7.98,      7.62,      7.85
   93,       4C1,       1C4,     11.41,      6.36,      9.13,      2.70,      9.41,      8.94,      8.22,      9.93,     10.90,      5.42,      5.15,      8.83,      8.65,      8.34,      8.76,      9.05,      9.21,      8.84,      7.89,      7.94,      7.40,      8.86,      8.58,      8.44,      8.24,      8.54,      8.80,      7.95,      8.67,      8.63,      8.69,      8.37,      8.41,      8.56,      8.64,      7.69,      7.89,      8.07,      9.03,      9.02,      8.42
   94,       4C1,       0S2,     13.09,     11.22,      6.78,      4.76,      3.55,      4.66,      3.40,      5.75,      5.32,      4.94,      5.40,      8.14,      8.66,      8.39,      8.60,      7.62,      9.74,      8.52,      7.99,      7.99,      7.20,      8.56,      8.02,      8.50,      8.27,      8.51,      7.70,      8.59,      8.48,      8.62,      8.76,      8.03,      8.02,      8.04,      8.09,      7.61,      7.74,      7.83,      8.08,      8.34,      7.41
   95,       0S2,       4C1,     14.06,     12.96,     14.06,      5.86,      3.72,      1.36,     -1.33,      1.71,      8.81,      2.33,      0.82,     10.22,      8.67,      8.69,      9.39,     11.72,      6.00,      9.86,      8.52,      8.39,      7.78,      9.75,     10.44,      9.03,      9.19,      9.53,     11.62,      9.62,     10.15,     10.41,     10.17,      8.91,      8.82,      8.59,      8.38,      7.54,      7.96,      7.85,     10.13,      9.26,      9.95
   96,       14B,       4C1,     10.08,     13.73,     10.76,      2.95,      5.02,      4.88,      3.87,      6.63,      2.63,      7.85,      7.47,      8.69,      8.34,      8.27,      8.45,      9.28,      8.18,      8.51,      8.74,      8.74,      7.27,      9.21,      9.28,      8.97,      8.97,      9.08,      9.79,      9.45,      9.34,      9.98,     10.06,      9.29,      9.28,     10.00,     10.05,      8.64,      8.61,      9.31,      9.93,      9.92,      9.98
   97,       4C1,       1C4,     12.12,      8.72,     14.69,      5.90,      3.99,      0.59,     -1.21,      1.92,      9.48,      5.66,      3.95,     10.65,      8.98,      9.26,      9.50,     11.89,      7.28,      9.51,      8.43,      8.32,      9.59,      9.94,     10.85,      9.32,      9.70,      9.59,     11.76,      9.02,      9.73,     10.77,     10.43,      9.27,      9.20,      9.19,      8.95,      8.26,      8.90,      8.53,     10.73,     10.06,      9.76
   98,       14B,       4C1,      7.84,     12.50,      9.15,      2.81,      8.15,      8.48,      7.30,      9.52,      5.53,      7.55,      7.47,      8.42,      8.32,      8.16,      8.54,      8.80,      8.24,      8.82,      8.56,      8.53,      6.74,      9.09,      8.63,      8.54,      8.47,      8.79,      9.02,      8.99,      9.21,      9.46,      9.57,      9.10,      9.07,      9.58,      9.62,      8.26,      8.25,      8.85,      9.41,      9.37,      9.44
   99,       4C1,       B14,     10.69,      8.93,     15.52,      1.17,     -3.35,     -7.14,     -8.86,     -0.90,      6.58,      5.02,      3.64,     10.85,      9.41,      9.06,      9.72,     11.44,     10.34,      8.38,     10.15,     10.14,     11.84,     11.01,     11.66,     10.36,     10.27,     10.51,     11.90,      8.59,      9.77,     11.81,     11.82,     10.26,     10.25,     10.52,     10.53,      9.67,     10.13,      9.67,     11.71,     11.46,     11.54
  100,       1C4,       4C1,      9.86,     10.03,     11.70,      8.32,      6.19,      4.21,      1.52,      3.96,      8.04,      3.69,      2.64,     10.03,      8.96,      9.35,      9.42,     10.93,      6.43,      9.58,      7.66,      7.56,      7.71,      9.36,      9.93,      8.96,      9.39,      9.19,     10.71,      9.07,      9.49,      9.83,      9.67,      8.81,      8.73,      9.27,      9.12,      7.73,      8.00,      8.11,      9.57,      8.82,      8.67
  101,       25B,       4C1,     14.11,     13.89,     13.86,      9.89,     -0.47,     -2.39,     -2.59,      2.22,      6.83,      3.51,      2.07,     10.74,      9.19,      8.88,      9.70,     11.41,      6.67,      9.20,      9.49,      9.40,     10.12,     10.46,     11.00,      9.57,      9.39,      9.94,     11.45,      9.35,      9.73,     10.77,     10.51,      9.36,      9.30,      8.94,      8.77,      8.30,      8.77,      8.55,     10.37,      9.63,      9.58
  102,       4C1,       1S3,      4.79,      9.86,      6.19,      4.53,      4.75,      5.92,      4.59,      5.84,      3.28,      3.42,      4.20,      7.67,      8.61,      8.59,      8.59,      7.00,      8.95,      8.98,      8.63,      8.64,      7.72,      8.72,      7.38,      8.26,      8.24,      8.32,      7.05,      8.81,      8.60,      9.60,      9.82,      8.21,      8.20,      7.31,      7.40,      7.58,      7.83,      8.10,      8.20,      8.50,      8.15
  103,       1S3,       4C1,     11.96,     16.30,     12.19,      1.91,      5.99,      4.42,      3.89,      7.02,      5.20,      4.48,      3.89,      9.28,      8.75,      9.27,      9.13,     10.26,      8.00,      9.57,      8.60,      8.60,      8.39,      9.43,      9.59,      9.15,      9.72,      9.39,     10.48,      9.43,     10.00,     10.12,     10.25,      9.32,      9.31,      9.16,      9.22,      8.45,      8.78,      8.85,     10.37,     10.00,     10.30
  104,       0S2,       4C1,     19.29,     20.64,     12.98,      2.81,      1.83,      0.93,     -1.76,      1.62,      6.74,      3.55,      2.95,      9.23,      8.77,      8.83,      9.03,     10.23,      8.34,      9.91,      9.02,      8.91,      7.74,      9.92,      9.87,      9.44,      9.54,      9.65,     10.77,     10.17,     10.48,     11.17,     11.03,     10.55,     10.46,      9.86,      9.71,      9.18,      9.76,      9.72,     10.38,      9.74,      9.91
  105,       4C1,       0S2,      8.52,      9.47,      9.34,      5.56,      6.53,      4.63,      2.77,      4.20,      9.20,      0.24,      0.31,      8.29,      8.46,      9.08,      8.87,      9.05,      6.80,      9.59,      7.85,      7.93,      6.30,      8.18,      7.84,      8.08,      8.74,      8.32,      8.69,      9.05,      9.17,      9.16,      9.60,      7.52,      7.58,      6.03,      6.26,      5.78,      6.40,      6.16,      8.53,      8.07,      7.69
  106,       4C1,       B03,     13.61,     12.92,      9.08,      2.93,      9.67,      9.89,      8.36,     11.00,      6.97,      6.35,      6.59,      8.52,      8.85,      8.23,      8.86,      8.46,      9.85,      9.30,      9.60,      9.63,      7.93,      9.78,      8.67,      8.99,      8.45,      9.13,      8.69,      9.28,      9.47,     10.25,     10.33,      9.66,      9.68,      9.58,      9.64,      8.89,      9.17,      9.83,      9.75,     10.00,      9.70
  107,       1C4,       0S2,     22.69,     17.68,     21.92,      5.68,     -1.65,     -7.62,    -10.14,     -1.58,     14.00,      5.23,      3.08,     11.80,      9.86,      9.47,     10.40,     13.62,      9.49,     10.51,     11.81,     11.76,     12.65,     12.31,     13.23,     11.47,     11.29,     11.89,     14.37,     10.86,     12.09,     14.65,     14.41,     12.63,     12.60,     11.49,     11.38,     11.05,     12.55,     11.49,     13.67,     12.99,     12.84
  108,       3S1,       4C1,     12.90,     15.96,     12.23,      5.77,     -0.17,     -2.10,     -4.23,     -0.42,      2.37,      4.22,      3.33,     10.27,      9.47,      9.22,      9.66,     11.10,      9.20,      9.55,      7.98,      7.93,      8.34,      9.63,     10.41,      9.69,      9.58,      9.77,     11.15,      9.67,     10.01,     10.89,     10.84,      8.51,      8.47,      9.19,      9.14,      7.69,      7.94,      7.56,     10.29,      9.79,      9.60
  109,       1S5,       4C1,      9.50,      9.92,      7.36,      5.19,      5.18,      5.87,      4.71,      6.18,      3.81,      3.49,      3.83,      8.54,      8.85,      8.72,      8.89,      8.21,      9.10,      8.69,      8.71,      8.69,      7.54,      8.97,      8.33,      8.63,      8.59,      8.64,      8.23,      8.74,      8.65,      9.18,      9.36,      8.50,      8.48,      8.25,      8.31,      7.90,      7.99,      8.22,      8.87,      8.91,      8.94
  110,       4C1,       1S3,      6.68,     11.44,      8.55,      2.97,      6.37,      7.04,      6.87,      8.44,      6.16,      7.20,      7.40,      8.84,      9.08,      8.74,      9.05,      8.60,      9.48,      9.07,      9.17,      9.19,      8.67,      9.46,      8.81,      9.04,      8.82,      9.10,      8.73,      8.96,      9.20,      9.66,      9.72,      8.96,      8.97,      8.22,      8.26,      8.34,      8.62,      8.69,      9.32,      9.43,      8.54
  111,       3S1,       4C1,     22.69,     16.04,     17.66,      5.33,     -3.98,     -8.18,     -8.25,     -1.68,      5.10,      5.39,      3.64,     11.39,      9.58,      9.11,      9.98,     12.54,      9.02,      9.42,     10.20,     10.16,     11.57,     11.21,     12.30,     10.64,     10.31,     10.94,     12.96,      9.91,     10.65,     12.29,     12.05,     10.55,     10.53,     10.65,     10.56,      9.55,     10.37,      9.75,     12.19,     11.73,     11.45
  112,       03B,       4C1,     14.14,     10.35,     10.58,      2.85,      2.94,      1.59,     -1.24,      2.12,      6.83,     -0.17,     -0.19,      9.38,      9.53,      9.15,      9.71,      9.55,     10.32,     10.28,      9.07,      9.02,      8.75,     10.04,      9.44,      9.58,      9.26,      9.78,      9.67,     10.06,     10.23,     10.48,     10.55,      9.58,      9.54,      9.50,      9.48,      8.59,      9.08,      8.91,     10.30,     10.29,      9.77
  113,       1S5,       1C4,     15.72,      8.95,     15.44,      6.34,      6.05,      2.38,      1.66,      6.21,     13.93,      3.13,      2.01,     10.71,      9.73,      9.48,     10.06,     11.44,      8.74,      9.81,     10.51,     10.52,     11.53,     10.82,     11.08,     10.23,     10.19,     10.41,     11.51,      9.57,     10.29,     11.88,     11.84,     10.63,     10.66,      9.65,      9.64,      9.56,     10.50,      9.84,     11.59,     11.24,     11.14
  114,       0S2,       4C1,     13.51,      9.76,      7.53,      6.24,      3.21,      2.76,      0.76,      3.05,      6.51,      1.68,      1.38,      7.70,      7.43,      7.00,      7.54,      7.89,      7.04,      7.81,      6.63,      6.59,      5.62,      7.42,      7.52,      7.26,      6.90,      7.44,      7.75,      7.76,      7.71,      7.70,      7.56,      6.93,      6.90,      6.83,      6.76,      6.23,      6.38,      6.61,      7.38,      7.31,      6.99
  115,       4C1,       1C4,     13.15,      6.53,      9.30,      5.21,      7.66,      7.12,      5.50,      8.00,      8.83,      4.93,      4.90,      9.29,      9.46,      9.17,      9.52,      9.24,     10.60,      9.54,      8.78,      8.79,      8.75,      9.43,      9.08,      9.25,      9.11,      9.26,      9.16,      8.76,      9.39,      9.75,      9.88,      9.02,      9.03,      8.59,      8.64,      8.52,      8.93,      8.76,      9.70,      9.73,      9.13
  116,       2S0,       4C1,     10.62,     11.50,      9.86,      2.79,      8.08,      9.06,      6.84,      8.68,      5.73,      5.99,      5.96,      9.10,      9.10,      8.71,      9.52,      9.52,      8.93,     10.53,      9.40,      9.39,      7.78,     10.17,      9.05,      9.06,      8.75,      9.53,      9.55,      9.87,     10.40,     10.16,     10.19,      9.51,      9.49,      9.52,      9.52,      8.58,      8.72,      9.32,     10.12,      9.95,      9.92
  117,       B03,       4C1,      9.33,      7.18,      7.90,      3.73,      5.08,      6.63,      3.26,      6.89,      5.51,      1.86,      2.45,      8.87,      9.55,      9.11,      9.69,      8.48,     10.10,     10.28,      9.50,      9.55,      8.41,     10.31,      8.64,      9.28,      8.91,      9.58,      8.54,      9.80,     10.08,     10.13,     10.35,      9.28,      9.32,      8.65,      8.78,      8.33,      8.63,      8.68,      9.67,      9.75,      9.25
  118,       4C1,       B03,     11.19,      8.53,      8.57,      5.40,      6.72,      7.58,      5.71,      8.12,      8.01,      4.74,      5.27,      8.78,      9.44,      9.23,      9.50,      8.25,     10.26,      9.79,      9.47,      9.50,      9.26,      9.90,      8.79,      9.42,      9.28,      9.55,      8.51,      9.60,      9.75,     10.55,     10.72,      9.35,      9.38,      8.62,      8.69,      8.55,      8.94,      8.63,      9.46,      9.50,      9.22
  119,       5S1,       4C1,     14.68,     13.73,     15.25,      9.04,      0.94,     -1.02,     -2.07,      2.20,      6.10,      5.73,      4.08,     11.40,      9.67,      9.62,     10.03,     12.22,      8.45,      9.29,      9.80,      9.68,     11.29,     11.04,     11.96,     10.36,     10.48,     10.44,     12.49,      9.75,     10.03,     11.69,     11.29,     10.18,     10.10,     10.73,     10.45,      9.62,     10.04,      9.64,     11.51,     10.93,     11.42
  120,       1C4,       4C1,     10.60,     10.71,     12.44,      3.73,      3.13,      1.25,     -0.47,      3.37,      5.72,      2.99,      1.69,     10.83,      9.62,      9.56,      9.88,     11.54,      9.14,      9.53,      8.29,      8.19,      9.05,     10.30,     10.90,      9.77,      9.81,      9.90,     11.54,      9.18,      9.91,     10.73,     10.48,      9.42,      9.34,      9.78,      9.60,      8.60,      8.94,      8.59,     10.38,      9.83,      9.10
  121,       1S5,       4C1,      8.49,      9.75,     10.51,      8.05,      4.60,      3.21,      2.00,      5.33,      9.30,      2.77,      2.70,      9.80,      9.67,      9.58,      9.95,      9.75,      8.77,      9.86,      9.94,      9.91,      9.66,      9.98,      9.63,      9.53,      9.51,      9.75,      9.57,      9.66,      9.69,     10.81,     10.92,      9.32,      9.28,      8.37,      8.39,      8.56,      9.02,      9.09,      9.78,      9.60,      9.60
  122,       0S2,       1C4,     18.86,     14.99,     15.97,      3.22,      3.03,     -0.00,     -3.71,      1.89,     11.06,      3.19,      2.70,      9.89,      9.77,      9.86,     10.06,     11.00,      9.44,     11.26,     10.70,     10.72,     10.21,     10.86,     10.70,     10.64,     10.83,     10.83,     11.67,     11.17,     11.81,     13.07,     13.18,     11.67,     11.70,     10.27,     10.32,      9.77,     10.92,     10.06,     11.96,     11.38,     11.15
  123,       1S3,       4C1,     10.59,     10.27,      8.70,      5.74,     11.49,     12.12,      9.17,     11.33,      7.72,      5.95,      6.27,      8.88,      9.23,      8.68,      9.50,      8.89,      9.47,     10.33,     10.18,     10.14,      7.55,     10.31,      8.70,      9.02,      8.54,      9.39,      8.83,      9.82,     10.04,     10.11,     10.18,      9.87,      9.83,      9.54,      9.54,      8.92,      9.16,     10.09,      9.85,      9.87,     10.00
  124,       0S2,       4C1,     20.67,     21.38,     18.56,      6.34,      5.00,      1.91,      0.88,      3.66,     15.27,      8.11,      6.53,     11.30,      9.65,      9.60,     10.18,     13.05,      8.97,     10.35,     10.51,     10.44,     11.01,     11.42,     12.42,     10.91,     11.02,     11.31,     13.70,     10.91,     11.79,     13.06,     12.90,     11.99,     11.93,     11.42,     11.32,     11.07,     11.68,     10.83,     12.81,     11.91,     12.59
  125,       2S0,       4C1,     10.02,      7.91,      7.99,      3.69,      5.41,      7.61,      4.99,      7.25,      4.78,      3.50,      3.83,      9.04,      9.37,      8.85,      9.48,      8.83,     10.16,      9.95,      9.01,      9.04,      7.95,      9.96,      8.86,      9.16,      8.71,      9.44,      8.87,      9.58,      9.86,      9.92,     10.00,      8.88,      8.90,      8.57,      8.64,      8.02,      8.21,      8.13,      9.55,      9.51,      9.79
  126,       3S1,       4C1,     20.23,     13.66,     13.91,      6.23,      1.55,     -0.49,     -1.33,      1.43,      5.50,      1.71,      0.25,     11.28,      9.84,      9.42,     10.09,     12.18,      8.89,      9.93,      8.73,      8.58,      9.07,     10.49,     11.36,     10.01,      9.68,     10.16,     12.01,     10.14,     10.17,     10.69,     10.26,      9.43,      9.32,      9.87,      9.58,      8.36,      8.85,      8.51,     10.96,     10.43,     10.05
  127,       1S5,       4C1,     10.64,     13.93,     11.16,      6.15,      6.02,      5.49,      4.93,      7.57,      7.89,      7.02,      6.53,     10.38,      9.74,      9.89,     10.05,     10.82,      9.76,      9.67,      9.28,      9.25,      9.11,     10.25,     10.25,      9.69,      9.95,      9.83,     10.68,      9.37,      9.84,     10.17,     10.25,      9.35,      9.31,      9.12,      9.12,      8.66,      8.78,      8.54,     10.27,      9.84,      9.67
  128,       4C1,       1C4,     13.45,      3.68,     14.50,      3.18,      5.57,      0.99,     -0.41,      3.24,     15.08,      4.87,      4.08,     10.79,     10.02,     10.26,     10.41,     11.21,     10.62,      9.85,     10.45,     10.49,     12.03,     10.91,     11.10,     10.45,     10.83,     10.60,     11.26,      9.15,     10.21,     11.86,     12.01,     11.02,     11.06,     10.68,     10.77,     10.23,     11.07,     10.37,     11.75,     11.67,     11.15
  129,       5S1,       4C1,     10.40,     14.08,     10.68,     -0.29,     -0.03,      0.06,     -2.01,      0.04,      1.19,      5.40,      5.21,      9.30,      9.30,      9.20,      9.42,      9.44,     10.25,      9.41,      9.94,      9.93,      9.41,     10.28,      9.74,      9.75,      9.78,      9.79,     10.04,      9.37,     10.05,     10.74,     10.85,     10.18,     10.18,      9.85,      9.87,      9.75,      9.97,     10.13,     10.80,     10.62,     10.32
  130,       4C1,       1S5,     11.03,     12.87,      7.64,      6.85,      9.80,     10.27,      9.46,      9.73,      7.86,      4.96,      5.33,      9.12,      9.54,      9.42,      9.52,      8.86,     10.31,      9.46,      8.87,      8.87,      7.53,      9.12,      8.72,      9.13,      9.08,      9.10,      8.65,      9.27,      9.18,      9.40,      9.60,      8.52,      8.52,      8.10,      8.18,      8.15,      8.10,      8.41,      9.14,      9.16,      9.03
  131,       4C1,       1S5,      9.53,     12.43,      7.48,      5.74,      7.24,      7.56,      5.99,      8.04,      7.02,      3.77,      4.64,      8.68,      9.63,      9.81,      9.62,      7.94,     10.24,      9.58,      9.81,      9.84,      9.08,      9.75,      8.58,      9.50,      9.71,      9.46,      8.18,      9.63,      9.50,     10.29,     10.63,      9.59,      9.61,      8.98,      9.12,      9.14,      9.25,      9.49,      9.46,      9.72,      8.78
  132,       1C4,       4C1,     16.73,      7.51,     13.34,      8.23,      7.74,      5.76,      5.78,      6.11,      8.53,      3.79,      2.13,     11.46,      9.70,      9.43,     10.15,     12.52,      8.41,     10.13,      7.81,      7.68,      8.28,      9.89,     11.18,      9.53,      9.37,      9.83,     11.95,      9.31,      9.90,      9.91,      9.41,      8.72,      8.63,      9.70,      9.38,      8.06,      8.29,      8.17,     10.34,      9.57,      9.48
  133,       4C1,       5S1,     14.64,     15.17,     14.44,      4.09,      2.57,     -0.36,     -2.09,      1.61,      6.00,      5.90,      4.71,     10.83,      9.71,      9.48,      9.91,     11.40,      9.38,      9.17,     10.51,     10.52,     11.20,     11.20,     11.56,     10.54,     10.53,     10.63,     11.94,      9.66,     10.32,     11.87,     11.76,     11.00,     11.01,     11.12,     11.09,     10.36,     10.96,     10.79,     11.90,     11.76,     11.97
  134,       0S2,       5S1,     22.27,     18.62,     17.74,      3.65,     -0.28,     -3.86,     -6.96,     -0.36,     10.28,      3.19,      1.88,     11.53,     10.40,     10.06,     10.77,     12.71,     10.29,     11.00,     10.79,     10.76,     11.71,     11.98,     12.40,     11.38,     11.27,     11.61,     13.24,     11.08,     11.93,     13.44,     13.27,     11.69,     11.67,     10.88,     10.77,      9.88,     11.12,      9.97,     12.94,     12.31,     11.94
  135,       4C1,       B03,     14.14,     11.18,      9.78,      5.64,      8.31,      9.28,      8.46,     10.79,      7.82,      4.55,      5.15,      9.04,      9.78,      9.63,      9.92,      8.83,      9.66,     10.37,      9.70,      9.80,      8.76,     10.12,      9.15,      9.89,      9.83,     10.09,      9.15,     10.23,     10.52,     11.04,     11.46,      9.90,      9.97,      9.32,      9.58,      8.87,      9.35,      9.43,     10.39,     10.47,     10.26
  136,       4C1,       5S1,     15.29,     14.01,     12.57,      1.90,      3.08,      1.89,      1.27,      3.28,      6.64,      6.14,      5.65,      9.85,      9.48,      9.29,      9.68,     10.17,     10.14,      9.60,     10.01,     10.02,     10.18,     10.64,     10.39,     10.08,     10.06,     10.22,     10.69,      9.57,     10.34,     11.25,     11.30,     10.69,     10.70,     10.45,     10.48,      9.97,     10.59,     10.31,     11.40,     11.34,     11.06
  137,       4C1,       1S5,      8.22,     10.32,      8.62,      4.67,      4.74,      4.12,      1.31,      4.38,      6.49,      3.50,      4.14,      9.18,      9.91,      9.82,      9.80,      8.41,     10.74,      9.40,     10.68,     10.71,      9.87,     10.18,      9.38,     10.08,     10.07,      9.98,      8.86,      9.98,      9.73,     10.94,     11.19,     10.36,     10.37,      9.64,      9.75,     10.39,     10.48,     10.95,     10.23,     10.65,     10.16
  138,       4C1,       5S1,     16.34,     14.43,     15.13,      3.52,     -0.83,     -2.98,     -4.14,      1.62,      5.83,      8.25,      7.09,     11.28,     10.05,      9.93,     10.38,     11.92,     10.56,      9.56,      9.93,      9.92,     11.64,     11.34,     11.93,     10.83,     10.91,     10.95,     12.34,      9.49,     10.56,     11.71,     11.68,     10.61,     10.62,     11.25,     11.23,     10.01,     10.50,      9.93,     12.13,     11.82,     11.00
  139,       5S1,       4C1,     10.98,     13.48,     13.98,      1.64,     -1.57,     -3.55,     -4.51,     -1.51,      3.62,      3.78,      2.32,     11.25,      9.77,      9.86,     10.11,     11.85,      9.05,      9.30,     10.32,     10.22,     10.72,     11.32,     11.70,     10.33,     10.61,     10.44,     12.19,      9.37,     10.14,     12.11,     11.81,     10.49,     10.43,     10.36,     10.14,      9.74,     10.13,      9.72,     11.50,     11.01,     11.28
  140,       3S1,       4C1,     16.34,     12.53,     11.14,      6.34,      5.94,      5.18,      3.19,      4.47,      9.50,      3.30,      2.38,     11.33,     10.40,      9.49,     10.49,     11.72,     10.67,     10.48,      8.55,      8.38,      8.31,     10.94,     11.12,     10.20,      9.46,     10.37,     11.46,     10.25,     10.50,     10.22,      9.72,      9.58,      9.46,     10.24,      9.91,      8.64,      8.87,      8.51,     10.54,     10.14,     10.46
  141,       3S1,       4C1,     13.98,     12.73,     11.85,      4.14,      2.23,      0.70,      0.11,      2.04,      4.77,      2.00,      1.63,     10.47,     10.29,     10.12,     10.46,     10.85,     10.51,     10.79,      9.40,      9.36,      9.46,     10.42,     10.49,     10.34,     10.24,     10.44,     10.89,     10.73,     10.78,     11.32,     11.34,      9.84,      9.81,      9.86,      9.83,      9.22,      9.38,      9.19,     10.82,     10.55,      9.67
  142,       4C1,       2S0,     13.71,     11.93,      9.68,      6.70,      6.01,      7.13,      5.84,      9.37,      6.31,      5.92,      6.53,      9.60,     10.21,     10.31,     10.43,      9.29,     10.11,     10.75,     10.18,     10.24,      9.78,     10.57,      9.65,     10.26,     10.42,     10.48,      9.52,     10.45,     10.75,     11.28,     11.63,      9.88,      9.92,      9.66,      9.84,      9.07,      9.29,      9.33,     10.37,     10.38,     10.01
  143,       4C1,       B14,     15.28,     13.05,     15.54,      1.04,      1.05,     -3.16,     -5.99,      1.38,     12.03,      6.55,      5.65,     11.27,     10.44,      9.57,     10.58,     11.18,     12.27,      9.52,     12.86,     12.84,     13.59,     12.47,     12.22,     11.48,     10.84,     11.57,     11.93,      9.83,     10.79,     13.71,     13.62,     12.88,     12.87,     12.18,     12.12,     12.53,     13.38,     13.17,     12.90,     12.96,     12.48
  144,       4C1,       5S1,     16.84,     14.92,     17.17,      4.91,      2.57,     -1.46,     -4.33,      2.70,     11.19,      5.18,      4.02,     11.91,     10.72,     10.85,     11.15,     12.47,     10.64,     10.49,     11.83,     11.78,     13.25,     12.30,     12.80,     11.74,     12.06,     11.93,     13.05,     10.61,     11.51,     13.29,     13.21,     12.38,     12.35,     12.16,     12.07,     11.67,     12.39,     11.95,     12.98,     12.51,     12.03
  145,       4C1,       1C4,     14.32,      8.65,     10.53,      3.57,     11.01,     10.48,      9.67,      9.98,      8.17,      5.40,      4.96,     10.60,     10.19,     10.63,     10.55,     11.35,      9.28,     10.67,      8.40,      8.39,      7.48,      9.90,     10.12,      9.80,     10.36,      9.93,     10.96,      9.61,     10.43,      9.90,     10.11,      9.08,      9.07,      9.64,      9.69,      8.44,      8.44,      8.80,     10.57,     10.08,      9.61
  146,       4C1,       3S1,     17.32,     12.66,     14.91,      5.55,      2.01,      0.50,     -1.38,      2.46,      7.38,      2.65,      2.07,     11.16,     10.63,     10.36,     10.95,     11.75,     10.26,     11.43,     10.59,     10.55,     10.66,     11.75,     11.74,     11.25,     11.07,     11.54,     12.14,     11.56,     11.88,     12.91,     12.79,     11.48,     11.46,     11.86,     11.77,     10.12,     10.58,     10.32,     12.14,     12.00,     11.51
  147,       1C4,       1C4,     17.95,      8.11,     18.91,      5.59,      5.69,      0.11,     -1.58,      4.16,     16.04,      5.67,      3.26,     12.98,     10.67,     10.21,     11.12,     14.50,     10.69,     10.75,     10.29,     10.22,     12.29,     12.07,     13.47,     11.34,     11.09,     11.66,     14.45,     10.01,     11.55,     12.75,     12.25,     11.73,     11.69,     11.99,     11.76,     10.94,     11.71,     10.97,     13.22,     12.54,     12.01
  148,       3S1,       4C1,     11.47,     14.18,     10.64,      5.72,      0.94,     -2.20,     -4.54,     -1.74,      3.24,      0.90,     -0.56,      8.72,      7.29,      6.97,      7.43,      9.81,      6.27,      7.34,      6.78,      6.65,      5.81,      7.73,      8.81,      7.46,      7.24,      7.45,      9.64,      7.83,      7.58,      8.34,      7.85,      7.13,      7.05,      7.06,      6.75,      6.26,      6.77,      6.77,      8.33,      7.78,      7.76
  149,       4C1,       3S1,     14.29,     10.54,     10.83,      3.19,      1.04,      0.27,     -1.19,      1.48,      4.60,      3.93,      3.70,     10.48,     10.32,      9.71,     10.38,     10.27,     11.49,     10.11,     10.19,     10.14,     10.08,     11.15,     10.59,     10.44,      9.95,     10.52,     10.50,     10.21,     10.41,     11.26,     11.22,     10.48,     10.44,     10.34,     10.29,      9.68,     10.16,      9.79,     10.91,     11.01,      9.99
  150,       0S2,       4C1,     13.05,     11.52,     11.22,      4.11,     -1.78,     -2.35,     -3.19,      1.51,      4.85,      0.87,      1.01,     10.59,     10.80,     10.77,     11.02,     10.26,     10.40,     11.02,     11.02,     11.01,     11.03,     11.52,     10.59,     10.79,     10.80,     11.01,     10.41,     11.05,     11.03,     12.24,     12.42,     10.85,     10.83,     10.16,     10.22,      9.77,     10.33,     10.33,     10.99,     11.22,     10.87
  151,       0S2,       4C1,     15.03,     13.60,      8.98,      8.54,      4.13,      4.29,      4.78,      4.45,      6.01,      3.85,      3.45,      9.84,      9.46,      9.50,      9.70,     10.01,      7.93,     10.07,      7.78,      7.71,      7.56,      9.25,      9.37,      9.01,      9.02,      9.24,      9.69,      9.82,      9.60,      9.53,      9.36,      8.21,      8.15,      7.79,      7.66,      7.28,      7.68,      7.46,      8.91,      8.59,      8.40
  152,       1S3,       4C1,      9.08,      9.45,      8.60,      3.53,      8.14,      9.38,      8.15,      9.41,      5.08,      5.45,      5.96,      9.71,     10.32,      9.96,     10.39,      9.31,     11.11,     10.71,     10.59,     10.57,      9.04,     10.99,      9.50,     10.07,      9.79,     10.23,      9.40,     10.46,     10.58,     10.96,     11.13,     10.47,     10.45,      9.93,      9.98,      9.70,      9.93,     10.33,     10.62,     10.82,     10.59
  153,       0S2,       4C1,     15.89,     13.20,     12.50,      6.42,      7.86,      7.23,      4.75,      5.49,     12.21,      2.54,      1.82,     11.04,     10.36,     10.13,     10.80,     11.78,      9.82,     11.40,     10.01,      9.86,      8.75,     11.36,     11.04,     10.40,     10.27,     10.79,     11.76,     10.75,     11.46,     11.60,     11.42,     10.84,     10.72,     10.34,     10.15,      9.49,      9.95,      9.75,     11.12,     10.48,     10.91
  154,       3S1,       4C1,     16.13,     10.99,     13.05,      5.06,      3.26,      2.22,      0.68,      2.06,      6.56,      1.44,      0.38,     11.91,     10.90,     10.40,     11.14,     12.62,     10.72,     11.47,      9.37,      9.19,      8.98,     11.67,     11.79,     10.83,     10.43,     10.99,     12.44,     11.33,     11.37,     11.52,     11.05,     10.23,     10.10,     10.48,     10.12,      9.15,      9.61,      9.23,     11.67,     11.16,     10.29
  155,       4C1,       1S3,     10.69,     12.90,      9.39,      6.95,     16.41,     16.65,     15.71,     15.75,     11.14,      5.29,      5.52,     10.45,     10.65,     10.95,     11.06,     10.88,      9.30,     11.79,      9.83,      9.84,      7.59,     10.66,      9.78,     10.01,     10.38,     10.38,     10.40,     10.82,     11.23,     10.28,     10.57,      9.71,      9.71,      9.18,      9.31,      8.60,      8.70,      9.25,     10.68,     10.38,     10.29
  156,       4C1,       5S1,     13.87,     13.65,     12.50,      5.03,      5.54,      5.05,      3.02,      5.89,      7.83,      8.47,      8.10,     10.41,     10.06,      9.38,     10.24,     10.38,     10.99,      9.99,     10.83,     10.79,     11.08,     11.60,     11.08,     10.76,     10.27,     10.96,     11.03,     10.18,     10.86,     11.56,     11.50,     11.47,     11.45,     11.86,     11.80,     10.83,     11.22,     11.16,     11.63,     11.64,     11.15
  157,       4C1,       03B,     17.48,     10.92,     12.62,      5.47,      6.28,      5.18,      3.81,      6.00,      7.87,      3.64,      3.51,     11.08,     11.08,     10.68,     11.23,     11.45,     11.81,     11.54,      9.98,     10.02,      9.64,     11.26,     11.17,     11.19,     10.90,     11.32,     11.55,     11.54,     11.68,     11.84,     12.02,     10.78,     10.81,     11.01,     11.12,      9.66,     10.19,      9.95,     12.02,     11.89,     11.44
  158,       B03,       4C1,     11.24,      8.52,      8.92,      6.48,      7.54,     10.09,      7.48,      9.68,      7.96,      4.41,      4.83,     10.29,     10.66,     10.16,     10.83,      9.96,     11.02,     11.29,     10.01,     10.04,      9.19,     11.24,      9.98,     10.32,      9.90,     10.65,      9.89,     10.78,     11.03,     10.98,     11.08,      9.93,      9.95,      9.63,      9.69,      8.88,      9.11,      8.94,     10.40,     10.19,     10.28
  159,       3S1,       0S2,     24.58,     23.20,     20.67,      8.39,      0.26,     -5.17,     -8.62,     -1.80,      9.55,      3.39,      1.07,     12.98,     10.74,     10.42,     11.21,     15.32,      9.07,     11.94,      9.73,      9.62,     10.08,     11.82,     13.69,     11.63,     11.44,     11.94,     15.40,     12.50,     12.66,     14.17,     13.61,     11.34,     11.28,     11.46,     11.16,      8.86,     10.09,      9.04,     13.30,     12.24,     11.87
  160,       5S1,       4C1,     13.29,     14.77,     14.69,      3.53,      2.03,      0.20,     -2.32,      1.63,      6.37,      5.75,      4.96,     11.41,     10.61,     10.96,     10.94,     11.92,      9.75,     10.69,     11.94,     11.86,     12.12,     12.13,     12.07,     11.36,     11.82,     11.42,     12.52,     11.08,     11.38,     13.03,     12.96,     12.29,     12.23,     11.57,     11.45,     11.55,     12.21,     11.88,     12.68,     11.98,     12.31
  161,       1C4,       4C1,     11.94,     12.19,     10.42,      2.14,      1.71,      1.81,      1.00,      3.18,      2.33,      4.82,      4.46,     10.90,     10.71,     10.92,     10.75,     10.93,     11.02,     10.31,      9.24,      9.18,      9.40,     10.77,     10.83,     10.67,     10.94,     10.58,     11.13,     10.14,     10.59,     10.80,     10.89,     10.16,     10.10,     10.09,     10.08,      9.90,      9.99,      9.92,     10.86,     10.54,     11.03
  162,       1S5,       4C1,     12.96,     13.49,      9.55,      6.44,      6.89,      7.38,      7.11,      8.35,      5.35,      5.47,      5.96,     10.15,     10.66,     11.01,     10.77,      9.89,     10.44,     10.67,     10.34,     10.37,      9.36,     10.67,     10.00,     10.51,     10.92,     10.48,     10.00,     10.78,     10.59,     11.18,     11.53,     10.11,     10.13,     10.03,     10.16,      9.45,      9.44,      9.58,     10.74,     10.71,     10.64
  163,       4C1,       0S2,     11.62,     21.79,     14.27,      9.22,      2.33,     -1.02,     -4.24,     -0.24,      4.50,      1.28,      0.13,     11.97,     11.01,     11.65,     11.40,     13.44,      8.50,     11.71,      9.52,      9.46,      8.14,     11.02,     11.69,     10.84,     11.56,     10.96,     13.02,     11.48,     11.64,     12.47,     12.51,      9.71,      9.66,      9.10,      9.08,      7.73,      8.66,      8.63,     11.71,     11.12,     10.68
  164,       1S3,       4C1,     13.67,     12.55,     10.73,      7.30,     11.55,     11.51,      9.53,     11.79,     11.99,      4.91,      5.40,     10.12,     10.69,     10.24,     10.90,     10.03,     11.19,     11.99,     11.14,     11.11,      9.29,     11.45,     10.23,     10.75,     10.33,     11.11,     10.18,     11.68,     11.75,     11.93,     12.00,     11.57,     11.54,     11.62,     11.63,     10.59,     10.92,     11.67,     11.41,     11.67,     11.29
  165,       0S2,       4C1,     18.89,     14.09,     12.23,      6.26,      7.51,      8.14,      7.35,      7.74,      7.81,      7.57,      7.47,     11.04,     10.89,     10.66,     11.14,     11.23,     10.35,     11.27,     10.51,     10.52,      9.66,     11.74,     11.40,     11.28,     11.12,     11.55,     11.68,     11.82,     11.84,     11.53,     11.65,     11.54,     11.54,     11.81,     11.88,     10.82,     11.13,     11.39,     11.82,     11.73,     10.90
  166,       4C1,       B03,     13.28,     10.83,     10.73,      5.65,      7.75,      8.55,      7.05,      9.49,      7.08,      4.04,      4.02,     10.06,     10.12,     10.31,     10.44,     10.28,      9.92,     11.05,      9.29,      9.28,      8.73,     10.53,      9.88,      9.97,     10.18,     10.27,     10.25,     10.46,     10.84,     11.24,     11.37,      9.56,      9.55,      9.17,      9.21,      8.38,      8.71,      8.55,     10.49,     10.26,     10.12
  167,       1C4,       4C1,     10.40,      5.14,      8.99,      1.16,      4.72,      3.37,      2.89,      4.92,      5.65,      3.52,      3.33,      7.89,      7.81,      7.89,      7.94,      8.19,      8.62,      7.92,      7.45,      7.48,      7.69,      8.00,      7.83,      7.79,      7.95,      7.78,      8.20,      7.45,      7.95,      8.64,      8.83,      7.87,      7.89,      8.01,      8.10,      7.37,      7.55,      7.61,      8.65,      8.65,      8.78
  168,       4C1,       1C4,     13.11,     10.84,     12.08,      3.40,      5.70,      3.90,      0.38,      5.19,      7.00,      6.24,      6.15,     10.95,     10.97,     11.12,     11.08,     11.07,     11.53,     10.84,     10.54,     10.56,     10.70,     11.28,     11.18,     11.23,     11.48,     11.21,     11.38,     10.78,     11.23,     11.97,     12.20,     11.27,     11.29,     11.58,     11.68,     10.82,     11.03,     11.25,     11.93,     12.07,     11.24
  169,       2S0,       4C1,     12.42,     11.57,     10.37,      3.18,      8.14,      8.83,      6.29,      9.06,      5.96,      2.08,      3.08,      9.64,     10.81,     10.93,     11.19,      9.42,     10.68,     12.33,     11.53,     11.63,     10.28,     11.51,      9.68,     10.82,     10.98,     11.25,      9.73,     11.71,     12.12,     11.95,     12.51,     11.36,     11.44,     10.72,     11.01,     10.21,     10.53,     10.84,     11.63,     12.15,     11.56
  170,       4C1,       5S1,     22.63,     17.69,     15.17,      7.75,      1.76,      0.52,     -0.11,      4.89,      8.28,      7.64,      7.09,     11.60,     11.08,     10.83,     11.33,     11.79,     10.82,     11.12,     11.47,     11.49,     13.14,     11.99,     12.25,     11.80,     11.68,     11.94,     12.21,     11.27,     11.66,     12.75,     12.72,     11.57,     11.60,     11.67,     11.66,     11.01,     11.71,     11.14,     12.42,     12.39,     12.19
  171,       0S2,       0S2,     24.10,     21.58,     17.14,      8.77,      3.97,      1.58,     -2.02,      2.55,      9.33,      4.69,      3.33,     12.64,     11.43,     11.22,     11.83,     14.21,     10.67,     12.64,     10.22,     10.10,      8.94,     12.25,     13.03,     11.92,     11.82,     12.20,     14.29,     12.60,     13.01,     13.72,     13.43,     11.50,     11.41,     11.39,     11.17,      9.33,     10.33,      9.99,     12.76,     11.83,     11.67
  172,       4C1,       0S2,     11.05,     11.81,      9.65,      4.09,      2.49,      0.65,     -1.61,      1.16,      9.48,      3.14,      3.33,      8.16,      8.48,      8.09,      8.52,      7.95,      9.32,      8.52,      9.42,      9.46,      9.00,      9.03,      8.55,      8.87,      8.58,      8.99,      8.36,      8.99,      9.00,     10.50,     10.69,      9.38,      9.40,      8.58,      8.69,      8.97,      9.55,      9.50,      9.23,      9.53,      9.24
  173,       4C1,       2S0,     16.12,     17.08,     12.78,      6.35,     11.77,     11.17,      8.26,     11.16,      8.02,      7.53,      7.53,     10.60,     10.74,     10.55,     11.01,     10.98,     10.39,     11.50,     11.13,     11.14,      9.64,     11.63,     11.04,     11.21,     11.17,     11.49,     11.49,     11.53,     12.10,     12.46,     12.71,     11.68,     11.68,     11.61,     11.73,     10.72,     11.12,     11.66,     12.39,     12.41,     12.30
  174,       4C1,       1C4,     19.53,     15.97,     15.18,      9.60,     10.02,      6.90,      5.51,      8.61,     11.24,      8.81,      7.72,     12.11,     11.16,     11.39,     11.47,     13.17,      9.35,     11.61,     10.33,     10.30,     10.54,     11.47,     12.32,     11.48,     11.79,     11.54,     13.21,     11.67,     11.85,     12.82,     12.74,     11.43,     11.42,     11.84,     11.77,     10.41,     11.01,     11.24,     12.71,     12.44,     11.92
  175,       2S0,       4C1,     15.32,     13.52,     13.08,      7.17,      6.97,      7.30,      5.54,      8.16,      6.89,      5.65,      5.52,     11.25,     11.11,     11.25,     11.47,     11.81,     10.32,     12.23,     10.87,     10.89,     10.33,     11.74,     11.39,     11.29,     11.45,     11.64,     11.93,     12.03,     12.29,     12.18,     12.29,     10.96,     10.97,     10.61,     10.68,      9.88,     10.26,     10.11,     12.02,     11.60,     11.61
  176,       1S3,       4C1,      7.50,     11.57,     10.94,      3.33,      8.69,      8.93,      7.67,     10.76,      7.20,      5.96,      6.34,     10.56,     11.06,     11.16,     11.27,     10.54,     10.68,     11.74,     11.57,     11.61,      9.95,     11.77,     10.65,     11.14,     11.34,     11.38,     10.85,     11.56,     11.93,     12.35,     12.65,     11.61,     11.63,     11.25,     11.40,     10.58,     10.81,     11.16,     12.01,     12.16,     11.95
  177,       4C1,       0S2,     13.71,     14.10,     10.37,      6.61,      6.37,      6.62,      5.31,      6.58,      6.38,      3.90,      3.77,     11.08,     10.95,     10.93,     11.11,     11.46,     10.98,     11.11,      9.44,      9.46,      7.88,     10.92,     10.73,     10.63,     10.69,     10.72,     11.24,     11.15,     11.08,     11.07,     11.23,      9.89,      9.91,     10.01,     10.07,      8.64,      8.84,      8.91,     10.82,     10.65,     10.02
  178,       4C1,       1C4,     14.71,      8.94,     10.13,      5.28,      8.48,      8.72,      7.08,      9.70,     10.36,      7.14,      7.47,     10.52,     11.05,     10.79,     11.09,     10.07,     12.60,     11.09,     10.59,     10.59,     10.86,     11.24,     10.47,     10.97,     10.85,     10.98,     10.26,     10.48,     11.03,     11.59,     11.77,     11.11,     11.12,     10.91,     10.96,     10.70,     11.01,     10.85,     11.17,     11.30,     10.01
  179,       4C1,       03B,     18.58,     14.72,     14.70,      7.98,      3.41,      1.39,     -1.05,      3.37,      6.86,      4.12,      3.58,     12.13,     11.63,     10.86,     11.85,     12.46,     11.25,     11.87,     11.43,     11.41,     11.21,     12.54,     12.57,     12.12,     11.46,     12.41,     12.73,     12.38,     12.43,     12.97,     12.97,     12.00,     11.98,     12.63,     12.64,     10.75,     11.35,     11.32,     12.99,     13.15,     12.83
  180,       1S5,       4C1,     13.79,     15.11,     10.78,     10.53,      8.65,      8.45,      7.52,      8.06,      7.96,      3.09,      2.95,     11.31,     11.14,     11.60,     11.48,     11.57,      9.42,     11.79,     10.03,      9.94,      8.98,     11.27,     10.83,     10.70,     11.13,     10.89,     11.29,     11.69,     11.33,     11.51,     11.58,     10.33,     10.25,      9.78,      9.73,      9.28,      9.51,      9.61,     10.84,     10.31,      9.89
  181,       4C1,       1C4,     16.44,     10.25,     13.41,      4.20,     13.10,     11.25,     10.00,     12.60,     13.73,      9.09,      8.66,     11.79,     11.39,     11.65,     11.74,     12.27,     11.31,     11.77,     10.65,     10.67,     10.35,     11.68,     11.77,     11.45,     11.85,     11.61,     12.21,     10.81,     11.79,     12.00,     12.15,     11.51,     11.53,     11.90,     11.97,     11.08,     11.30,     11.46,     12.50,     12.14,     11.50
  182,       4C1,       1S5,     15.84,     16.39,     12.31,      8.63,      9.65,      9.16,      8.45,     10.02,     12.17,      7.11,      7.28,     10.98,     11.18,     10.95,     11.20,     10.79,     11.70,     11.01,     11.60,     11.61,     11.26,     11.63,     11.34,     11.55,     11.41,     11.59,     11.20,     11.54,     11.52,     12.40,     12.56,     11.90,     11.90,     11.37,     11.44,     11.59,     11.95,     12.10,     11.92,     11.93,     11.88
  183,       1C4,       4C1,     17.19,     10.01,     15.74,     11.88,      7.03,      4.38,      4.17,      6.85,      9.71,      5.06,      2.82,     13.87,     11.42,     11.28,     11.97,     15.14,      9.42,     11.28,      9.02,      8.87,      9.79,     11.73,     13.50,     11.20,     11.22,     11.49,     14.42,     10.58,     11.20,     11.32,     10.77,      9.81,      9.71,     10.49,     10.14,      8.87,      9.19,      8.91,     11.95,     10.81,     10.70
  184,       4C1,       0S2,     14.24,     14.56,     12.21,      8.32,      8.15,      7.48,      5.05,      7.88,      7.78,      3.64,      3.20,     12.09,     11.73,     11.96,     11.97,     12.60,     11.01,     12.22,      9.59,      9.59,      9.44,     11.47,     11.75,     11.45,     11.74,     11.60,     12.33,     11.82,     12.04,     11.81,     11.85,     10.23,     10.23,     10.28,     10.31,      9.15,      9.43,      9.20,     11.58,     11.22,     11.12
  185,       4C1,       1S5,     13.08,     15.63,      9.13,      5.31,     10.55,     11.58,     10.27,     12.41,      7.43,      6.47,      7.47,     10.43,     11.42,     11.75,     11.55,      9.88,     11.72,     11.55,     11.13,     11.23,      9.30,     11.49,     10.26,     11.23,     11.63,     11.29,     10.09,     11.26,     11.51,     11.58,     12.13,     11.10,     11.17,     11.21,     11.48,     10.59,     10.38,     11.14,     11.40,     11.53,     11.14
  186,       4C1,       03B,     17.44,     16.08,     19.17,      5.49,      4.77,      0.45,     -0.45,      3.12,     10.16,      4.80,      3.39,     13.26,     11.90,     12.24,     12.49,     14.91,     10.52,     12.96,     11.25,     11.26,     11.94,     12.38,     13.81,     12.61,     13.04,     13.00,     15.00,     12.93,     13.52,     13.75,     13.76,     12.11,     12.11,     12.01,     12.03,     10.76,     11.41,     10.71,     14.13,     13.47,     13.15
  187,       3S1,       4C1,     13.30,     15.20,     12.59,      6.09,      4.31,      1.27,     -1.78,      0.91,      8.75,      2.65,      1.19,     10.14,      8.69,      8.03,      8.90,     11.19,      7.56,      8.92,      8.21,      8.07,      7.70,      9.67,     10.33,      8.95,      8.45,      9.16,     11.14,      9.15,      9.40,      9.99,      9.49,      9.21,      9.11,      9.12,      8.81,      7.94,      8.58,      8.34,     10.01,      9.33,      9.67
  188,       4C1,       0S2,     18.05,     15.25,      9.37,      5.51,      7.67,      8.94,      8.53,      9.73,      8.42,      7.44,      8.28,     10.62,     11.52,     11.50,     11.57,     10.03,     12.65,     11.52,     10.56,     10.63,      9.57,     11.46,     10.54,     11.41,     11.49,     11.46,     10.31,     11.36,     11.60,     11.44,     11.90,     11.05,     11.09,     11.08,     11.30,     10.44,     10.55,     10.73,     11.30,     11.46,     10.48
  189,       1C4,       1C4,     25.57,     15.61,     26.35,      6.88,      8.15,      0.83,     -1.21,      6.31,     24.49,      9.72,      6.53,     14.96,     11.82,     11.38,     12.56,     17.29,     10.46,     12.55,     13.56,     13.51,     16.27,     14.57,     16.50,     13.60,     13.38,     14.15,     17.88,     12.41,     14.16,     16.52,     15.84,     15.38,     15.38,     14.74,     14.45,     14.35,     15.68,     14.50,     16.67,     15.58,     15.64
  190,       1C4,       4C1,     20.18,     17.48,     17.75,      3.53,      2.83,      0.95,     -0.56,      4.29,     10.45,      8.11,      7.09,     12.49,     11.61,     11.46,     11.98,     13.31,     11.64,     12.05,     12.78,     12.76,     13.16,     13.18,     13.44,     12.65,     12.58,     12.97,     14.02,     12.32,     13.14,     14.13,     14.13,     13.62,     13.60,     13.00,     13.02,     13.08,     13.71,     13.54,     13.97,     13.72,     13.27
  191,       4C1,       2S0,     15.60,     16.45,     11.52,      5.33,     11.19,     11.39,      8.98,     10.99,     10.41,      7.17,      7.91,     10.68,     11.45,     11.06,     11.76,     10.32,     12.29,     12.58,     12.43,     12.44,     10.93,     12.68,     11.02,     11.77,     11.48,     12.20,     10.87,     12.10,     12.78,     13.27,     13.56,     13.01,     13.01,     13.04,     13.17,     12.06,     12.42,     13.13,     12.77,     13.08,     13.02
  192,       4C1,       1C4,     15.23,     11.49,     13.59,      6.95,     12.89,      9.94,      7.26,     10.19,     10.24,      5.97,      5.02,     12.51,     11.52,     12.00,     11.96,     13.59,      9.30,     11.81,     10.00,      9.99,      9.53,     11.40,     12.13,     11.28,     11.89,     11.45,     13.09,     11.07,     11.75,     11.30,     11.40,     10.39,     10.38,     11.37,     11.40,      9.78,      9.70,     10.24,     12.15,     11.65,     11.48
  193,       4C1,       1S3,     14.14,     19.58,     15.83,      3.64,      9.47,      6.47,      4.46,      9.34,      8.90,      9.41,      8.66,     12.13,     11.46,     11.78,     11.79,     13.23,      9.53,     11.95,     12.02,     12.05,     10.97,     11.99,     12.55,     11.99,     12.45,     12.17,     13.42,     12.09,     12.59,     13.13,     13.26,     11.95,     11.97,     11.60,     11.69,     11.22,     11.67,     12.16,     13.36,     13.04,     12.52
  194,       0S2,       0S2,     22.09,     18.56,     14.14,      7.96,      6.46,      6.03,      4.08,      5.34,      9.85,      5.20,      4.77,     11.92,     11.65,     11.24,     11.82,     12.68,     11.57,     12.80,     10.28,     10.25,      8.80,     12.02,     12.10,     11.84,     11.51,     12.04,     12.81,     12.87,     12.83,     13.09,     12.92,     11.61,     11.60,     11.93,     11.83,      9.75,     10.46,     10.37,     12.31,     11.90,     11.00
  195,       1C4,       4C1,     13.61,     10.71,     14.15,      6.31,      6.71,      4.79,      3.09,      6.35,      8.85,      6.19,      4.83,     13.10,     11.75,     11.44,     11.98,     13.74,     11.12,     11.59,     10.69,     10.57,     10.92,     12.49,     13.09,     11.81,     11.61,     11.95,     13.65,     11.18,     11.90,     12.42,     12.02,     11.71,     11.63,     12.18,     11.92,     11.15,     11.39,     11.38,     12.56,     12.02,     11.47
  196,       4C1,       1C4,     22.75,     15.57,     15.63,      7.73,     13.98,     11.42,     10.48,     13.18,     13.63,     11.82,     10.67,     13.12,     11.93,     12.14,     12.31,     14.26,     10.83,     12.11,     10.82,     10.82,     11.10,     12.32,     13.19,     12.14,     12.51,     12.26,     14.10,     11.59,     12.42,     12.74,     12.72,     11.83,     11.85,     12.72,     12.70,     11.28,     11.58,     11.86,     13.51,     13.10,     12.43
  197,       1C4,       1C4,     18.93,      8.23,     24.49,      5.22,      4.49,     -2.88,     -4.92,      3.15,     21.04,      7.09,      4.52,     15.40,     12.90,     12.32,     13.46,     16.97,     11.79,     13.05,     14.64,     14.60,     17.29,     15.12,     16.56,     14.28,     13.91,     14.69,     17.37,     12.93,     14.35,     16.51,     16.02,     15.32,     15.31,     14.25,     14.04,     14.76,     16.01,     14.78,     16.71,     16.01,     15.44
  198,       4C1,       1C4,     16.49,     16.06,     14.35,      8.35,      8.77,      6.66,      4.90,      7.10,      7.87,      7.76,      6.65,     13.14,     12.13,     12.41,     12.38,     14.26,     10.27,     12.44,      9.86,      9.83,     10.11,     11.91,     12.82,     11.92,     12.29,     11.96,     13.88,     12.28,     12.37,     12.55,     12.46,     10.90,     10.88,     11.53,     11.46,      9.87,     10.19,     10.30,     12.75,     12.28,     11.35
  199,       4C1,       B25,     19.06,     17.89,     12.15,      6.59,      8.06,      8.52,      6.93,      9.29,      8.04,      5.18,      5.59,     11.51,     12.02,     12.30,     12.29,     11.33,     11.60,     12.77,     11.59,     11.61,     10.75,     12.52,     11.64,     12.16,     12.44,     12.44,     11.74,     12.63,     12.90,     13.27,     13.60,     12.45,     12.45,     12.15,     12.31,     11.49,     11.89,     12.30,     12.52,     12.61,     12.22
  200,       4C1,       2S0,     15.29,     10.92,     10.45,      5.66,     10.44,     11.67,     10.84,     13.26,     10.58,      5.75,      6.65,     11.09,     12.03,     11.82,     12.16,     10.47,     13.08,     12.60,     12.04,     12.13,     11.31,     12.55,     11.01,     11.91,     11.75,     12.12,     10.64,     12.15,     12.38,     12.94,     13.31,     11.94,     12.00,     11.47,     11.69,     11.08,     11.47,     11.57,     12.31,     12.68,     11.91
  201,       3S1,       4C1,     20.75,     20.92,     16.09,      7.37,      8.73,      6.62,      3.57,      6.36,     12.43,      5.51,      4.46,     13.47,     12.47,     11.62,     12.65,     14.34,     12.34,     13.08,     11.92,     11.77,     10.88,     13.63,     13.88,     12.92,     12.21,     13.14,     14.54,     13.17,     13.55,     13.88,     13.46,     13.52,     13.41,     13.76,     13.50,     12.33,     12.99,     13.08,     14.20,     13.75,     14.35
  202,       4C1,       1C4,     12.48,     11.88,     10.43,      6.03,      4.94,      4.65,      1.68,      5.25,      6.29,      5.02,      5.40,     11.89,     12.39,     12.56,     12.37,     11.41,     12.49,     12.03,     10.90,     10.93,     10.90,     12.27,     11.62,     12.11,     12.33,     12.02,     11.48,     11.92,     11.95,     12.27,     12.57,     11.51,     11.53,     11.57,     11.70,     10.97,     11.07,     11.29,     11.97,     12.04,     11.30
  203,       4C1,       1S3,     14.25,     20.55,     17.33,      6.66,     12.57,      9.77,      7.74,     10.32,      7.65,      8.53,      7.03,     13.70,     12.12,     12.66,     12.80,     15.43,      8.93,     13.30,     11.34,     11.24,     10.36,     12.91,     13.96,     12.55,     13.16,     13.02,     15.39,     13.14,     13.77,     13.60,     13.46,     12.19,     12.10,     13.09,     12.97,     11.39,     11.49,     12.19,     14.35,     13.80,     13.58
  204,       1C4,       4C1,     20.51,     13.80,     17.78,      5.31,      4.56,      2.81,      0.91,      5.83,     13.20,      8.34,      7.28,     13.69,     12.68,     12.31,     13.07,     14.36,     13.01,     12.96,     13.29,     13.27,     13.89,     14.17,     14.26,     13.34,     13.15,     13.65,     14.73,     12.62,     13.69,     14.57,     14.48,     13.87,     13.85,     13.60,     13.55,     13.16,     13.70,     13.31,     14.76,     14.50,     13.96
  205,       4C1,       1C4,     12.14,     11.62,     17.26,      7.42,      7.22,      4.29,      2.10,      7.16,      7.08,      6.12,      4.52,     14.18,     12.56,     13.11,     13.08,     15.65,      9.59,     12.94,     11.19,     11.09,     11.86,     13.02,     14.32,     12.86,     13.51,     13.11,     15.53,     12.68,     13.41,     13.45,     13.31,     12.22,     12.14,     12.85,     12.72,     11.43,     11.79,     11.83,     14.08,     13.44,     12.66
  206,       1C4,       0S2,     17.67,     17.02,     15.26,      7.94,      3.70,      1.72,     -1.63,      3.01,      7.79,      3.98,      2.89,     13.90,     12.85,     12.53,     13.06,     14.52,     11.93,     12.62,     10.96,     10.91,     11.12,     13.12,     13.88,     12.92,     12.77,     13.03,     14.43,     12.52,     12.99,     13.73,     13.58,     12.08,     12.05,     12.57,     12.48,     10.78,     11.27,     11.08,     13.35,     13.01,     12.96
  207,       5S1,       4C1,     13.56,     17.35,     13.57,      2.90,      4.78,      5.14,      2.86,      4.17,      6.27,      7.16,      7.09,     12.22,     12.21,     12.18,     12.43,     12.27,     12.76,     12.54,     13.07,     13.02,     12.29,     13.62,     12.71,     12.72,     12.80,     12.83,     12.98,     12.50,     13.13,     13.98,     14.05,     13.74,     13.69,     13.30,     13.28,     13.28,     13.62,     13.85,     13.91,     13.47,     13.30
  208,       1S5,       4C1,     12.16,     21.36,     17.00,      6.57,      6.08,      5.68,      5.92,      8.26,      6.50,      8.19,      7.59,     13.74,     13.08,     13.36,     13.43,     14.55,     12.67,     13.37,     13.61,     13.58,     12.67,     14.22,     14.39,     13.82,     14.20,     14.02,     15.10,     13.82,     14.29,     15.07,     15.22,     14.19,     14.16,     14.39,     14.44,     13.37,     13.61,     13.89,     15.13,     14.77,     14.86
  209,       4C1,       5S1,     14.45,     15.82,     18.46,      6.02,      3.07,      0.23,     -0.28,      3.75,     11.04,      6.98,      5.96,     14.09,     12.96,     12.96,     13.38,     14.55,     12.04,     12.49,     13.65,     13.68,     15.79,     14.73,     14.94,     13.95,     14.17,     14.18,     15.18,     12.89,     13.73,     15.14,     15.18,     14.35,     14.39,     13.99,     14.03,     13.48,     14.36,     13.56,     15.03,     14.61,     14.24
  210,       3S1,       0S2,     25.54,     29.03,     21.44,      7.18,      0.75,     -2.59,     -4.25,     -0.97,     10.98,      5.03,      3.58,     14.40,     13.13,     13.04,     13.62,     16.08,     12.29,     14.31,     13.31,     13.24,     12.90,     14.46,     15.31,     14.15,     14.20,     14.50,     16.66,     14.98,     15.30,     17.18,     17.03,     14.65,     14.59,     13.81,     13.70,     12.40,     13.57,     12.64,     15.74,     14.74,     14.41
  211,       1C4,       1C4,     16.15,      9.48,     18.04,      6.78,      6.62,      3.68,      1.26,      5.90,     13.91,      4.16,      3.58,     13.73,     13.45,     13.79,     13.88,     14.29,     12.07,     14.29,     13.18,     13.23,     14.42,     14.27,     14.15,     13.97,     14.40,     14.19,     14.64,     13.52,     14.53,     15.83,     16.02,     14.33,     14.38,     13.99,     14.09,     12.99,     13.80,     13.20,     14.90,     14.55,     13.92
  212,       0S2,       0S2,     31.09,     34.69,     26.18,      9.91,      4.40,     -0.61,     -2.47,      2.65,     17.14,     10.94,      8.60,     15.40,     13.21,     13.23,     13.84,     18.05,     11.93,     14.39,     14.13,     14.01,     13.95,     15.47,     17.02,     15.03,     15.26,     15.44,     18.97,     15.28,     16.27,     18.22,     17.96,     16.03,     15.94,     15.32,     15.14,     13.84,     15.23,     14.18,     17.49,     16.27,     16.97
  213,       B25,       4C1,     14.67,     11.36,     11.08,      6.56,      7.52,      8.04,      6.04,      7.80,      7.57,      1.81,      2.26,     12.53,     12.93,     12.95,     13.16,     11.91,     12.03,     13.11,     12.84,     12.84,     11.69,     13.63,     12.25,     12.62,     12.65,     12.84,     11.97,     13.09,     12.89,     13.40,     13.59,     12.97,     12.96,     12.27,     12.33,     12.24,     12.43,     12.90,     12.79,     12.92,     13.26
  214,       1S5,       4C1,     10.77,      9.62,     11.13,     10.43,      5.79,      4.30,      3.58,      7.01,     10.37,      3.88,      3.58,     10.89,     10.42,     10.47,     10.73,     10.85,      9.28,     10.19,     10.03,      9.99,     10.00,     10.40,     10.57,     10.17,     10.33,     10.35,     10.50,      9.71,     10.01,     10.76,     10.86,      9.51,      9.46,      8.85,      8.86,      8.98,      9.30,      9.22,     10.26,     10.10,     10.28
  215,       4C1,       3S1,     21.47,     25.06,     20.06,     11.47,      5.75,      3.23,      2.50,      4.75,      8.60,      7.55,      6.03,     15.03,     13.50,     13.97,     14.10,     16.77,     11.02,     14.61,     11.68,     11.59,     12.67,     14.08,     15.51,     14.14,     14.66,     14.47,     16.89,     14.85,     15.11,     15.59,     15.41,     13.13,     13.07,     13.97,     13.81,     11.47,     12.16,     11.54,     15.03,     13.97,     13.75
  216,       1S3,       1C4,     17.52,     11.60,     20.38,      5.09,      9.04,      4.49,      3.17,      7.03,     22.72,      7.14,      6.21,     14.58,     13.73,     13.74,     14.31,     15.42,     13.77,     14.71,     15.37,     15.35,     16.28,     15.51,     15.03,     14.29,     14.44,     14.72,     15.52,     14.01,     14.95,     17.04,     17.03,     15.43,     15.42,     13.56,     13.54,     13.88,     15.16,     13.93,     16.12,     15.67,     15.38
  217,       3S1,       1C4,     24.61,     20.61,     22.01,      3.64,      5.10,      0.84,     -1.17,      4.13,     15.37,      8.37,      7.09,     14.47,     13.41,     13.08,     13.90,     15.81,     13.45,     14.37,     14.58,     14.63,     15.20,     15.11,     15.60,     14.66,     14.52,     15.04,     16.55,     14.29,     15.51,     17.09,     17.11,     15.98,     16.03,     15.76,     15.81,     14.55,     15.59,     15.16,     16.99,     16.46,     16.00
  218,       4C1,       3S1,     20.13,     15.95,     14.54,      7.45,      5.71,      5.30,      3.96,      6.92,      7.79,      6.36,      6.34,     13.49,     13.52,     13.31,     13.73,     13.67,     14.17,     14.01,     12.60,     12.63,     12.26,     13.84,     13.63,     13.69,     13.58,     13.87,     13.88,     13.91,     14.16,     14.45,     14.62,     13.07,     13.09,     13.77,     13.85,     12.17,     12.39,     12.35,     14.20,     13.99,     13.32
  219,       0S2,       4C1,     19.89,     15.41,     10.80,      5.11,      8.55,     10.60,      9.41,     10.19,      7.26,      6.83,      7.47,     12.53,     13.30,     12.91,     13.40,     11.94,     14.35,     13.47,     12.50,     12.51,     10.76,     13.46,     12.35,     13.06,     12.77,     13.21,     12.16,     13.33,     13.46,     13.49,     13.81,     12.72,     12.72,     12.60,     12.72,     12.01,     12.13,     12.58,     13.19,     13.44,     12.66
  220,       5S1,       B14,     19.09,     19.66,     22.37,      1.74,     -4.88,     -9.87,    -14.78,     -5.31,      7.00,      6.20,      4.27,     15.67,     13.78,     13.37,     14.13,     16.57,     13.53,     13.14,     15.33,     15.34,     16.85,     16.31,     16.89,     15.18,     15.05,     15.30,     17.42,     13.36,     14.74,     17.39,     17.10,     15.79,     15.83,     15.27,     15.16,     14.77,     15.85,     15.25,     17.37,     16.77,     16.11
  221,       4C1,       1S3,     11.94,     17.28,     15.33,      8.81,     13.82,     12.91,     12.93,     13.23,     14.07,     10.99,     10.73,     13.54,     13.28,     13.41,     13.53,     13.88,     11.78,     13.61,     13.18,     13.18,     12.83,     13.69,     13.77,     13.56,     13.81,     13.78,     14.13,     13.85,     14.05,     14.70,     14.79,     13.45,     13.44,     12.95,     12.99,     12.52,     12.88,     12.82,     14.30,     14.07,     14.17
  222,       1C4,       5S1,     23.70,     18.08,     24.13,      9.49,      3.65,     -1.69,     -2.80,      5.01,     15.93,      8.42,      6.21,     15.96,     13.73,     13.09,     14.28,     17.24,     13.25,     13.67,     14.74,     14.68,     16.82,     16.23,     17.32,     15.26,     14.92,     15.64,     18.01,     13.58,     15.27,     17.42,     17.02,     16.28,     16.25,     16.53,     16.34,     15.21,     16.39,     15.56,     17.47,     16.61,     16.25
  223,       2S0,       4C1,     14.20,     17.80,     11.69,      2.11,     10.92,     13.77,     11.79,     11.55,      6.67,      8.77,      9.41,     12.07,     12.81,     12.61,     13.10,     12.16,     13.84,     14.37,     12.67,     12.69,     10.49,     13.71,     12.02,     12.73,     12.60,     13.11,     12.47,     13.61,     14.26,     13.40,     13.64,     13.19,     13.20,     12.79,     12.89,     12.28,     12.40,     12.85,     13.73,     13.52,     13.16
  MAE,         -,         -,      2.84,      2.77,      1.99,      2.26,      3.30,      4.30,      4.55,      3.50,      2.32,      1.78,      2.05,      0.71,      0.80,      0.89,      0.74,      0.93,      1.18,      0.84,      0.57,      0.59,      0.84,      0.46,      0.63,      0.51,      0.59,      0.46,      0.87,      0.71,      0.56,      0.46,      0.48,      0.39,      0.40,      0.48,      0.48,      0.55,      0.51,      0.59,      0.38,      0.32,      0.00
   ME,         -,         -,     11.55,     15.60,      9.09,      9.67,     16.69,     20.52,     23.74,     17.04,     11.18,      6.12,      6.29,      3.24,      3.37,      3.73,      2.91,      4.10,      4.31,      3.18,      2.21,      2.33,      3.13,      1.62,      2.70,      1.75,      1.98,      1.42,      3.17,      3.05,      1.93,      2.06,      1.95,      1.59,      1.61,      1.54,      1.52,      2.11,      2.21,      2.09,      1.19,      1.12,      0.00