system,description,E_int_ref_kcal,E_int_ref_eV,E_int_model_eV,E_int_model_kcal,error_eV,error_kcal,relative_error_pct,complex_atoms,fragment_a_atoms,fragment_b_atoms,model
CBH,Octadecane dimer in stacked parallel conformation (aliphatic dispersion),-11.06,-0.47960738840000006,-0.5253324507575599,-12.114444118056067,-0.0457250623575598,-1.0544441180560664,9.533852785317057,112,56,56,uma-m-1p1-all
C3A,Circumcoronene···adenine dimer (strong aromatic dispersion),-18.19,-0.7887937066000001,-0.8051937522031949,-18.568193724196878,-0.016400045603194746,-0.37819372419687664,2.0791298746392335,87,15,72,uma-m-1p1-all
C3GC,Circumcoronene···guanine-cytosine dimer (aromatic dispersion + H-bonding),-31.25,-1.355129375,-1.4076890946889762,-32.46205493038663,-0.052559719688976214,-1.212054930386633,3.8785757772372262,101,29,72,uma-m-1p1-all
C2C2PD,Coronene dimer in parallel displaced conformation (aromatic dispersion),-24.36,-1.0563504504,-1.0131046771857655,-23.36272960067386,0.04324577321423462,0.9972703993261394,-4.093885054705006,72,36,36,uma-m-1p1-all
GCGC,Guanine-cytosine dimer (H-bonding + aromatic stacking),-14.37,-0.6231426918,-0.718066692334105,-16.558997649534962,-0.09492400053410499,-2.188997649534961,15.233108208315665,58,29,29,uma-m-1p1-all
GGG,Guanine trimer (weak aromatic stacking with 3-body effects),-2.4,-0.104073936,-0.11789596080416231,-2.718743201275577,-0.013822024804162308,-0.3187432012755772,13.280966719815716,48,16,32,uma-m-1p1-all
PHE,Phenylalanine trimer amyloid fragment (mixed H-bonding and stacking),-25.76,-1.1170602464000001,-1.1368987560563255,-26.217486523572827,-0.019838509656325387,-0.4574865235728274,1.7759570014473112,87,29,58,uma-m-1p1-all
