Model,Count,MAE (kcal/mol),RMSE (kcal/mol),Max Error (kcal/mol),Mean Rel. Error (%),MAE Rel. Error (%),Pearson R,R²,Spearman R
uma-m-1p1-all,7,0.9438843637641544,1.1225678568132045,2.188997649534961,5.9553864731524575,7.125067917353888,0.9950155861693433,0.9900560167199218,1.0
