system,description,E_int_ref_kcal,E_int_ref_eV,E_int_model_eV,E_int_model_kcal,error_eV,error_kcal,relative_error_pct,complex_atoms,fragment_a_atoms,fragment_b_atoms
CBH,Octadecane dimer in stacked parallel conformation (aliphatic dispersion),-11.06,-0.47960738840000006,-0.46251916128676385,-10.665936446260984,0.01708822711323621,0.39406355373901586,-3.562961607043543,112,56,56
C3A,Circumcoronene···adenine dimer (strong aromatic dispersion),-18.19,-0.7887937066000001,-0.7344212399984826,-16.93614216720273,0.05437246660151751,1.2538578327972723,-6.893116178104849,87,15,72
C3GC,Circumcoronene···guanine-cytosine dimer (aromatic dispersion + H-bonding),-31.25,-1.355129375,-1.2487372302493895,-28.79654088030777,0.10639214475061043,2.4534591196922255,-7.851069183015122,101,29,72
C2C2PD,Coronene dimer in parallel displaced conformation (aromatic dispersion),-24.36,-1.0563504504,-0.9339286286412971,-21.536888051770358,0.12242182175870298,2.8231119482296423,-11.589129508331865,72,36,36
GCGC,Guanine-cytosine dimer (H-bonding + aromatic stacking),-14.37,-0.6231426918,-0.691505952472653,-15.94649294261694,-0.06836326067265297,-1.5764929426169403,10.970723330667644,58,29,29
GGG,Guanine trimer (weak aromatic stacking with 3-body effects),-2.4,-0.104073936,-0.09584578663634602,-2.210254524506793,0.008228149363653986,0.18974547549320672,-7.906061478883614,48,16,32
PHE,Phenylalanine trimer amyloid fragment (mixed H-bonding and stacking),-25.76,-1.1170602464000001,-1.0921154434327036,-25.18475965239259,0.02494480296729651,0.5752403476074126,-2.2330758835691484,87,29,58
