system,description,E_int_ref_kcal,E_int_ref_eV,E_int_model_eV,E_int_model_kcal,error_eV,error_kcal,relative_error_pct,complex_atoms,fragment_a_atoms,fragment_b_atoms
CBH,Octadecane dimer in stacked parallel conformation (aliphatic dispersion),-11.06,-0.47960738840000006,-0.5334954260688392,-12.30268664543651,-0.053888037668839095,-1.242686645436508,11.235864786948534,112,56,56
C3A,Circumcoronene···adenine dimer (strong aromatic dispersion),-18.19,-0.7887937066000001,-1.102827772650926,-25.431791629003268,-0.31403406605092576,-7.241791629003267,39.81193858715375,87,15,72
C3GC,Circumcoronene···guanine-cytosine dimer (aromatic dispersion + H-bonding),-31.25,-1.355129375,-1.8159611226583365,-41.87702379566011,-0.46083174765833657,-10.627023795660113,34.00647614611236,101,29,72
C2C2PD,Coronene dimer in parallel displaced conformation (aromatic dispersion),-24.36,-1.0563504504,-1.0424437522742664,-24.03930418715248,0.01390669812573364,0.32069581284751963,-1.3164852744151052,72,36,36
GCGC,Guanine-cytosine dimer (H-bonding + aromatic stacking),-14.37,-0.6231426918,-0.7083835601624742,-16.335699501073332,-0.08524086836247413,-1.9656995010733322,13.679189290698208,58,29,29
GGG,Guanine trimer (weak aromatic stacking with 3-body effects),-2.4,-0.104073936,-0.1171107813679555,-2.7006365482621235,-0.01303684536795549,-0.3006365482621237,12.526522844255156,48,16,32
PHE,Phenylalanine trimer amyloid fragment (mixed H-bonding and stacking),-25.76,-1.1170602464000001,-1.1380035877518822,-26.242964526723743,-0.020943341351882028,-0.4829645267237405,1.8748622931822227,87,29,58
