$coord
    7.61634063107954     -8.50252251101371      3.94157812665022      cl
   -6.60035900823629      8.11540688758925      6.14568023745143      cl
   -5.92554385195088      0.36728223675627      1.46860178212849      o
   -0.13438109763926     -6.31732536440229     -0.25748853410486      o
    6.13429429712167     -0.43534067074516      0.04739778519276      o
    0.19217670386075      6.32003468796170      0.39162710246768      o
   -6.11935382779624      3.95986152003324      3.64276361823223      n
   -2.79828361232191      3.24525872570092      0.77169107078090      n
   -2.99013208843348      7.06678946886461      3.04156727582197      n
    3.49428795869199     -7.24922589596703      1.65831381630421      n
    6.70796964415298     -4.17897123211284      1.87923485273779      n
    2.92322764967001     -3.28655302361963     -0.27951847018849      n
   -5.05836566135504      6.15845333875603      4.05561282262806      c
   -4.86767919653402      2.57890472420537      1.97438193766130      c
   -1.91212353450283      5.46989988909846      1.44784676680675      c
   -4.77448919697085     -1.26394485263577     -0.20955497205690      c
   -5.70390940204278     -1.39257231309343     -2.65185747316502      c
   -7.21124959441578     -0.14337185953115     -3.24012559357089      h
   -4.69187039722322     -3.15712454897679     -4.29859054716527      c
   -5.39996881308718     -3.28130675003199     -6.21230900845084      h
   -2.77481941722270     -4.76200476364596     -3.51645449642447      c
   -1.98112333218633     -6.15540360000930     -4.78387226904447      h
   -1.89537650545537     -4.57888495794044     -1.06211138167625      c
   -2.86306001668288     -2.83070094767007      0.62650712524819      c
   -2.12794797762891     -2.70983064606396      2.53665042760602      h
    2.15534094315552     -5.54635622807242      0.41429385090567      c
    5.72429989255246     -6.40627273358132      2.32520388259667      c
    5.17932359391883     -2.69072893425390      0.57527337637289      c
    4.63480000560340      1.32607160834901     -1.15434869752513      c
    4.87015287812608      1.62238229565607     -3.74300224362631      c
    6.13308762317625      0.41252280674118     -4.80092316776893      h
    3.48103297980450      3.49343051165132     -4.93474400968727      c
    3.64613815671462      3.74691052367365     -6.95663861601515      h
    1.86606946054097      5.03224375321938     -3.56026575390251      c
    0.77221887032447      6.49773613421523     -4.47312908354808      h
    1.68293688225897      4.67900635935097     -0.97801707384837      c
    3.05310505464143      2.83542900772055      0.27054930095713      c
    2.87884325044831      2.61180308083920      2.30437856822810      h
    0.19028767650525      2.39824514546846      6.61411354763786      s
    0.96795157661278     -0.50121551715244      5.80173631295982      c
    1.52615080272522     -2.54801535533111      5.17794780439325      n
$user-defined bonds
$redundant
     number_of_atoms            41
     degrees_of_freedom        117
     internal_coordinates      152
     frozen_coordinates          0
# definitions of redundant internals
   1 k  1.0000000000000 stre  24   25           val=   2.05028
   2 k  1.0000000000000 stre  25   41           val=   4.51166
   3 k  1.0000000000000 linc  24   41   25   40 val=   5.13624
   4 k  1.0000000000000 linp  24   41   25   40 val= -27.19909
   5 k  1.0000000000000 stre  39   40           val=   3.10992
   6 k  1.0000000000000 linc  39   41   40   25 val=   0.58164
   7 k  1.0000000000000 linp  39   41   40   25 val=   1.12166
   8 k  1.0000000000000 stre  27    1           val=   3.25373
   9 k  0.7071068365435 bend  11    1   27      val=  -0.00485
       -0.7071067258296 bend  10    1   27
  10 k  1.0000000000000 outp   1   10   11   27 val=   1.07032
  11 k  1.0000000000000 stre  13    2           val=   3.25204
  12 k  0.7071068127337 bend   7    2   13      val=  -0.00544
       -0.7071067496394 bend   9    2   13
  13 k  1.0000000000000 outp   2    9    7   13 val=   1.10430
  14 k  1.0000000000000 stre  17   18           val=   2.04417
  15 k -0.7071063203687 bend  16   18   17      val=   0.51736
        0.7071072420041 bend  19   18   17
  16 k  1.0000000000000 outp  18   19   16   17 val=   0.63491
  17 k  1.0000000000000 stre  19   20           val=   2.04430
  18 k  0.7071067937660 bend  17   20   19      val=   0.00879
       -0.7071067686071 bend  21   20   19
  19 k  1.0000000000000 outp  20   21   17   19 val=  -0.12525
  20 k  1.0000000000000 stre  21   22           val=   2.04398
  21 k -0.7071064987473 bend  23   22   21      val=   0.57457
        0.7071070636257 bend  19   22   21
  22 k  1.0000000000000 outp  22   19   23   21 val=  -0.57956
  23 k  1.0000000000000 stre  30   31           val=   2.04401
  24 k -0.7071067394063 bend  29   31   30      val=   0.48941
        0.7071068229668 bend  32   31   30
  25 k  1.0000000000000 outp  31   32   29   30 val=   0.37322
  26 k  1.0000000000000 stre  32   33           val=   2.04440
  27 k  0.7071067817170 bend  30   33   32      val=   0.01034
       -0.7071067806561 bend  34   33   32
  28 k  1.0000000000000 outp  33   34   30   32 val=  -0.41897
  29 k  1.0000000000000 stre  34   35           val=   2.04389
  30 k -0.7071066864644 bend  36   35   34      val=   0.52655
        0.7071068759087 bend  32   35   34
  31 k  1.0000000000000 outp  35   32   36   34 val=  -0.40647
  32 k  1.0000000000000 stre  37   38           val=   2.05349
  33 k  0.7071067893986 bend  29   38   37      val=   0.80054
       -0.7071067729745 bend  36   38   37
  34 k  1.0000000000000 outp  38   36   29   37 val=  -0.27756
  35 k  0.7071067811865 tors  40   41   24   16 val=  75.70584
        0.7071067811865 tors  40   41   24   23
  36 k  1.0000000000000 stre  41   40           val=   2.21135
  37 k  1.0000000000000 bend  25   40   41      val=  89.65025
  38 k  0.7160409141878 bend  16   25   24      val=   2.13228
       -0.6980583136165 bend  23   25   24
  39 k  1.0000000000000 outp  25   23   16   24 val=   0.09444
  40 k  1.0000000000000 stre   3   14           val=   2.50323
  41 k  1.0000000000000 stre   3   16           val=   2.60807
  42 k  1.0000000000000 stre   4   26           val=   2.50769
  43 k  1.0000000000000 stre   4   23           val=   2.60206
  44 k  1.0000000000000 stre   5   28           val=   2.50547
  45 k  1.0000000000000 stre   5   29           val=   2.60677
  46 k  1.0000000000000 stre   6   15           val=   2.50328
  47 k  1.0000000000000 stre   6   36           val=   2.60601
  48 k  1.0000000000000 stre   7   13           val=   2.47587
  49 k  1.0000000000000 stre   7   14           val=   2.50145
  50 k  1.0000000000000 stre   8   14           val=   2.48453
  51 k  1.0000000000000 stre   8   15           val=   2.48827
  52 k  1.0000000000000 stre   9   13           val=   2.47608
  53 k  1.0000000000000 stre   9   15           val=   2.50042
  54 k  1.0000000000000 stre  10   27           val=   2.47553
  55 k  1.0000000000000 stre  10   26           val=   2.49803
  56 k  1.0000000000000 stre  11   27           val=   2.47535
  57 k  1.0000000000000 stre  11   28           val=   2.50039
  58 k  1.0000000000000 stre  12   26           val=   2.48551
  59 k  1.0000000000000 stre  12   28           val=   2.48508
  60 k  1.0000000000000 stre  16   24           val=   2.60908
  61 k  1.0000000000000 stre  16   17           val=   2.61633
  62 k  1.0000000000000 stre  17   19           val=   2.61717
  63 k  1.0000000000000 stre  19   21           val=   2.61963
  64 k  1.0000000000000 stre  21   23           val=   2.61357
  65 k  1.0000000000000 stre  23   24           val=   2.61610
  66 k  1.0000000000000 stre  29   37           val=   2.60965
  67 k  1.0000000000000 stre  29   30           val=   2.61616
  68 k  1.0000000000000 stre  30   32           val=   2.61739
  69 k  1.0000000000000 stre  32   34           val=   2.62016
  70 k  1.0000000000000 stre  34   36           val=   2.61272
  71 k  1.0000000000000 stre  36   37           val=   2.61439
  72 k  1.0000000000000 bend  16   14    3      val= 119.74166
  73 k  1.0000000000000 bend  23   26    4      val= 119.69489
  74 k  1.0000000000000 bend  29   28    5      val= 119.08712
  75 k  1.0000000000000 bend  36   15    6      val= 119.26013
  76 k  1.0000000000000 bend  14   13    7      val= 112.76943
  77 k  1.0000000000000 bend  15   14    8      val= 113.88325
  78 k  1.0000000000000 bend  15   13    9      val= 112.75952
  79 k  1.0000000000000 bend  26   27   10      val= 112.63605
  80 k  1.0000000000000 bend  28   27   11      val= 112.74119
  81 k  1.0000000000000 bend  28   26   12      val= 113.73140
  82 k  1.0000000000000 bend   9    7   13      val= 127.98224
  83 k -0.5760505829322 bend   3    8   14      val=   4.12491
        0.7891591417061 bend   7    8   14
       -0.2130576799017 bend   7    3   14
  84 k  0.5786464756061 bend   3    8   14      val=   3.48699
        0.2095903729975 bend   7    8   14
       -0.7881878785007 bend   7    3   14
  85 k  1.0000000000000 outp   8    7    3   14 val=  -1.99566
  86 k  0.7955875966166 bend   9    8   15      val=   4.20780
       -0.5568955674152 bend   6    8   15
       -0.2385533548351 bend   6    9   15
  87 k  0.1838329688841 bend   9    8   15      val=   3.20238
        0.5970995710151 bend   6    8   15
       -0.7808185076218 bend   6    9   15
  88 k  0.5772744716866 bend   9    8   15      val= 119.97276
        0.5773555484160 bend   6    8   15
        0.5774207781611 bend   6    9   15
  89 k  1.0000000000000 outp   8    6    9   15 val=  -2.66634
  90 k  0.7975858515886 bend  17   24   16      val=   1.43439
       -0.5502342469433 bend   3   24   16
       -0.2471822866559 bend   3   17   16
  91 k  0.1750098834809 bend  17   24   16      val=   0.88109
        0.6032399291164 bend   3   24   16
       -0.7781215384525 bend   3   17   16
  92 k  0.5772593438219 bend  17   24   16      val= 119.94982
        0.5773593866999 bend   3   24   16
        0.5774320640213 bend   3   17   16
  93 k  1.0000000000000 outp  24    3   17   16 val=   3.79468
  94 k  1.0000000000000 bend  19   16   17      val= 118.88998
  95 k  1.0000000000000 bend  21   17   19      val= 120.54229
  96 k  1.0000000000000 bend  19   23   21      val= 118.92721
  97 k  0.7976611040248 bend  24   21   23      val=   1.32007
       -0.2475363027836 bend   4   21   23
       -0.5499659461550 bend   4   24   23
  98 k  0.1746523420462 bend  24   21   23      val=   1.09246
       -0.7780083279387 bend   4   21   23
        0.6034895202700 bend   4   24   23
  99 k  0.5772636508075 bend  24   21   23      val= 119.94563
        0.5774329575477 bend   4   21   23
        0.5773541867815 bend   4   24   23
 100 k  1.0000000000000 outp  24   21    4   23 val=   3.94250
 101 k  1.0000000000000 bend  23   16   24      val= 117.73806
 102 k  0.7958956048262 bend  10   12   26      val=   4.34693
       -0.5558742278497 bend   4   12   26
       -0.2399042080307 bend   4   10   26
 103 k  0.1824575023417 bend  10   12   26      val=   3.21695
        0.5980514325190 bend   4   12   26
       -0.7804125472474 bend   4   10   26
 104 k  1.0000000000000 outp  12    4   10   26 val=  -2.55506
 105 k  1.0000000000000 bend  10   11   27      val= 128.01226
 106 k  0.7909022454303 bend  11   12   28      val=   4.17823
       -0.5711464201518 bend   5   12   28
       -0.2196938891303 bend   5   11   28
 107 k  0.2029302410548 bend  11   12   28      val=   3.36922
        0.5834869796345 bend   5   12   28
       -0.7863601349652 bend   5   11   28
 108 k  1.0000000000000 outp  12    5   11   28 val=   2.10958
 109 k  0.8094515890170 bend  30   37   29      val=   1.47854
       -0.4976459340204 bend   5   37   29
       -0.3116675302157 bend   5   30   29
 110 k  0.1073919908527 bend  30   37   29      val=   0.42336
        0.6472957392347 bend   5   37   29
       -0.7546357971030 bend   5   30   29
 111 k  0.5772825004610 bend  30   37   29      val= 119.96543
        0.5773705485402 bend   5   37   29
        0.5773977522816 bend   5   30   29
 112 k  1.0000000000000 outp  37    5   30   29 val=   3.16214
 113 k  1.0000000000000 bend  32   29   30      val= 118.93058
 114 k  1.0000000000000 bend  34   30   32      val= 120.53744
 115 k  1.0000000000000 bend  32   36   34      val= 118.83308
 116 k  0.8005398790681 bend  37   34   36      val=   1.46504
       -0.2609255108007 bend   6   34   36
       -0.5394940035209 bend   6   37   36
 117 k  0.1608620771382 bend  37   34   36      val=   0.87271
       -0.7736384370163 bend   6   34   36
        0.6128678168331 bend   6   37   36
 118 k  0.5772861458241 bend  37   34   36      val= 119.96489
        0.5774092539823 bend   6   34   36
        0.5773554011657 bend   6   37   36
 119 k  1.0000000000000 outp  37   34    6   36 val=   3.17278
 120 k  1.0000000000000 bend  36   29   37      val= 117.69311
 121 k  0.7071067811865 tors   7   14    3   16 val=  92.28842
        0.7071067811865 tors   8   14    3   16
 122 k  0.7071067811865 tors  17   16    3   14 val= 171.11265
        0.7071067811865 tors  24   16    3   14
 123 k  0.7071067811865 tors  10   26    4   23 val=  74.51692
        0.7071067811865 tors  12   26    4   23
 124 k  0.7071067811865 tors  21   23    4   26 val=  24.64807
        0.7071067811865 tors  24   23    4   26
 125 k  0.7071067811865 tors  11   28    5   29 val=  95.60143
        0.7071067811865 tors  12   28    5   29
 126 k  0.7071067811865 tors  30   29    5   28 val= 173.48795
        0.7071067811865 tors  37   29    5   28
 127 k  0.7071067811865 tors   8   15    6   36 val=  78.19058
        0.7071067811865 tors   9   15    6   36
 128 k  0.7071067811865 tors  34   36    6   15 val=  20.35997
        0.7071067811865 tors  37   36    6   15
 129 k  1.0000000000000 tors   9   13    7   14 val=  -0.27616
 130 k  0.7071067811865 tors   3   14    7   13 val=  90.31194
        0.7071067811865 tors   8   14    7   13
 131 k  0.7071067811865 tors   3   14    8   15 val=  91.82942
        0.7071067811865 tors   7   14    8   15
 132 k  0.7071067811865 tors   6   15    8   14 val=  87.14482
        0.7071067811865 tors   9   15    8   14
 133 k  1.0000000000000 tors   7   13    9   15 val=  -0.91654
 134 k  0.7071067811865 tors   6   15    9   13 val=  91.90906
        0.7071067811865 tors   8   15    9   13
 135 k  1.0000000000000 tors  11   27   10   26 val=  -0.79982
 136 k  0.7071067811865 tors   4   26   10   27 val=  92.64994
        0.7071067811865 tors  12   26   10   27
 137 k  1.0000000000000 tors  10   27   11   28 val=  -0.48272
 138 k  0.7071067811865 tors   5   28   11   27 val=  89.91992
        0.7071067811865 tors  12   28   11   27
 139 k  0.7071067811865 tors   4   26   12   28 val=  85.85088
        0.7071067811865 tors  10   26   12   28
 140 k  0.7071067811865 tors   5   28   12   26 val=  92.85829
        0.7071067811865 tors  11   28   12   26
 141 k  0.7071067811865 tors  23   24   16    3 val=  87.21658
        0.7071067811865 tors  23   24   16   17
 142 k  0.7071067811865 tors  19   17   16    3 val=  92.59240
        0.7071067811865 tors  19   17   16   24
 143 k  1.0000000000000 tors  21   19   17   16 val=  -0.20336
 144 k  1.0000000000000 tors  23   21   19   17 val=   0.23363
 145 k  0.7071067811865 tors   4   23   21   19 val=  87.26151
        0.7071067811865 tors  24   23   21   19
 146 k  0.7071067811865 tors  16   24   23    4 val=  92.91212
        0.7071067811865 tors  16   24   23   21
 147 k  0.7071067811865 tors  36   37   29    5 val=  88.25852
        0.7071067811865 tors  36   37   29   30
 148 k  0.7071067811865 tors  32   30   29    5 val=  92.02583
        0.7071067811865 tors  32   30   29   37
 149 k  1.0000000000000 tors  34   32   30   29 val=  -0.49003
 150 k  1.0000000000000 tors  36   34   32   30 val=   0.51626
 151 k  0.7071067811865 tors   6   36   34   32 val=  87.91140
        0.7071067811865 tors  37   36   34   32
 152 k  0.7071067811865 tors  29   37   36    6 val=  91.79145
        0.7071067811865 tors  29   37   36   34
       117 non zero eigenvalues  of BmBt
           1           3.527356809    1    0
         1
           2           3.520373788    2    0
         2
           3           3.157573721    3    0
         3
           4           3.002521376    4    0
         4
           5           2.696283717    5    0
         5
           6           2.219370190    6    0
         6
           7           2.219055477    7    0
         7
           8           2.185845073    8    0
         8
           9           2.185787038    9    0
         9
          10           2.044421779   10    0
        10
          11           2.032712315   11    0
        11
          12           2.031582789   12    0
        12
          13           2.007251220   13    0
        13
          14           2.000002225   14    0
        14
          15           1.999951198   15    0
        15
          16           1.999924929   16    0
        16
          17           1.996725839   17    0
        17
          18           1.995344938   18    0
        18
          19           1.916793429   19    0
        19
          20           1.875738876   20    0
        20
          21           1.809542151   21    0
        21
          22           1.759334014   22    0
        22
          23           1.744411427   23    0
        23
          24           1.555920164   24    0
        24
          25           1.470689955   25    0
        25
          26           1.409419632   26    0
        26
          27           1.409312738   27    0
        27
          28           1.095376654   28    0
        28
          29           1.092837803   29    0
        29
          30           1.086533500   30    0
        30
          31           0.815758446   31    0
        31
          32           0.815297901   32    0
        32
          33           0.812019039   33    0
        33
          34           0.794708931   34    0
        34
          35           0.661225826   35    0
        35
          36           0.301996317   36    0
        36
          37           0.180004184   37    0
        37
          38           0.079844110   38    0
        38
          39           0.021360302   39    0
        39
          40           2.968416750   40    0
        40
          41           2.965874037   41    0
        41
          42           2.772736324   42    0
        42
          43           2.720406985   43    0
        43
          44           2.707203342   44    0
        44
          45           2.621373976   45    0
        45
          46           2.492385265   46    0
        46
          47           2.478005589   47    0
        47
          48           2.409618375   48    0
        48
          49           2.353899503   49    0
        49
          50           2.154480449   50    0
        50
          51           2.013763757   51    0
        51
          52           1.993229544   52    0
        52
          53           1.953776928   53    0
        53
          54           1.880756345   54    0
        54
          55           1.661282947   55    0
        55
          56           1.547429915   56    0
        56
          57           1.388194814   57    0
        57
          58           1.195227346   58    0
        58
          59           1.175379983   59    0
        59
          60           1.034771727   60    0
        60
          61           1.013491064   61    0
        61
          62           0.719330982   62    0
        62
          63           0.704945503   63    0
        63
          64           0.700016183   64    0
        64
          65           0.676551840   65    0
        65
          66           0.506181531   66    0
        66
          67           0.500994522   67    0
        67
          68           0.413817426   68    0
        68
          69           0.399029510   69    0
        69
          70           0.340382179   70    0
        70
          71           0.230402904   71    0
        71
          72           1.878434981    0    0
         0.000000000         0.000000000         0.000000000         0.000000000
         0.000000000         0.000000000         0.000000000         0.000000000
         0.000000000         0.000000000         0.000000000         0.000000000
         0.000000000         0.000000000         0.000000000         0.000000000
         0.000000000         0.000000000         0.000000000         0.000000000
         0.000000000         0.000000000         0.000000000         0.000000000
         0.000000000         0.000000000         0.000000000         0.000000000
         0.000000000         0.000000000         0.000000000         0.000000000
         0.000000000         0.000000000         0.000000000         0.000000000
         0.000000000         0.000000000         0.000000000         0.000000000
         0.000000000         0.000000000         0.000000000         0.000000000
         0.000000000         0.000000000         0.000000000         0.000000000
         0.000000000         0.000000000         0.000000000         0.000000000
         0.000000000         0.000000000         0.000000000         0.000000000
         0.000000000         0.000000000         0.000000000         0.000000000
         0.000000000         0.000000000         0.000000000         0.000000000
         0.000000000         0.000000000         0.000000000         0.000000000
         0.000000000         0.000000000         0.000000000        -0.016163579
        -0.098786295        -0.045526589        -0.024197496         0.011881179
         0.011692092         0.010801647         0.046083327         0.041142412
         0.040431732        -0.011753696        -0.017625131         0.006051352
        -0.189479271        -0.019265077         0.000961544        -0.006900336
        -0.199247873        -0.017780672         0.026426867        -0.000754690
         0.012164631         0.005108443        -0.006650557         0.013470020
        -0.040817549         0.080338140         0.000066998        -0.003560393
         0.016567001        -0.080798371        -0.007208061        -0.678123659
        -0.044970380        -0.066354170         0.005171063         0.643223285
        -0.020578896         0.081445404        -0.001299708         0.023079774
         0.004587148        -0.002528677         0.004707652        -0.015602055
         0.022885992         0.000097669        -0.002456067         0.010605387
         0.000000000         0.000000000         0.000000000         0.000000000
         0.000000000         0.000000000         0.000000000         0.000000000
         0.000000000         0.000000000         0.000000000         0.000000000
         0.000000000         0.000000000         0.000000000         0.000000000
         0.000000000         0.000000000         0.000000000         0.000000000
         0.000000000         0.000000000         0.000000000         0.000000000
         0.000000000         0.000000000         0.000000000         0.000000000
         0.000000000         0.000000000         0.000000000         0.000000000
          73           1.874577391    0    0
         0.000000000         0.000000000         0.000000000         0.000000000
         0.000000000         0.000000000         0.000000000         0.000000000
         0.000000000         0.000000000         0.000000000         0.000000000
         0.000000000         0.000000000         0.000000000         0.000000000
         0.000000000         0.000000000         0.000000000         0.000000000
         0.000000000         0.000000000         0.000000000         0.000000000
         0.000000000         0.000000000         0.000000000         0.000000000
         0.000000000         0.000000000         0.000000000         0.000000000
         0.000000000         0.000000000         0.000000000         0.000000000
         0.000000000         0.000000000         0.000000000         0.000000000
         0.000000000         0.000000000         0.000000000         0.000000000
         0.000000000         0.000000000         0.000000000         0.000000000
         0.000000000         0.000000000         0.000000000         0.000000000
         0.000000000         0.000000000         0.000000000         0.000000000
         0.000000000         0.000000000         0.000000000         0.000000000
         0.000000000         0.000000000         0.000000000         0.000000000
         0.000000000         0.000000000         0.000000000         0.000000000
         0.000000000         0.000000000         0.000000000         0.011536346
        -0.024895109        -0.009457830         0.079228829        -0.036029671
        -0.041953983        -0.041123237         0.015087791         0.014192406
         0.014904974         0.039132115         0.050432693         0.000119134
         0.649883824         0.070890088         0.007889967         0.023523972
         0.679549177         0.011128854        -0.080986760        -0.000196778
         0.006243188         0.005204095        -0.003464556         0.001967601
        -0.008539467         0.026194055         0.000224418        -0.004679279
         0.003813932        -0.025826877        -0.005835857        -0.198303663
        -0.014607283        -0.021807783        -0.003918533         0.189250255
         0.005430492         0.024300771        -0.000439665         0.007705895
        -0.002399516         0.004988816        -0.012292027         0.037478482
        -0.083662086         0.000517681        -0.008011437        -0.013877817
         0.000000000         0.000000000         0.000000000         0.000000000
         0.000000000         0.000000000         0.000000000         0.000000000
         0.000000000         0.000000000         0.000000000         0.000000000
         0.000000000         0.000000000         0.000000000         0.000000000
         0.000000000         0.000000000         0.000000000         0.000000000
         0.000000000         0.000000000         0.000000000         0.000000000
         0.000000000         0.000000000         0.000000000         0.000000000
         0.000000000         0.000000000         0.000000000         0.000000000
          74           1.642077574    0    0
         0.000000000         0.000000000         0.000000000         0.000000000
         0.000000000         0.000000000         0.000000000         0.000000000
         0.000000000         0.000000000         0.000000000         0.000000000
         0.000000000         0.000000000         0.000000000         0.000000000
         0.000000000         0.000000000         0.000000000         0.000000000
         0.000000000         0.000000000         0.000000000         0.000000000
         0.000000000         0.000000000         0.000000000         0.000000000
         0.000000000         0.000000000         0.000000000         0.000000000
         0.000000000         0.000000000         0.000000000         0.000000000
         0.000000000         0.000000000         0.000000000         0.000000000
         0.000000000         0.000000000         0.000000000         0.000000000
         0.000000000         0.000000000         0.000000000         0.000000000
         0.000000000         0.000000000         0.000000000         0.000000000
         0.000000000         0.000000000         0.000000000         0.000000000
         0.000000000         0.000000000         0.000000000         0.000000000
         0.000000000         0.000000000         0.000000000         0.000000000
         0.000000000         0.000000000         0.000000000         0.000000000
         0.000000000         0.000000000         0.000000000         0.098930757
        -0.115962825        -0.254711578         0.222883756        -0.135495147
        -0.191189901        -0.175011289         0.160970314         0.202649754
         0.225333827         0.145183550         0.201890789        -0.002134812
        -0.155320690         0.257325325        -0.030370475         0.001080351
         0.033415680        -0.012048128         0.011072398         0.005225523
        -0.089479432         0.004643501         0.002210887        -0.009243716
         0.002773176         0.056339227        -0.004435456         0.073301009
        -0.002466430        -0.234630811         0.001852267        -0.089798702
        -0.169638580        -0.301481708         0.030244378        -0.255119434
        -0.014863497        -0.040269292        -0.018621056         0.364416660
         0.025894966        -0.002207912        -0.021097728         0.020404355
        -0.026792893         0.016171765        -0.318426009         0.003009529
         0.000000000         0.000000000         0.000000000         0.000000000
         0.000000000         0.000000000         0.000000000         0.000000000
         0.000000000         0.000000000         0.000000000         0.000000000
         0.000000000         0.000000000         0.000000000         0.000000000
         0.000000000         0.000000000         0.000000000         0.000000000
         0.000000000         0.000000000         0.000000000         0.000000000
         0.000000000         0.000000000         0.000000000         0.000000000
         0.000000000         0.000000000         0.000000000         0.000000000
          75           1.600726537    0    0
         0.000000000         0.000000000         0.000000000         0.000000000
         0.000000000         0.000000000         0.000000000         0.000000000
         0.000000000         0.000000000         0.000000000         0.000000000
         0.000000000         0.000000000         0.000000000         0.000000000
         0.000000000         0.000000000         0.000000000         0.000000000
         0.000000000         0.000000000         0.000000000         0.000000000
         0.000000000         0.000000000         0.000000000         0.000000000
         0.000000000         0.000000000         0.000000000         0.000000000
         0.000000000         0.000000000         0.000000000         0.000000000
         0.000000000         0.000000000         0.000000000         0.000000000
         0.000000000         0.000000000         0.000000000         0.000000000
         0.000000000         0.000000000         0.000000000         0.000000000
         0.000000000         0.000000000         0.000000000         0.000000000
         0.000000000         0.000000000         0.000000000         0.000000000
         0.000000000         0.000000000         0.000000000         0.000000000
         0.000000000         0.000000000         0.000000000         0.000000000
         0.000000000         0.000000000         0.000000000         0.000000000
         0.000000000         0.000000000         0.000000000         0.110944979
         0.105865100         0.055183372         0.138850713        -0.105605584
        -0.140302363        -0.123819959        -0.076696619        -0.059394374
        -0.083763199         0.111831899         0.167359898        -0.022349604
        -0.466594167         0.178770366        -0.000584305         0.012450126
         0.361138160         0.007858009         0.061990449         0.006007778
        -0.105062350        -0.014856730         0.012669569        -0.016663519
         0.044117310        -0.077177983         0.001173242        -0.017711313
        -0.024176778         0.109870949         0.006330138         0.392625304
         0.066823774         0.095836599        -0.021407654         0.488932572
         0.003326515         0.072676351         0.003124175        -0.063250123
        -0.008228956         0.009328762        -0.014774620         0.036677812
        -0.081605194         0.004762560        -0.091804949        -0.017383973
         0.000000000         0.000000000         0.000000000         0.000000000
         0.000000000         0.000000000         0.000000000         0.000000000
         0.000000000         0.000000000         0.000000000         0.000000000
         0.000000000         0.000000000         0.000000000         0.000000000
         0.000000000         0.000000000         0.000000000         0.000000000
         0.000000000         0.000000000         0.000000000         0.000000000
         0.000000000         0.000000000         0.000000000         0.000000000
         0.000000000         0.000000000         0.000000000         0.000000000
          76           1.585586640    0    0
         0.000000000         0.000000000         0.000000000         0.000000000
         0.000000000         0.000000000         0.000000000         0.000000000
         0.000000000         0.000000000         0.000000000         0.000000000
         0.000000000         0.000000000         0.000000000         0.000000000
         0.000000000         0.000000000         0.000000000         0.000000000
         0.000000000         0.000000000         0.000000000         0.000000000
         0.000000000         0.000000000         0.000000000         0.000000000
         0.000000000         0.000000000         0.000000000         0.000000000
         0.000000000         0.000000000         0.000000000         0.000000000
         0.000000000         0.000000000         0.000000000         0.000000000
         0.000000000         0.000000000         0.000000000         0.000000000
         0.000000000         0.000000000         0.000000000         0.000000000
         0.000000000         0.000000000         0.000000000         0.000000000
         0.000000000         0.000000000         0.000000000         0.000000000
         0.000000000         0.000000000         0.000000000         0.000000000
         0.000000000         0.000000000         0.000000000         0.000000000
         0.000000000         0.000000000         0.000000000         0.000000000
         0.000000000         0.000000000         0.000000000        -0.031760715
        -0.040701397         0.113959842        -0.008607470         0.046602021
         0.049565162         0.039049190        -0.031606917        -0.074579571
        -0.062621912        -0.034903964        -0.055815122        -0.000783748
        -0.493568545        -0.053647501         0.011882484         0.017119389
         0.493484619        -0.026052837         0.080527174        -0.001299918
         0.019563791         0.002198917        -0.007553498         0.018657866
        -0.041425307         0.045239850         0.001662613        -0.029375650
         0.018328932         0.043700905        -0.008013877        -0.454557625
         0.046616548         0.102472867        -0.011862400        -0.441735735
         0.041845236        -0.065867663         0.006833285        -0.131766046
        -0.021084508         0.011103573        -0.011067045         0.041899111
        -0.062094713        -0.005631546         0.112534414        -0.029910781
         0.000000000         0.000000000         0.000000000         0.000000000
         0.000000000         0.000000000         0.000000000         0.000000000
         0.000000000         0.000000000         0.000000000         0.000000000
         0.000000000         0.000000000         0.000000000         0.000000000
         0.000000000         0.000000000         0.000000000         0.000000000
         0.000000000         0.000000000         0.000000000         0.000000000
         0.000000000         0.000000000         0.000000000         0.000000000
         0.000000000         0.000000000         0.000000000         0.000000000
          77           1.541112278    0    0
         0.000000000         0.000000000         0.000000000         0.000000000
         0.000000000         0.000000000         0.000000000         0.000000000
         0.000000000         0.000000000         0.000000000         0.000000000
         0.000000000         0.000000000         0.000000000         0.000000000
         0.000000000         0.000000000         0.000000000         0.000000000
         0.000000000         0.000000000         0.000000000         0.000000000
         0.000000000         0.000000000         0.000000000         0.000000000
         0.000000000         0.000000000         0.000000000         0.000000000
         0.000000000         0.000000000         0.000000000         0.000000000
         0.000000000         0.000000000         0.000000000         0.000000000
         0.000000000         0.000000000         0.000000000         0.000000000
         0.000000000         0.000000000         0.000000000         0.000000000
         0.000000000         0.000000000         0.000000000         0.000000000
         0.000000000         0.000000000         0.000000000         0.000000000
         0.000000000         0.000000000         0.000000000         0.000000000
         0.000000000         0.000000000         0.000000000         0.000000000
         0.000000000         0.000000000         0.000000000         0.000000000
         0.000000000         0.000000000         0.000000000        -0.150735535
        -0.092438581        -0.183440547        -0.150560386         0.197159144
         0.231770803         0.196057027         0.161579854         0.192135400
         0.209717720        -0.183321341        -0.275594183         0.005883492
        -0.184614467        -0.278152008         0.029367646         0.010496484
         0.300283142        -0.010022112         0.041303491        -0.006937507
         0.117081044         0.001400341         0.000741543         0.000568849
        -0.002954735         0.009823071        -0.005664911         0.096062638
         0.006035128        -0.229900263         0.027520621         0.300833767
        -0.165278591        -0.270029962         0.011757252         0.166548346
        -0.021846429         0.035572696        -0.009191140         0.178348872
         0.015117295        -0.009077735         0.007004907        -0.008545865
         0.006852170        -0.008864249         0.174757124         0.016464347
         0.000000000         0.000000000         0.000000000         0.000000000
         0.000000000         0.000000000         0.000000000         0.000000000
         0.000000000         0.000000000         0.000000000         0.000000000
         0.000000000         0.000000000         0.000000000         0.000000000
         0.000000000         0.000000000         0.000000000         0.000000000
         0.000000000         0.000000000         0.000000000         0.000000000
         0.000000000         0.000000000         0.000000000         0.000000000
         0.000000000         0.000000000         0.000000000         0.000000000
          78           1.277906108    0    0
         0.000000000         0.000000000         0.000000000         0.000000000
         0.000000000         0.000000000         0.000000000         0.000000000
         0.000000000         0.000000000         0.000000000         0.000000000
         0.000000000         0.000000000         0.000000000         0.000000000
         0.000000000         0.000000000         0.000000000         0.000000000
         0.000000000         0.000000000         0.000000000         0.000000000
         0.000000000         0.000000000         0.000000000         0.000000000
         0.000000000         0.000000000         0.000000000         0.000000000
         0.000000000         0.000000000         0.000000000         0.000000000
         0.000000000         0.000000000         0.000000000         0.000000000
         0.000000000         0.000000000         0.000000000         0.000000000
         0.000000000         0.000000000         0.000000000         0.000000000
         0.000000000         0.000000000         0.000000000         0.000000000
         0.000000000         0.000000000         0.000000000         0.000000000
         0.000000000         0.000000000         0.000000000         0.000000000
         0.000000000         0.000000000         0.000000000         0.000000000
         0.000000000         0.000000000         0.000000000         0.000000000
         0.000000000         0.000000000         0.000000000         0.153176142
         0.110058820        -0.233071707        -0.269149220        -0.105712307
        -0.058988672         0.011916684        -0.090807415        -0.008118749
        -0.063153056         0.043717303         0.167480654        -0.065561012
        -0.018965132        -0.055461676         0.201870873         0.002144390
         0.065460536         0.083819624         0.008125531         0.007146236
        -0.123635205        -0.061404264         0.052556207        -0.055982754
         0.084277713        -0.016277037         0.004141623        -0.071121118
        -0.074437878         0.142082798        -0.061419969        -0.059780942
         0.044579002        -0.031463424         0.190090156        -0.035787908
        -0.351500310        -0.024932096        -0.008987108         0.181746733
         0.229156300        -0.199570846         0.238808487        -0.359687322
        -0.041878256        -0.012715730         0.257080322         0.325244093
         0.000000000         0.000000000         0.000000000         0.000000000
         0.000000000         0.000000000         0.000000000         0.000000000
         0.000000000         0.000000000         0.000000000         0.000000000
         0.000000000         0.000000000         0.000000000         0.000000000
         0.000000000         0.000000000         0.000000000         0.000000000
         0.000000000         0.000000000         0.000000000         0.000000000
         0.000000000         0.000000000         0.000000000         0.000000000
         0.000000000         0.000000000         0.000000000         0.000000000
          79           1.244501919    0    0
         0.000000000         0.000000000         0.000000000         0.000000000
         0.000000000         0.000000000         0.000000000         0.000000000
         0.000000000         0.000000000         0.000000000         0.000000000
         0.000000000         0.000000000         0.000000000         0.000000000
         0.000000000         0.000000000         0.000000000         0.000000000
         0.000000000         0.000000000         0.000000000         0.000000000
         0.000000000         0.000000000         0.000000000         0.000000000
         0.000000000         0.000000000         0.000000000         0.000000000
         0.000000000         0.000000000         0.000000000         0.000000000
         0.000000000         0.000000000         0.000000000         0.000000000
         0.000000000         0.000000000         0.000000000         0.000000000
         0.000000000         0.000000000         0.000000000         0.000000000
         0.000000000         0.000000000         0.000000000         0.000000000
         0.000000000         0.000000000         0.000000000         0.000000000
         0.000000000         0.000000000         0.000000000         0.000000000
         0.000000000         0.000000000         0.000000000         0.000000000
         0.000000000         0.000000000         0.000000000         0.000000000
         0.000000000         0.000000000         0.000000000         0.200061027
        -0.148731556         0.230701646        -0.205646850        -0.202420522
        -0.112581554        -0.015788572         0.250431743         0.070641550
         0.173563276         0.109053180         0.274135893        -0.031632088
         0.013497512        -0.005345150         0.074992522        -0.001671542
        -0.046709226         0.040358379         0.003382852         0.010259958
        -0.175971962        -0.032937338         0.030852645        -0.035334955
         0.047739464         0.041707914        -0.007420012         0.123960822
        -0.042430197        -0.329792883        -0.003031805         0.048964881
        -0.158017118        -0.061345562        -0.110781986        -0.023611727
         0.126831093         0.063171189         0.020904153        -0.411489449
        -0.111195630         0.022559681         0.057327641        -0.035765108
        -0.065011576        -0.020838749         0.413672414        -0.038951932
         0.000000000         0.000000000         0.000000000         0.000000000
         0.000000000         0.000000000         0.000000000         0.000000000
         0.000000000         0.000000000         0.000000000         0.000000000
         0.000000000         0.000000000         0.000000000         0.000000000
         0.000000000         0.000000000         0.000000000         0.000000000
         0.000000000         0.000000000         0.000000000         0.000000000
         0.000000000         0.000000000         0.000000000         0.000000000
         0.000000000         0.000000000         0.000000000         0.000000000
          80           1.134611519    0    0
         0.000000000         0.000000000         0.000000000         0.000000000
         0.000000000         0.000000000         0.000000000         0.000000000
         0.000000000         0.000000000         0.000000000         0.000000000
         0.000000000         0.000000000         0.000000000         0.000000000
         0.000000000         0.000000000         0.000000000         0.000000000
         0.000000000         0.000000000         0.000000000         0.000000000
         0.000000000         0.000000000         0.000000000         0.000000000
         0.000000000         0.000000000         0.000000000         0.000000000
         0.000000000         0.000000000         0.000000000         0.000000000
         0.000000000         0.000000000         0.000000000         0.000000000
         0.000000000         0.000000000         0.000000000         0.000000000
         0.000000000         0.000000000         0.000000000         0.000000000
         0.000000000         0.000000000         0.000000000         0.000000000
         0.000000000         0.000000000         0.000000000         0.000000000
         0.000000000         0.000000000         0.000000000         0.000000000
         0.000000000         0.000000000         0.000000000         0.000000000
         0.000000000         0.000000000         0.000000000         0.000000000
         0.000000000         0.000000000         0.000000000        -0.261086281
        -0.241818089         0.020449550        -0.037694447        -0.042617382
        -0.110114459        -0.140490098         0.041020539        -0.077916799
        -0.035582526         0.086032775         0.012975754         0.196389431
        -0.014922415         0.175700743         0.086939855        -0.000129841
         0.000044701        -0.339311595        -0.043072180        -0.012744663
         0.224466665         0.264988073        -0.243182690         0.246799046
        -0.327007830        -0.003683187        -0.008906585         0.156595867
         0.283783293        -0.078372905         0.172138496         0.091723837
         0.012721676         0.108518302         0.046434583         0.010696176
        -0.139356498         0.002271350         0.003935349        -0.074460942
         0.090680202        -0.098059767         0.128017611        -0.170670705
        -0.061732118        -0.003189903         0.067243128         0.138080107
         0.000000000         0.000000000         0.000000000         0.000000000
         0.000000000         0.000000000         0.000000000         0.000000000
         0.000000000         0.000000000         0.000000000         0.000000000
         0.000000000         0.000000000         0.000000000         0.000000000
         0.000000000         0.000000000         0.000000000         0.000000000
         0.000000000         0.000000000         0.000000000         0.000000000
         0.000000000         0.000000000         0.000000000         0.000000000
         0.000000000         0.000000000         0.000000000         0.000000000
          81           0.899503278    0    0
         0.000000000         0.000000000         0.000000000         0.000000000
         0.000000000         0.000000000         0.000000000         0.000000000
         0.000000000         0.000000000         0.000000000         0.000000000
         0.000000000         0.000000000         0.000000000         0.000000000
         0.000000000         0.000000000         0.000000000         0.000000000
         0.000000000         0.000000000         0.000000000         0.000000000
         0.000000000         0.000000000         0.000000000         0.000000000
         0.000000000         0.000000000         0.000000000         0.000000000
         0.000000000         0.000000000         0.000000000         0.000000000
         0.000000000         0.000000000         0.000000000         0.000000000
         0.000000000         0.000000000         0.000000000         0.000000000
         0.000000000         0.000000000         0.000000000         0.000000000
         0.000000000         0.000000000         0.000000000         0.000000000
         0.000000000         0.000000000         0.000000000         0.000000000
         0.000000000         0.000000000         0.000000000         0.000000000
         0.000000000         0.000000000         0.000000000         0.000000000
         0.000000000         0.000000000         0.000000000         0.000000000
         0.000000000         0.000000000         0.000000000        -0.115295392
        -0.086729990         0.143915121         0.149312814         0.248197904
         0.019313015        -0.174781513         0.237561281        -0.153106869
         0.025926765        -0.044074907        -0.291243482        -0.098429447
         0.002856636         0.235553164         0.079635064        -0.000323805
        -0.005031970         0.181405803         0.040977923        -0.006043876
         0.098909361        -0.176858983         0.190223656        -0.177442236
         0.168303199         0.096714606        -0.003983623         0.061603067
        -0.133088123        -0.277858993        -0.098257099         0.024520842
        -0.048790465         0.204155664         0.084939413         0.003556852
        -0.180489631        -0.029118821         0.012245558        -0.234733764
         0.145040658        -0.145693189         0.146565705        -0.174066387
        -0.070783792         0.012202712        -0.236064212         0.140994396
         0.000000000         0.000000000         0.000000000         0.000000000
         0.000000000         0.000000000         0.000000000         0.000000000
         0.000000000         0.000000000         0.000000000         0.000000000
         0.000000000         0.000000000         0.000000000         0.000000000
         0.000000000         0.000000000         0.000000000         0.000000000
         0.000000000         0.000000000         0.000000000         0.000000000
         0.000000000         0.000000000         0.000000000         0.000000000
         0.000000000         0.000000000         0.000000000         0.000000000
          82           0.837711982    0    0
         0.000000000         0.000000000         0.000000000         0.000000000
         0.000000000         0.000000000         0.000000000         0.000000000
         0.000000000         0.000000000         0.000000000         0.000000000
         0.000000000         0.000000000         0.000000000         0.000000000
         0.000000000         0.000000000         0.000000000         0.000000000
         0.000000000         0.000000000         0.000000000         0.000000000
         0.000000000         0.000000000         0.000000000         0.000000000
         0.000000000         0.000000000         0.000000000         0.000000000
         0.000000000         0.000000000         0.000000000         0.000000000
         0.000000000         0.000000000         0.000000000         0.000000000
         0.000000000         0.000000000         0.000000000         0.000000000
         0.000000000         0.000000000         0.000000000         0.000000000
         0.000000000         0.000000000         0.000000000         0.000000000
         0.000000000         0.000000000         0.000000000         0.000000000
         0.000000000         0.000000000         0.000000000         0.000000000
         0.000000000         0.000000000         0.000000000         0.000000000
         0.000000000         0.000000000         0.000000000         0.000000000
         0.000000000         0.000000000         0.000000000        -0.261442377
         0.312631900        -0.007553118        -0.009021449         0.048736053
        -0.063658837        -0.249526901        -0.088895919         0.270439535
         0.064451024         0.115733412        -0.149980048         0.155306691
        -0.035950641         0.276650070         0.061409407        -0.001388269
        -0.035658599        -0.061151610        -0.142452715        -0.012996534
         0.228268347         0.066430805         0.039571236        -0.133035599
         0.112010656         0.135585739         0.015734829        -0.274531198
        -0.013831562         0.203504835        -0.220542212        -0.014615380
        -0.102523207        -0.315290658        -0.068337173        -0.023031305
         0.092557745         0.077749083         0.008026477        -0.160423714
        -0.085344391         0.013011289         0.058204967        -0.039772739
        -0.126207287        -0.011737135         0.236163324        -0.014946417
         0.000000000         0.000000000         0.000000000         0.000000000
         0.000000000         0.000000000         0.000000000         0.000000000
         0.000000000         0.000000000         0.000000000         0.000000000
         0.000000000         0.000000000         0.000000000         0.000000000
         0.000000000         0.000000000         0.000000000         0.000000000
         0.000000000         0.000000000         0.000000000         0.000000000
         0.000000000         0.000000000         0.000000000         0.000000000
         0.000000000         0.000000000         0.000000000         0.000000000
          83           0.678804991    0    0
         0.000000000         0.000000000         0.000000000         0.000000000
         0.000000000         0.000000000         0.000000000         0.000000000
         0.000000000         0.000000000         0.000000000         0.000000000
         0.000000000         0.000000000         0.000000000         0.000000000
         0.000000000         0.000000000         0.000000000         0.000000000
         0.000000000         0.000000000         0.000000000         0.000000000
         0.000000000         0.000000000         0.000000000         0.000000000
         0.000000000         0.000000000         0.000000000         0.000000000
         0.000000000         0.000000000         0.000000000         0.000000000
         0.000000000         0.000000000         0.000000000         0.000000000
         0.000000000         0.000000000         0.000000000         0.000000000
         0.000000000         0.000000000         0.000000000         0.000000000
         0.000000000         0.000000000         0.000000000         0.000000000
         0.000000000         0.000000000         0.000000000         0.000000000
         0.000000000         0.000000000         0.000000000         0.000000000
         0.000000000         0.000000000         0.000000000         0.000000000
         0.000000000         0.000000000         0.000000000         0.000000000
         0.000000000         0.000000000         0.000000000        -0.072407729
         0.099827740        -0.058774005         0.069171347        -0.175434350
         0.008024291         0.145407357         0.180848013        -0.105628774
        -0.013026905         0.025051581         0.143288550         0.275956762
        -0.040743305        -0.153285433        -0.271819653         0.001172483
         0.026414954        -0.186466949        -0.214428773         0.000835344
        -0.003339097         0.178660653        -0.004245288        -0.166368760
         0.146907004         0.262656893         0.004938643        -0.096154531
         0.011757808        -0.123280635        -0.301942899         0.041153684
        -0.056660404         0.119944080         0.279581076         0.025656259
        -0.238685888        -0.138479689         0.006277276        -0.113983623
         0.201110509        -0.007073654        -0.187219374         0.204289614
         0.177524602        -0.001693846         0.024890794         0.006765726
         0.000000000         0.000000000         0.000000000         0.000000000
         0.000000000         0.000000000         0.000000000         0.000000000
         0.000000000         0.000000000         0.000000000         0.000000000
         0.000000000         0.000000000         0.000000000         0.000000000
         0.000000000         0.000000000         0.000000000         0.000000000
         0.000000000         0.000000000         0.000000000         0.000000000
         0.000000000         0.000000000         0.000000000         0.000000000
         0.000000000         0.000000000         0.000000000         0.000000000
          84           0.638145065    0    0
         0.000000000         0.000000000         0.000000000         0.000000000
         0.000000000         0.000000000         0.000000000         0.000000000
         0.000000000         0.000000000         0.000000000         0.000000000
         0.000000000         0.000000000         0.000000000         0.000000000
         0.000000000         0.000000000         0.000000000         0.000000000
         0.000000000         0.000000000         0.000000000         0.000000000
         0.000000000         0.000000000         0.000000000         0.000000000
         0.000000000         0.000000000         0.000000000         0.000000000
         0.000000000         0.000000000         0.000000000         0.000000000
         0.000000000         0.000000000         0.000000000         0.000000000
         0.000000000         0.000000000         0.000000000         0.000000000
         0.000000000         0.000000000         0.000000000         0.000000000
         0.000000000         0.000000000         0.000000000         0.000000000
         0.000000000         0.000000000         0.000000000         0.000000000
         0.000000000         0.000000000         0.000000000         0.000000000
         0.000000000         0.000000000         0.000000000         0.000000000
         0.000000000         0.000000000         0.000000000         0.000000000
         0.000000000         0.000000000         0.000000000         0.060436490
         0.079012474         0.057287071         0.012132032         0.186879568
        -0.205717480         0.292921937         0.147887425         0.310812298
        -0.182482603        -0.412556983         0.167425904        -0.025965018
         0.000314297         0.006904497         0.046734035         0.000756312
         0.022872448        -0.057971236        -0.042499241         0.007080825
        -0.118445918         0.111306047        -0.137002180         0.101001652
        -0.039022363        -0.064782695         0.005713388        -0.094182074
         0.013309023         0.188836593        -0.035546165        -0.009286689
        -0.389721711        -0.031726938        -0.025768922        -0.011463953
        -0.019881385        -0.000608232         0.013758494        -0.267780050
         0.043172282        -0.094537786         0.112928001        -0.109518917
        -0.004704873         0.015725687        -0.308577672         0.027569780
         0.000000000         0.000000000         0.000000000         0.000000000
         0.000000000         0.000000000         0.000000000         0.000000000
         0.000000000         0.000000000         0.000000000         0.000000000
         0.000000000         0.000000000         0.000000000         0.000000000
         0.000000000         0.000000000         0.000000000         0.000000000
         0.000000000         0.000000000         0.000000000         0.000000000
         0.000000000         0.000000000         0.000000000         0.000000000
         0.000000000         0.000000000         0.000000000         0.000000000
          85           0.631234873    0    0
         0.000000000         0.000000000         0.000000000         0.000000000
         0.000000000         0.000000000         0.000000000         0.000000000
         0.000000000         0.000000000         0.000000000         0.000000000
         0.000000000         0.000000000         0.000000000         0.000000000
         0.000000000         0.000000000         0.000000000         0.000000000
         0.000000000         0.000000000         0.000000000         0.000000000
         0.000000000         0.000000000         0.000000000         0.000000000
         0.000000000         0.000000000         0.000000000         0.000000000
         0.000000000         0.000000000         0.000000000         0.000000000
         0.000000000         0.000000000         0.000000000         0.000000000
         0.000000000         0.000000000         0.000000000         0.000000000
         0.000000000         0.000000000         0.000000000         0.000000000
         0.000000000         0.000000000         0.000000000         0.000000000
         0.000000000         0.000000000         0.000000000         0.000000000
         0.000000000         0.000000000         0.000000000         0.000000000
         0.000000000         0.000000000         0.000000000         0.000000000
         0.000000000         0.000000000         0.000000000         0.000000000
         0.000000000         0.000000000         0.000000000        -0.095937027
         0.097783399         0.150936226        -0.165293522         0.022300543
        -0.174867883         0.199211782        -0.068156580        -0.239690087
         0.217000421        -0.220037972         0.200687184         0.113743431
        -0.031724909        -0.058108463         0.215783213         0.001095958
         0.035478149        -0.106197817        -0.171501861        -0.003684874
         0.071018108         0.101174334         0.020387251        -0.128475561
         0.097355020         0.208365877         0.005544210        -0.103664441
         0.006514567        -0.211801263        -0.133452313         0.016132906
         0.297641249         0.039089414        -0.204457541         0.006741949
         0.214902325         0.076860993        -0.012157096         0.230922950
        -0.177501138         0.010343267         0.162184255        -0.214893285
        -0.032775445         0.012084987        -0.234418545         0.000024293
         0.000000000         0.000000000         0.000000000         0.000000000
         0.000000000         0.000000000         0.000000000         0.000000000
         0.000000000         0.000000000         0.000000000         0.000000000
         0.000000000         0.000000000         0.000000000         0.000000000
         0.000000000         0.000000000         0.000000000         0.000000000
         0.000000000         0.000000000         0.000000000         0.000000000
         0.000000000         0.000000000         0.000000000         0.000000000
         0.000000000         0.000000000         0.000000000         0.000000000
          86           0.593033946    0    0
         0.000000000         0.000000000         0.000000000         0.000000000
         0.000000000         0.000000000         0.000000000         0.000000000
         0.000000000         0.000000000         0.000000000         0.000000000
         0.000000000         0.000000000         0.000000000         0.000000000
         0.000000000         0.000000000         0.000000000         0.000000000
         0.000000000         0.000000000         0.000000000         0.000000000
         0.000000000         0.000000000         0.000000000         0.000000000
         0.000000000         0.000000000         0.000000000         0.000000000
         0.000000000         0.000000000         0.000000000         0.000000000
         0.000000000         0.000000000         0.000000000         0.000000000
         0.000000000         0.000000000         0.000000000         0.000000000
         0.000000000         0.000000000         0.000000000         0.000000000
         0.000000000         0.000000000         0.000000000         0.000000000
         0.000000000         0.000000000         0.000000000         0.000000000
         0.000000000         0.000000000         0.000000000         0.000000000
         0.000000000         0.000000000         0.000000000         0.000000000
         0.000000000         0.000000000         0.000000000         0.000000000
         0.000000000         0.000000000         0.000000000         0.016241983
        -0.026160503        -0.085760292         0.096772609         0.300774664
        -0.261508398         0.109894315        -0.229635715        -0.116882253
         0.214620063        -0.387075107         0.012246008         0.028820989
         0.024885239         0.314095049        -0.173005581        -0.001516066
        -0.043830151        -0.029041277         0.062920375         0.012309964
        -0.212168412         0.016465515        -0.019362141         0.010673696
         0.020269656        -0.054546537        -0.010088145         0.173406152
        -0.003644748        -0.048078967         0.008688495        -0.013593590
         0.323141901        -0.234321832         0.142188421        -0.006623995
        -0.121454208        -0.001059514         0.006626070        -0.127088307
         0.099518494        -0.004867649        -0.096672627         0.158403794
        -0.090459108        -0.013063657         0.258482774        -0.008372530
         0.000000000         0.000000000         0.000000000         0.000000000
         0.000000000         0.000000000         0.000000000         0.000000000
         0.000000000         0.000000000         0.000000000         0.000000000
         0.000000000         0.000000000         0.000000000         0.000000000
         0.000000000         0.000000000         0.000000000         0.000000000
         0.000000000         0.000000000         0.000000000         0.000000000
         0.000000000         0.000000000         0.000000000         0.000000000
         0.000000000         0.000000000         0.000000000         0.000000000
          87           0.540976282    0    0
         0.000000000         0.000000000         0.000000000         0.000000000
         0.000000000         0.000000000         0.000000000         0.000000000
         0.000000000         0.000000000         0.000000000         0.000000000
         0.000000000         0.000000000         0.000000000         0.000000000
         0.000000000         0.000000000         0.000000000         0.000000000
         0.000000000         0.000000000         0.000000000         0.000000000
         0.000000000         0.000000000         0.000000000         0.000000000
         0.000000000         0.000000000         0.000000000         0.000000000
         0.000000000         0.000000000         0.000000000         0.000000000
         0.000000000         0.000000000         0.000000000         0.000000000
         0.000000000         0.000000000         0.000000000         0.000000000
         0.000000000         0.000000000         0.000000000         0.000000000
         0.000000000         0.000000000         0.000000000         0.000000000
         0.000000000         0.000000000         0.000000000         0.000000000
         0.000000000         0.000000000         0.000000000         0.000000000
         0.000000000         0.000000000         0.000000000         0.000000000
         0.000000000         0.000000000         0.000000000         0.000000000
         0.000000000         0.000000000         0.000000000         0.075345386
         0.057854913         0.067954589         0.067354184        -0.145918642
         0.219186602        -0.005020833        -0.240304872         0.028078592
         0.278861292         0.189421020        -0.047784829        -0.069567975
        -0.003392288        -0.254743584         0.010303426         0.001281116
         0.034313907        -0.008390270        -0.007635577         0.000741197
        -0.012242966         0.075982957        -0.122848958         0.101157655
        -0.030571469        -0.040744925        -0.003219118         0.056771126
        -0.013350429        -0.010912792        -0.046267002        -0.007632054
         0.253864405        -0.396831105         0.049014405        -0.005620168
        -0.057981582        -0.030145633         0.022344252        -0.433531866
         0.128385180        -0.175868472         0.133583199        -0.086002145
         0.096247861         0.018033094        -0.357684255        -0.003275920
         0.000000000         0.000000000         0.000000000         0.000000000
         0.000000000         0.000000000         0.000000000         0.000000000
         0.000000000         0.000000000         0.000000000         0.000000000
         0.000000000         0.000000000         0.000000000         0.000000000
         0.000000000         0.000000000         0.000000000         0.000000000
         0.000000000         0.000000000         0.000000000         0.000000000
         0.000000000         0.000000000         0.000000000         0.000000000
         0.000000000         0.000000000         0.000000000         0.000000000
          88           0.468651705    0    0
         0.000000000         0.000000000         0.000000000         0.000000000
         0.000000000         0.000000000         0.000000000         0.000000000
         0.000000000         0.000000000         0.000000000         0.000000000
         0.000000000         0.000000000         0.000000000         0.000000000
         0.000000000         0.000000000         0.000000000         0.000000000
         0.000000000         0.000000000         0.000000000         0.000000000
         0.000000000         0.000000000         0.000000000         0.000000000
         0.000000000         0.000000000         0.000000000         0.000000000
         0.000000000         0.000000000         0.000000000         0.000000000
         0.000000000         0.000000000         0.000000000         0.000000000
         0.000000000         0.000000000         0.000000000         0.000000000
         0.000000000         0.000000000         0.000000000         0.000000000
         0.000000000         0.000000000         0.000000000         0.000000000
         0.000000000         0.000000000         0.000000000         0.000000000
         0.000000000         0.000000000         0.000000000         0.000000000
         0.000000000         0.000000000         0.000000000         0.000000000
         0.000000000         0.000000000         0.000000000         0.000000000
         0.000000000         0.000000000         0.000000000        -0.087251131
        -0.148425402        -0.105166499        -0.053780036        -0.078717065
        -0.132839548         0.109277929        -0.093138379         0.041570107
        -0.009195669        -0.071143534         0.252970739        -0.054855451
        -0.006535580        -0.039212757         0.106742422         0.000655473
         0.020701931         0.090893167         0.073074918        -0.023837601
         0.402977837        -0.301246213         0.324056618        -0.112203674
        -0.182814143         0.142763359         0.000365593        -0.008865843
         0.139013673         0.086699753         0.123038243         0.040378318
         0.032380998        -0.116010930         0.183143083        -0.028189422
        -0.141162420         0.157514814         0.011336331        -0.223598506
        -0.124470377         0.284759190        -0.226979383        -0.011580849
         0.122260736         0.005883544        -0.119865801         0.144812860
         0.000000000         0.000000000         0.000000000         0.000000000
         0.000000000         0.000000000         0.000000000         0.000000000
         0.000000000         0.000000000         0.000000000         0.000000000
         0.000000000         0.000000000         0.000000000         0.000000000
         0.000000000         0.000000000         0.000000000         0.000000000
         0.000000000         0.000000000         0.000000000         0.000000000
         0.000000000         0.000000000         0.000000000         0.000000000
         0.000000000         0.000000000         0.000000000         0.000000000
          89           0.454427930    0    0
         0.000000000         0.000000000         0.000000000         0.000000000
         0.000000000         0.000000000         0.000000000         0.000000000
         0.000000000         0.000000000         0.000000000         0.000000000
         0.000000000         0.000000000         0.000000000         0.000000000
         0.000000000         0.000000000         0.000000000         0.000000000
         0.000000000         0.000000000         0.000000000         0.000000000
         0.000000000         0.000000000         0.000000000         0.000000000
         0.000000000         0.000000000         0.000000000         0.000000000
         0.000000000         0.000000000         0.000000000         0.000000000
         0.000000000         0.000000000         0.000000000         0.000000000
         0.000000000         0.000000000         0.000000000         0.000000000
         0.000000000         0.000000000         0.000000000         0.000000000
         0.000000000         0.000000000         0.000000000         0.000000000
         0.000000000         0.000000000         0.000000000         0.000000000
         0.000000000         0.000000000         0.000000000         0.000000000
         0.000000000         0.000000000         0.000000000         0.000000000
         0.000000000         0.000000000         0.000000000         0.000000000
         0.000000000         0.000000000         0.000000000         0.009495660
         0.056495580        -0.057009874        -0.087890207         0.072599582
         0.058429831        -0.112150441         0.039638080        -0.034862825
        -0.013166648         0.050589955        -0.171372999         0.016763181
         0.006781071         0.048472723         0.165304007         0.001321941
         0.042136349        -0.090839980         0.001192900         0.016062798
        -0.272992893         0.206725893        -0.199473882         0.044784707
         0.160516273        -0.116342917        -0.010317778         0.177540751
        -0.091066911        -0.004105250        -0.164064842        -0.034360787
        -0.009326139         0.018153048         0.170266470        -0.038333439
        -0.080406749         0.224687535         0.003065447        -0.065554139
        -0.322356430         0.463708358        -0.236905098        -0.199461611
         0.194232707         0.004927347        -0.100783133         0.260807755
         0.000000000         0.000000000         0.000000000         0.000000000
         0.000000000         0.000000000         0.000000000         0.000000000
         0.000000000         0.000000000         0.000000000         0.000000000
         0.000000000         0.000000000         0.000000000         0.000000000
         0.000000000         0.000000000         0.000000000         0.000000000
         0.000000000         0.000000000         0.000000000         0.000000000
         0.000000000         0.000000000         0.000000000         0.000000000
         0.000000000         0.000000000         0.000000000         0.000000000
          90           0.443674480    0    0
         0.000000000         0.000000000         0.000000000         0.000000000
         0.000000000         0.000000000         0.000000000         0.000000000
         0.000000000         0.000000000         0.000000000         0.000000000
         0.000000000         0.000000000         0.000000000         0.000000000
         0.000000000         0.000000000         0.000000000         0.000000000
         0.000000000         0.000000000         0.000000000         0.000000000
         0.000000000         0.000000000         0.000000000         0.000000000
         0.000000000         0.000000000         0.000000000         0.000000000
         0.000000000         0.000000000         0.000000000         0.000000000
         0.000000000         0.000000000         0.000000000         0.000000000
         0.000000000         0.000000000         0.000000000         0.000000000
         0.000000000         0.000000000         0.000000000         0.000000000
         0.000000000         0.000000000         0.000000000         0.000000000
         0.000000000         0.000000000         0.000000000         0.000000000
         0.000000000         0.000000000         0.000000000         0.000000000
         0.000000000         0.000000000         0.000000000         0.000000000
         0.000000000         0.000000000         0.000000000         0.000000000
         0.000000000         0.000000000         0.000000000         0.163364864
         0.039180108        -0.026284712         0.060999552         0.058560244
        -0.005608677        -0.010192354         0.073746545        -0.097498564
         0.080646984        -0.035454652         0.038351135        -0.345135116
        -0.056863294         0.024271724         0.048201173        -0.001062219
        -0.029360621         0.294951771        -0.332197102        -0.014477721
         0.255281449         0.086311979        -0.338367712         0.334351347
        -0.133927143         0.054817749         0.022107830        -0.376226185
        -0.166531067        -0.167867270        -0.028223719         0.030708263
         0.047441543         0.038378382         0.058785857        -0.015394206
        -0.122017748         0.107291560        -0.000472321         0.007810947
         0.018105824         0.090881262        -0.131102779         0.108900189
        -0.125942454        -0.004111601         0.083708956         0.044815111
         0.000000000         0.000000000         0.000000000         0.000000000
         0.000000000         0.000000000         0.000000000         0.000000000
         0.000000000         0.000000000         0.000000000         0.000000000
         0.000000000         0.000000000         0.000000000         0.000000000
         0.000000000         0.000000000         0.000000000         0.000000000
         0.000000000         0.000000000         0.000000000         0.000000000
         0.000000000         0.000000000         0.000000000         0.000000000
         0.000000000         0.000000000         0.000000000         0.000000000
          91           0.375230769    0    0
         0.000000000         0.000000000         0.000000000         0.000000000
         0.000000000         0.000000000         0.000000000         0.000000000
         0.000000000         0.000000000         0.000000000         0.000000000
         0.000000000         0.000000000         0.000000000         0.000000000
         0.000000000         0.000000000         0.000000000         0.000000000
         0.000000000         0.000000000         0.000000000         0.000000000
         0.000000000         0.000000000         0.000000000         0.000000000
         0.000000000         0.000000000         0.000000000         0.000000000
         0.000000000         0.000000000         0.000000000         0.000000000
         0.000000000         0.000000000         0.000000000         0.000000000
         0.000000000         0.000000000         0.000000000         0.000000000
         0.000000000         0.000000000         0.000000000         0.000000000
         0.000000000         0.000000000         0.000000000         0.000000000
         0.000000000         0.000000000         0.000000000         0.000000000
         0.000000000         0.000000000         0.000000000         0.000000000
         0.000000000         0.000000000         0.000000000         0.000000000
         0.000000000         0.000000000         0.000000000         0.000000000
         0.000000000         0.000000000         0.000000000        -0.026025162
         0.007126630        -0.014500697         0.058287958        -0.061530400
         0.069761985         0.053320302         0.007336894        -0.001358696
        -0.031274311         0.029779002         0.004971196         0.037662969
         0.016188374        -0.166774044         0.082874252        -0.002490698
        -0.071985106        -0.108610153         0.021124898         0.002938893
        -0.049331440         0.046358894         0.038427746        -0.089176544
         0.080009956        -0.016669288        -0.006839993         0.115811303
         0.028657479         0.032504952        -0.029772335        -0.024574190
        -0.018507128         0.051659440        -0.041957085        -0.104720474
        -0.174688178         0.706436564        -0.001924866         0.017940462
         0.132746628        -0.086083560        -0.029389772         0.222375517
        -0.510286045         0.004954544        -0.084229642        -0.049126067
         0.000000000         0.000000000         0.000000000         0.000000000
         0.000000000         0.000000000         0.000000000         0.000000000
         0.000000000         0.000000000         0.000000000         0.000000000
         0.000000000         0.000000000         0.000000000         0.000000000
         0.000000000         0.000000000         0.000000000         0.000000000
         0.000000000         0.000000000         0.000000000         0.000000000
         0.000000000         0.000000000         0.000000000         0.000000000
         0.000000000         0.000000000         0.000000000         0.000000000
          92           0.353546833    0    0
         0.000000000         0.000000000         0.000000000         0.000000000
         0.000000000         0.000000000         0.000000000         0.000000000
         0.000000000         0.000000000         0.000000000         0.000000000
         0.000000000         0.000000000         0.000000000         0.000000000
         0.000000000         0.000000000         0.000000000         0.000000000
         0.000000000         0.000000000         0.000000000         0.000000000
         0.000000000         0.000000000         0.000000000         0.000000000
         0.000000000         0.000000000         0.000000000         0.000000000
         0.000000000         0.000000000         0.000000000         0.000000000
         0.000000000         0.000000000         0.000000000         0.000000000
         0.000000000         0.000000000         0.000000000         0.000000000
         0.000000000         0.000000000         0.000000000         0.000000000
         0.000000000         0.000000000         0.000000000         0.000000000
         0.000000000         0.000000000         0.000000000         0.000000000
         0.000000000         0.000000000         0.000000000         0.000000000
         0.000000000         0.000000000         0.000000000         0.000000000
         0.000000000         0.000000000         0.000000000         0.000000000
         0.000000000         0.000000000         0.000000000         0.072131178
        -0.004085168         0.003311642         0.007406473         0.044105213
         0.056341159        -0.033416909         0.027303960        -0.026598934
         0.059223898         0.012446460        -0.127330067         0.098208601
         0.073037463         0.022496544        -0.065660491         0.000317776
         0.008045211        -0.101503397         0.459201272         0.019667367
        -0.351653975        -0.052557210         0.008741834         0.080111876
        -0.265479059         0.397433425         0.031297648        -0.543552773
         0.076591527        -0.085343056         0.072835311         0.082752100
         0.022991819         0.005493849        -0.044963430        -0.016503328
        -0.057629097         0.159568544         0.000859148        -0.020863615
        -0.004531446         0.019914228        -0.000689212        -0.055243196
         0.067783133         0.000761033        -0.016457976         0.047370137
         0.000000000         0.000000000         0.000000000         0.000000000
         0.000000000         0.000000000         0.000000000         0.000000000
         0.000000000         0.000000000         0.000000000         0.000000000
         0.000000000         0.000000000         0.000000000         0.000000000
         0.000000000         0.000000000         0.000000000         0.000000000
         0.000000000         0.000000000         0.000000000         0.000000000
         0.000000000         0.000000000         0.000000000         0.000000000
         0.000000000         0.000000000         0.000000000         0.000000000
          93           0.284247440    0    0
         0.000000000         0.000000000         0.000000000         0.000000000
         0.000000000         0.000000000         0.000000000         0.000000000
         0.000000000         0.000000000         0.000000000         0.000000000
         0.000000000         0.000000000         0.000000000         0.000000000
         0.000000000         0.000000000         0.000000000         0.000000000
         0.000000000         0.000000000         0.000000000         0.000000000
         0.000000000         0.000000000         0.000000000         0.000000000
         0.000000000         0.000000000         0.000000000         0.000000000
         0.000000000         0.000000000         0.000000000         0.000000000
         0.000000000         0.000000000         0.000000000         0.000000000
         0.000000000         0.000000000         0.000000000         0.000000000
         0.000000000         0.000000000         0.000000000         0.000000000
         0.000000000         0.000000000         0.000000000         0.000000000
         0.000000000         0.000000000         0.000000000         0.000000000
         0.000000000         0.000000000         0.000000000         0.000000000
         0.000000000         0.000000000         0.000000000         0.000000000
         0.000000000         0.000000000         0.000000000         0.000000000
         0.000000000         0.000000000         0.000000000        -0.023262949
         0.011690837         0.026994357         0.042512783        -0.019586367
         0.025270044         0.018925311         0.007874825        -0.002276393
        -0.004919521         0.005244103         0.038443927        -0.143660333
         0.053339098        -0.130444968         0.290929718        -0.003165555
        -0.086691440        -0.114025465         0.303421109        -0.000923865
         0.006083296         0.059293065        -0.050077144         0.019542606
        -0.029394737         0.159925082        -0.004115165         0.064423178
         0.007553080         0.047591469        -0.223915387         0.033798301
        -0.003186782        -0.034115909         0.147876065         0.074414454
         0.026583171        -0.502779182         0.000638103         0.003110005
        -0.081543620         0.153883438        -0.111151725         0.109809714
        -0.566981720         0.003008375        -0.042473424         0.072930289
         0.000000000         0.000000000         0.000000000         0.000000000
         0.000000000         0.000000000         0.000000000         0.000000000
         0.000000000         0.000000000         0.000000000         0.000000000
         0.000000000         0.000000000         0.000000000         0.000000000
         0.000000000         0.000000000         0.000000000         0.000000000
         0.000000000         0.000000000         0.000000000         0.000000000
         0.000000000         0.000000000         0.000000000         0.000000000
         0.000000000         0.000000000         0.000000000         0.000000000
          94           0.240111977    0    0
         0.000000000         0.000000000         0.000000000         0.000000000
         0.000000000         0.000000000         0.000000000         0.000000000
         0.000000000         0.000000000         0.000000000         0.000000000
         0.000000000         0.000000000         0.000000000         0.000000000
         0.000000000         0.000000000         0.000000000         0.000000000
         0.000000000         0.000000000         0.000000000         0.000000000
         0.000000000         0.000000000         0.000000000         0.000000000
         0.000000000         0.000000000         0.000000000         0.000000000
         0.000000000         0.000000000         0.000000000         0.000000000
         0.000000000         0.000000000         0.000000000         0.000000000
         0.000000000         0.000000000         0.000000000         0.000000000
         0.000000000         0.000000000         0.000000000         0.000000000
         0.000000000         0.000000000         0.000000000         0.000000000
         0.000000000         0.000000000         0.000000000         0.000000000
         0.000000000         0.000000000         0.000000000         0.000000000
         0.000000000         0.000000000         0.000000000         0.000000000
         0.000000000         0.000000000         0.000000000         0.000000000
         0.000000000         0.000000000         0.000000000        -0.088796104
         0.062285126        -0.005745182        -0.085177695        -0.026998225
        -0.092952783        -0.007255182         0.056954424        -0.048931837
        -0.005640478        -0.012285654         0.136391863        -0.114660467
         0.053921898         0.075878766         0.042692303         0.000718719
         0.022477188         0.065641837         0.526195485        -0.017546711
         0.278844318         0.035782949        -0.183434806         0.158737619
         0.013758183         0.017507692        -0.009379086         0.158718682
        -0.153548275         0.033507097        -0.418284018         0.004785596
        -0.008165728         0.037719562         0.163955899        -0.017475150
         0.137127025         0.215861634        -0.004190141         0.072528081
         0.059633885        -0.168866910         0.082117663         0.078749397
         0.292937754        -0.002845734         0.045580427        -0.214134385
         0.000000000         0.000000000         0.000000000         0.000000000
         0.000000000         0.000000000         0.000000000         0.000000000
         0.000000000         0.000000000         0.000000000         0.000000000
         0.000000000         0.000000000         0.000000000         0.000000000
         0.000000000         0.000000000         0.000000000         0.000000000
         0.000000000         0.000000000         0.000000000         0.000000000
         0.000000000         0.000000000         0.000000000         0.000000000
         0.000000000         0.000000000         0.000000000         0.000000000
          95           0.231099706    0    0
         0.000000000         0.000000000         0.000000000         0.000000000
         0.000000000         0.000000000         0.000000000         0.000000000
         0.000000000         0.000000000         0.000000000         0.000000000
         0.000000000         0.000000000         0.000000000         0.000000000
         0.000000000         0.000000000         0.000000000         0.000000000
         0.000000000         0.000000000         0.000000000         0.000000000
         0.000000000         0.000000000         0.000000000         0.000000000
         0.000000000         0.000000000         0.000000000         0.000000000
         0.000000000         0.000000000         0.000000000         0.000000000
         0.000000000         0.000000000         0.000000000         0.000000000
         0.000000000         0.000000000         0.000000000         0.000000000
         0.000000000         0.000000000         0.000000000         0.000000000
         0.000000000         0.000000000         0.000000000         0.000000000
         0.000000000         0.000000000         0.000000000         0.000000000
         0.000000000         0.000000000         0.000000000         0.000000000
         0.000000000         0.000000000         0.000000000         0.000000000
         0.000000000         0.000000000         0.000000000         0.000000000
         0.000000000         0.000000000         0.000000000        -0.155421887
         0.252832448         0.095703246        -0.031341200        -0.079213910
        -0.066546763         0.044286992         0.069555922        -0.010298307
         0.120788144        -0.002434644         0.099694793         0.190437767
         0.035464735        -0.022542423         0.027268934        -0.000131248
        -0.003468343        -0.014648273         0.330673293        -0.010361802
         0.164728686         0.008646709        -0.032416779         0.006115834
         0.160116367        -0.537835715         0.015444263        -0.244883358
        -0.065305077        -0.228664408         0.158501569        -0.082176485
         0.002870415        -0.002346056        -0.272897303        -0.004716015
        -0.252445965        -0.109564118         0.001036781        -0.012547706
         0.102054762         0.087888049        -0.164173440         0.069870743
        -0.005267550         0.001504039        -0.030447908         0.134203638
         0.000000000         0.000000000         0.000000000         0.000000000
         0.000000000         0.000000000         0.000000000         0.000000000
         0.000000000         0.000000000         0.000000000         0.000000000
         0.000000000         0.000000000         0.000000000         0.000000000
         0.000000000         0.000000000         0.000000000         0.000000000
         0.000000000         0.000000000         0.000000000         0.000000000
         0.000000000         0.000000000         0.000000000         0.000000000
         0.000000000         0.000000000         0.000000000         0.000000000
          96           0.175909465    0    0
         0.000000000         0.000000000         0.000000000         0.000000000
         0.000000000         0.000000000         0.000000000         0.000000000
         0.000000000         0.000000000         0.000000000         0.000000000
         0.000000000         0.000000000         0.000000000         0.000000000
         0.000000000         0.000000000         0.000000000         0.000000000
         0.000000000         0.000000000         0.000000000         0.000000000
         0.000000000         0.000000000         0.000000000         0.000000000
         0.000000000         0.000000000         0.000000000         0.000000000
         0.000000000         0.000000000         0.000000000         0.000000000
         0.000000000         0.000000000         0.000000000         0.000000000
         0.000000000         0.000000000         0.000000000         0.000000000
         0.000000000         0.000000000         0.000000000         0.000000000
         0.000000000         0.000000000         0.000000000         0.000000000
         0.000000000         0.000000000         0.000000000         0.000000000
         0.000000000         0.000000000         0.000000000         0.000000000
         0.000000000         0.000000000         0.000000000         0.000000000
         0.000000000         0.000000000         0.000000000         0.000000000
         0.000000000         0.000000000         0.000000000        -0.041682999
        -0.037533545        -0.014183441        -0.194444136         0.089688829
        -0.046442091        -0.128291077        -0.039450272         0.030730914
        -0.012135449         0.010121465        -0.024889323        -0.278298323
        -0.000059172         0.070781449         0.552996152         0.000034487
         0.013360209        -0.188678563        -0.072472328         0.007007752
        -0.114073273         0.133548863         0.015074618        -0.140230139
         0.118897742         0.138766202         0.001528427        -0.033031022
         0.030557578         0.016196839         0.196077255         0.005849158
         0.001769109        -0.000704180        -0.134483692         0.002390435
        -0.116428237        -0.059505803         0.001446411        -0.024371056
         0.233599321        -0.096637032        -0.181724949         0.341915061
         0.303514133         0.000865269        -0.031541360        -0.178400115
         0.000000000         0.000000000         0.000000000         0.000000000
         0.000000000         0.000000000         0.000000000         0.000000000
         0.000000000         0.000000000         0.000000000         0.000000000
         0.000000000         0.000000000         0.000000000         0.000000000
         0.000000000         0.000000000         0.000000000         0.000000000
         0.000000000         0.000000000         0.000000000         0.000000000
         0.000000000         0.000000000         0.000000000         0.000000000
         0.000000000         0.000000000         0.000000000         0.000000000
          97           0.155508461    0    0
         0.000000000         0.000000000         0.000000000         0.000000000
         0.000000000         0.000000000         0.000000000         0.000000000
         0.000000000         0.000000000         0.000000000         0.000000000
         0.000000000         0.000000000         0.000000000         0.000000000
         0.000000000         0.000000000         0.000000000         0.000000000
         0.000000000         0.000000000         0.000000000         0.000000000
         0.000000000         0.000000000         0.000000000         0.000000000
         0.000000000         0.000000000         0.000000000         0.000000000
         0.000000000         0.000000000         0.000000000         0.000000000
         0.000000000         0.000000000         0.000000000         0.000000000
         0.000000000         0.000000000         0.000000000         0.000000000
         0.000000000         0.000000000         0.000000000         0.000000000
         0.000000000         0.000000000         0.000000000         0.000000000
         0.000000000         0.000000000         0.000000000         0.000000000
         0.000000000         0.000000000         0.000000000         0.000000000
         0.000000000         0.000000000         0.000000000         0.000000000
         0.000000000         0.000000000         0.000000000         0.000000000
         0.000000000         0.000000000         0.000000000         0.163707893
         0.105724419         0.252013518         0.191525465         0.032376903
         0.056370854         0.024594920        -0.039557702         0.094918632
         0.048014032        -0.017986659         0.027188430        -0.340270208
         0.010350960         0.006738268        -0.233879153         0.000307479
         0.004051446        -0.176656323         0.060370784        -0.008452700
         0.144783526         0.074961428         0.020020569        -0.054561425
        -0.042806927         0.226837552        -0.014764248         0.243293623
         0.098320306         0.087086790        -0.167447455         0.005359013
        -0.020232292        -0.009991179        -0.498189336        -0.003528700
        -0.273133703         0.006731085        -0.006237744         0.125864236
         0.063628746         0.088427223        -0.077909631        -0.117290327
         0.112024841        -0.006112032         0.118534986         0.227882308
         0.000000000         0.000000000         0.000000000         0.000000000
         0.000000000         0.000000000         0.000000000         0.000000000
         0.000000000         0.000000000         0.000000000         0.000000000
         0.000000000         0.000000000         0.000000000         0.000000000
         0.000000000         0.000000000         0.000000000         0.000000000
         0.000000000         0.000000000         0.000000000         0.000000000
         0.000000000         0.000000000         0.000000000         0.000000000
         0.000000000         0.000000000         0.000000000         0.000000000
          98           0.145159657    0    0
         0.000000000         0.000000000         0.000000000         0.000000000
         0.000000000         0.000000000         0.000000000         0.000000000
         0.000000000         0.000000000         0.000000000         0.000000000
         0.000000000         0.000000000         0.000000000         0.000000000
         0.000000000         0.000000000         0.000000000         0.000000000
         0.000000000         0.000000000         0.000000000         0.000000000
         0.000000000         0.000000000         0.000000000         0.000000000
         0.000000000         0.000000000         0.000000000         0.000000000
         0.000000000         0.000000000         0.000000000         0.000000000
         0.000000000         0.000000000         0.000000000         0.000000000
         0.000000000         0.000000000         0.000000000         0.000000000
         0.000000000         0.000000000         0.000000000         0.000000000
         0.000000000         0.000000000         0.000000000         0.000000000
         0.000000000         0.000000000         0.000000000         0.000000000
         0.000000000         0.000000000         0.000000000         0.000000000
         0.000000000         0.000000000         0.000000000         0.000000000
         0.000000000         0.000000000         0.000000000         0.000000000
         0.000000000         0.000000000         0.000000000        -0.019234170
        -0.228397737        -0.153961991         0.091322004        -0.042862376
        -0.000737804         0.050610112        -0.096604613         0.030701343
        -0.085285534        -0.007085385         0.071382473        -0.027731074
         0.018964464        -0.023702483        -0.165588621        -0.000087211
        -0.006246553        -0.014854396         0.193713546        -0.011514501
         0.189580501         0.264853244        -0.216088561        -0.124217481
         0.452816400         0.283753765         0.000783739        -0.030848254
        -0.350988029         0.071199684         0.448950327         0.014832494
         0.013645646         0.007683260        -0.023785066        -0.003644051
         0.049119667        -0.001432954         0.004399008        -0.086495253
        -0.070686170         0.019474926         0.062836188        -0.105702226
        -0.055751021        -0.000998126         0.022930622         0.040817993
         0.000000000         0.000000000         0.000000000         0.000000000
         0.000000000         0.000000000         0.000000000         0.000000000
         0.000000000         0.000000000         0.000000000         0.000000000
         0.000000000         0.000000000         0.000000000         0.000000000
         0.000000000         0.000000000         0.000000000         0.000000000
         0.000000000         0.000000000         0.000000000         0.000000000
         0.000000000         0.000000000         0.000000000         0.000000000
         0.000000000         0.000000000         0.000000000         0.000000000
          99           0.138508236    0    0
         0.000000000         0.000000000         0.000000000         0.000000000
         0.000000000         0.000000000         0.000000000         0.000000000
         0.000000000         0.000000000         0.000000000         0.000000000
         0.000000000         0.000000000         0.000000000         0.000000000
         0.000000000         0.000000000         0.000000000         0.000000000
         0.000000000         0.000000000         0.000000000         0.000000000
         0.000000000         0.000000000         0.000000000         0.000000000
         0.000000000         0.000000000         0.000000000         0.000000000
         0.000000000         0.000000000         0.000000000         0.000000000
         0.000000000         0.000000000         0.000000000         0.000000000
         0.000000000         0.000000000         0.000000000         0.000000000
         0.000000000         0.000000000         0.000000000         0.000000000
         0.000000000         0.000000000         0.000000000         0.000000000
         0.000000000         0.000000000         0.000000000         0.000000000
         0.000000000         0.000000000         0.000000000         0.000000000
         0.000000000         0.000000000         0.000000000         0.000000000
         0.000000000         0.000000000         0.000000000         0.000000000
         0.000000000         0.000000000         0.000000000        -0.176022519
        -0.097295553         0.139432590        -0.180069505        -0.053438527
        -0.060756869        -0.003082114        -0.079178619         0.083501824
        -0.010696210         0.017617129        -0.016602477         0.428002153
        -0.018326765         0.010966555         0.074571114         0.000357373
         0.011992435         0.434734208        -0.045299531         0.007109144
        -0.126344155        -0.133960985        -0.145992506         0.215088387
        -0.069908263         0.289014876        -0.014134798         0.230642779
        -0.264517786         0.140834542        -0.042985955         0.027073831
        -0.005872404        -0.025514567        -0.279062878         0.008219295
        -0.181929664        -0.065930924        -0.002088732         0.045809736
         0.110157854         0.030654438        -0.127448743         0.108859683
        -0.016993547         0.004579562        -0.091267648         0.055440076
         0.000000000         0.000000000         0.000000000         0.000000000
         0.000000000         0.000000000         0.000000000         0.000000000
         0.000000000         0.000000000         0.000000000         0.000000000
         0.000000000         0.000000000         0.000000000         0.000000000
         0.000000000         0.000000000         0.000000000         0.000000000
         0.000000000         0.000000000         0.000000000         0.000000000
         0.000000000         0.000000000         0.000000000         0.000000000
         0.000000000         0.000000000         0.000000000         0.000000000
         100           0.019828017    0    0
         0.000000000         0.000000000         0.000000000         0.000000000
         0.000000000         0.000000000         0.000000000         0.000000000
         0.000000000         0.000000000         0.000000000         0.000000000
         0.000000000         0.000000000         0.000000000         0.000000000
         0.000000000         0.000000000         0.000000000         0.000000000
         0.000000000         0.000000000         0.000000000         0.000000000
         0.000000000         0.000000000         0.000000000         0.000000000
         0.000000000         0.000000000         0.000000000         0.000000000
         0.000000000         0.000000000         0.000000000         0.000000000
         0.000000000         0.000000000         0.000000000         0.000000000
         0.000000000         0.000000000         0.000000000         0.000000000
         0.000000000         0.000000000         0.000000000         0.000000000
         0.000000000         0.000000000         0.000000000         0.000000000
         0.000000000         0.000000000         0.000000000         0.000000000
         0.000000000         0.000000000         0.000000000         0.000000000
         0.000000000         0.000000000         0.000000000         0.000000000
         0.000000000         0.000000000         0.000000000         0.000000000
         0.000000000         0.000000000         0.000000000        -0.497133448
         0.284915551        -0.322604641         0.472741887        -0.082048300
        -0.006760045         0.074183780         0.043378684        -0.050582194
        -0.001690463         0.001415666         0.149506032        -0.160865105
        -0.001612528        -0.153019442         0.162143768        -0.000977855
        -0.026531593         0.112565734        -0.029086951         0.014013522
        -0.239956921        -0.074568508        -0.011147062         0.080330693
        -0.094353892         0.080688496        -0.007144980         0.119942943
        -0.022381446        -0.082320393         0.083285747        -0.023192050
         0.001841993         0.106824812        -0.137168159        -0.010215193
         0.060309727         0.012929931         0.006073985        -0.119779183
        -0.049232884        -0.009138633         0.064988397        -0.092600280
         0.089203322        -0.008692428         0.169841773         0.003676745
         0.000000000         0.000000000         0.000000000         0.000000000
         0.000000000         0.000000000         0.000000000         0.000000000
         0.000000000         0.000000000         0.000000000         0.000000000
         0.000000000         0.000000000         0.000000000         0.000000000
         0.000000000         0.000000000         0.000000000         0.000000000
         0.000000000         0.000000000         0.000000000         0.000000000
         0.000000000         0.000000000         0.000000000         0.000000000
         0.000000000         0.000000000         0.000000000         0.000000000
         101           0.017902371    0    0
         0.000000000         0.000000000         0.000000000         0.000000000
         0.000000000         0.000000000         0.000000000         0.000000000
         0.000000000         0.000000000         0.000000000         0.000000000
         0.000000000         0.000000000         0.000000000         0.000000000
         0.000000000         0.000000000         0.000000000         0.000000000
         0.000000000         0.000000000         0.000000000         0.000000000
         0.000000000         0.000000000         0.000000000         0.000000000
         0.000000000         0.000000000         0.000000000         0.000000000
         0.000000000         0.000000000         0.000000000         0.000000000
         0.000000000         0.000000000         0.000000000         0.000000000
         0.000000000         0.000000000         0.000000000         0.000000000
         0.000000000         0.000000000         0.000000000         0.000000000
         0.000000000         0.000000000         0.000000000         0.000000000
         0.000000000         0.000000000         0.000000000         0.000000000
         0.000000000         0.000000000         0.000000000         0.000000000
         0.000000000         0.000000000         0.000000000         0.000000000
         0.000000000         0.000000000         0.000000000         0.000000000
         0.000000000         0.000000000         0.000000000        -0.269784545
        -0.412549315         0.536374397         0.351159321        -0.047906793
        -0.005222846         0.054669207        -0.065926363         0.083394173
         0.007856516        -0.004895670         0.083760400        -0.049527461
        -0.002158748        -0.096866820         0.132431495        -0.000617878
        -0.016139254         0.025006728        -0.038182042         0.007903170
        -0.133919838         0.007987244         0.000355430        -0.033654754
         0.097493339        -0.142725107         0.012871887        -0.215091804
        -0.053355388         0.115391238        -0.077956700         0.031004625
        -0.009029880        -0.162993436         0.221367057         0.008039697
        -0.055262605         0.057064859        -0.011634669         0.225838028
         0.019652817        -0.001114008         0.004517888        -0.052721071
         0.108623370        -0.007609726         0.147313124         0.044300788
         0.000000000         0.000000000         0.000000000         0.000000000
         0.000000000         0.000000000         0.000000000         0.000000000
         0.000000000         0.000000000         0.000000000         0.000000000
         0.000000000         0.000000000         0.000000000         0.000000000
         0.000000000         0.000000000         0.000000000         0.000000000
         0.000000000         0.000000000         0.000000000         0.000000000
         0.000000000         0.000000000         0.000000000         0.000000000
         0.000000000         0.000000000         0.000000000         0.000000000
         102           0.005225855    0    0
         0.000000000         0.000000000         0.000000000         0.000000000
         0.000000000         0.000000000         0.000000000         0.000000000
         0.000000000         0.000000000         0.000000000         0.000000000
         0.000000000         0.000000000         0.000000000         0.000000000
         0.000000000         0.000000000         0.000000000         0.000000000
         0.000000000         0.000000000         0.000000000         0.000000000
         0.000000000         0.000000000         0.000000000         0.000000000
         0.000000000         0.000000000         0.000000000         0.000000000
         0.000000000         0.000000000         0.000000000         0.000000000
         0.000000000         0.000000000         0.000000000         0.000000000
         0.000000000         0.000000000         0.000000000         0.000000000
         0.000000000         0.000000000         0.000000000         0.000000000
         0.000000000         0.000000000         0.000000000         0.000000000
         0.000000000         0.000000000         0.000000000         0.000000000
         0.000000000         0.000000000         0.000000000         0.000000000
         0.000000000         0.000000000         0.000000000         0.000000000
         0.000000000         0.000000000         0.000000000         0.000000000
         0.000000000         0.000000000         0.000000000         0.321107304
         0.462295046         0.314212693         0.262401632         0.032389456
        -0.022640472         0.009465847         0.012492354         0.026534873
        -0.066600126        -0.045234688        -0.077594584         0.261557750
         0.004964929        -0.057652948         0.244381986        -0.000689853
        -0.015433058         0.020983647         0.036589473        -0.008557104
         0.144446363        -0.004996862        -0.021184729         0.027217624
        -0.048472188         0.176902004        -0.012132541         0.200485275
        -0.006771438        -0.121468401         0.344324056        -0.035214891
        -0.059636725        -0.083370257         0.302660952        -0.002058871
         0.013318000         0.040477705        -0.006545986         0.126062277
         0.001262411        -0.014189058         0.009539287        -0.007369607
         0.077758209        -0.005113451         0.098453565        -0.018895434
         0.000000000         0.000000000         0.000000000         0.000000000
         0.000000000         0.000000000         0.000000000         0.000000000
         0.000000000         0.000000000         0.000000000         0.000000000
         0.000000000         0.000000000         0.000000000         0.000000000
         0.000000000         0.000000000         0.000000000         0.000000000
         0.000000000         0.000000000         0.000000000         0.000000000
         0.000000000         0.000000000         0.000000000         0.000000000
         0.000000000         0.000000000         0.000000000         0.000000000
         103           1.261553222    0    0
         0.000000000         0.000000000         0.000000000         0.000000000
         0.000000000         0.000000000         0.000000000         0.000000000
         0.000000000         0.000000000         0.000000000         0.000000000
         0.000000000         0.000000000         0.000000000         0.000000000
         0.000000000         0.000000000         0.000000000         0.000000000
         0.000000000         0.000000000         0.000000000         0.000000000
         0.000000000         0.000000000         0.000000000         0.000000000
         0.000000000         0.000000000         0.000000000         0.000000000
         0.000000000         0.000000000         0.000000000         0.000000000
         0.000000000         0.000000000         0.000000000         0.000000000
         0.000000000         0.000000000         0.000000000         0.000000000
         0.000000000         0.000000000         0.000000000         0.000000000
         0.000000000         0.000000000         0.000000000         0.000000000
         0.000000000         0.000000000         0.000000000         0.000000000
         0.000000000         0.000000000         0.000000000         0.000000000
         0.000000000         0.000000000         0.000000000         0.000000000
         0.000000000         0.000000000         0.000000000         0.000000000
         0.000000000         0.000000000         0.000000000         0.000000000
         0.000000000         0.000000000         0.000000000         0.000000000
         0.000000000         0.000000000         0.000000000         0.000000000
         0.000000000         0.000000000         0.000000000         0.000000000
         0.000000000         0.000000000         0.000000000         0.000000000
         0.000000000         0.000000000         0.000000000         0.000000000
         0.000000000         0.000000000         0.000000000         0.000000000
         0.000000000         0.000000000         0.000000000         0.000000000
         0.000000000         0.000000000         0.000000000         0.000000000
         0.000000000         0.000000000         0.000000000         0.000000000
         0.000000000         0.000000000         0.000000000         0.000000000
         0.000000000         0.000000000         0.000000000         0.000000000
         0.000000000         0.000000000         0.000000000         0.000000000
         0.191270300        -0.072393357         0.192853920        -0.052691761
         0.198443911        -0.219667651         0.257546135        -0.220972366
        -0.096414587         0.288997978        -0.094541767        -0.298054036
        -0.129789727         0.421324445        -0.095504322         0.225729158
        -0.100073209         0.389163794        -0.023248365        -0.316764830
         0.005222179        -0.011539964        -0.001817721         0.016448073
        -0.029613302         0.014791327        -0.010046229        -0.014733013
         0.002736473         0.021626103        -0.058321825         0.048173050
         104           1.104661476    0    0
         0.000000000         0.000000000         0.000000000         0.000000000
         0.000000000         0.000000000         0.000000000         0.000000000
         0.000000000         0.000000000         0.000000000         0.000000000
         0.000000000         0.000000000         0.000000000         0.000000000
         0.000000000         0.000000000         0.000000000         0.000000000
         0.000000000         0.000000000         0.000000000         0.000000000
         0.000000000         0.000000000         0.000000000         0.000000000
         0.000000000         0.000000000         0.000000000         0.000000000
         0.000000000         0.000000000         0.000000000         0.000000000
         0.000000000         0.000000000         0.000000000         0.000000000
         0.000000000         0.000000000         0.000000000         0.000000000
         0.000000000         0.000000000         0.000000000         0.000000000
         0.000000000         0.000000000         0.000000000         0.000000000
         0.000000000         0.000000000         0.000000000         0.000000000
         0.000000000         0.000000000         0.000000000         0.000000000
         0.000000000         0.000000000         0.000000000         0.000000000
         0.000000000         0.000000000         0.000000000         0.000000000
         0.000000000         0.000000000         0.000000000         0.000000000
         0.000000000         0.000000000         0.000000000         0.000000000
         0.000000000         0.000000000         0.000000000         0.000000000
         0.000000000         0.000000000         0.000000000         0.000000000
         0.000000000         0.000000000         0.000000000         0.000000000
         0.000000000         0.000000000         0.000000000         0.000000000
         0.000000000         0.000000000         0.000000000         0.000000000
         0.000000000         0.000000000         0.000000000         0.000000000
         0.000000000         0.000000000         0.000000000         0.000000000
         0.000000000         0.000000000         0.000000000         0.000000000
         0.000000000         0.000000000         0.000000000         0.000000000
         0.000000000         0.000000000         0.000000000         0.000000000
         0.000000000         0.000000000         0.000000000         0.000000000
         0.188997333        -0.087367314        -0.231871675         0.125471771
        -0.202397677         0.126934956         0.177986531        -0.123097941
        -0.113410573         0.327850249        -0.156139981        -0.224411512
        -0.105898263         0.360799633         0.136566221        -0.395007289
         0.116285087        -0.399837185         0.203597960         0.235950219
         0.009324418        -0.003572481         0.005718544        -0.012428797
         0.024629106        -0.020826609        -0.006615567         0.005994622
        -0.003971910         0.003909550        -0.007186829         0.007973017
         105           0.932595756    0    0
         0.000000000         0.000000000         0.000000000         0.000000000
         0.000000000         0.000000000         0.000000000         0.000000000
         0.000000000         0.000000000         0.000000000         0.000000000
         0.000000000         0.000000000         0.000000000         0.000000000
         0.000000000         0.000000000         0.000000000         0.000000000
         0.000000000         0.000000000         0.000000000         0.000000000
         0.000000000         0.000000000         0.000000000         0.000000000
         0.000000000         0.000000000         0.000000000         0.000000000
         0.000000000         0.000000000         0.000000000         0.000000000
         0.000000000         0.000000000         0.000000000         0.000000000
         0.000000000         0.000000000         0.000000000         0.000000000
         0.000000000         0.000000000         0.000000000         0.000000000
         0.000000000         0.000000000         0.000000000         0.000000000
         0.000000000         0.000000000         0.000000000         0.000000000
         0.000000000         0.000000000         0.000000000         0.000000000
         0.000000000         0.000000000         0.000000000         0.000000000
         0.000000000         0.000000000         0.000000000         0.000000000
         0.000000000         0.000000000         0.000000000         0.000000000
         0.000000000         0.000000000         0.000000000         0.000000000
         0.000000000         0.000000000         0.000000000         0.000000000
         0.000000000         0.000000000         0.000000000         0.000000000
         0.000000000         0.000000000         0.000000000         0.000000000
         0.000000000         0.000000000         0.000000000         0.000000000
         0.000000000         0.000000000         0.000000000         0.000000000
         0.000000000         0.000000000         0.000000000         0.000000000
         0.000000000         0.000000000         0.000000000         0.000000000
         0.000000000         0.000000000         0.000000000         0.000000000
         0.000000000         0.000000000         0.000000000         0.000000000
         0.000000000         0.000000000         0.000000000         0.000000000
         0.000000000         0.000000000         0.000000000         0.000000000
         0.074655083         0.234711575        -0.041423616         0.135991652
        -0.036355530        -0.090914266        -0.198818879        -0.208751435
        -0.110487310        -0.321219343         0.592555567        -0.449434738
         0.192947542         0.061690360         0.012681648        -0.171926493
         0.033116496         0.028005229         0.233688816        -0.154002421
         0.020249169        -0.028538977         0.027589341        -0.028187265
         0.033445659        -0.024517026        -0.005392066        -0.007169822
        -0.000942816         0.014693191        -0.036289017         0.029239899
         106           0.848299214    0    0
         0.000000000         0.000000000         0.000000000         0.000000000
         0.000000000         0.000000000         0.000000000         0.000000000
         0.000000000         0.000000000         0.000000000         0.000000000
         0.000000000         0.000000000         0.000000000         0.000000000
         0.000000000         0.000000000         0.000000000         0.000000000
         0.000000000         0.000000000         0.000000000         0.000000000
         0.000000000         0.000000000         0.000000000         0.000000000
         0.000000000         0.000000000         0.000000000         0.000000000
         0.000000000         0.000000000         0.000000000         0.000000000
         0.000000000         0.000000000         0.000000000         0.000000000
         0.000000000         0.000000000         0.000000000         0.000000000
         0.000000000         0.000000000         0.000000000         0.000000000
         0.000000000         0.000000000         0.000000000         0.000000000
         0.000000000         0.000000000         0.000000000         0.000000000
         0.000000000         0.000000000         0.000000000         0.000000000
         0.000000000         0.000000000         0.000000000         0.000000000
         0.000000000         0.000000000         0.000000000         0.000000000
         0.000000000         0.000000000         0.000000000         0.000000000
         0.000000000         0.000000000         0.000000000         0.000000000
         0.000000000         0.000000000         0.000000000         0.000000000
         0.000000000         0.000000000         0.000000000         0.000000000
         0.000000000         0.000000000         0.000000000         0.000000000
         0.000000000         0.000000000         0.000000000         0.000000000
         0.000000000         0.000000000         0.000000000         0.000000000
         0.000000000         0.000000000         0.000000000         0.000000000
         0.000000000         0.000000000         0.000000000         0.000000000
         0.000000000         0.000000000         0.000000000         0.000000000
         0.000000000         0.000000000         0.000000000         0.000000000
         0.000000000         0.000000000         0.000000000         0.000000000
         0.000000000         0.000000000         0.000000000         0.000000000
        -0.164976339        -0.034172995         0.187276668         0.193316816
        -0.273119142        -0.133678548         0.106146326         0.042027851
         0.182534069        -0.053936147        -0.152234912         0.206706872
        -0.151443850        -0.043836090        -0.264454398        -0.153596282
         0.307102840         0.019493005         0.517695581        -0.443084364
         0.017608972        -0.023467507         0.036132199        -0.050301664
         0.067537219        -0.041491189         0.019441191        -0.018126008
         0.016544559        -0.022274365         0.032253335        -0.025243603
         107           0.770349379    0    0
         0.000000000         0.000000000         0.000000000         0.000000000
         0.000000000         0.000000000         0.000000000         0.000000000
         0.000000000         0.000000000         0.000000000         0.000000000
         0.000000000         0.000000000         0.000000000         0.000000000
         0.000000000         0.000000000         0.000000000         0.000000000
         0.000000000         0.000000000         0.000000000         0.000000000
         0.000000000         0.000000000         0.000000000         0.000000000
         0.000000000         0.000000000         0.000000000         0.000000000
         0.000000000         0.000000000         0.000000000         0.000000000
         0.000000000         0.000000000         0.000000000         0.000000000
         0.000000000         0.000000000         0.000000000         0.000000000
         0.000000000         0.000000000         0.000000000         0.000000000
         0.000000000         0.000000000         0.000000000         0.000000000
         0.000000000         0.000000000         0.000000000         0.000000000
         0.000000000         0.000000000         0.000000000         0.000000000
         0.000000000         0.000000000         0.000000000         0.000000000
         0.000000000         0.000000000         0.000000000         0.000000000
         0.000000000         0.000000000         0.000000000         0.000000000
         0.000000000         0.000000000         0.000000000         0.000000000
         0.000000000         0.000000000         0.000000000         0.000000000
         0.000000000         0.000000000         0.000000000         0.000000000
         0.000000000         0.000000000         0.000000000         0.000000000
         0.000000000         0.000000000         0.000000000         0.000000000
         0.000000000         0.000000000         0.000000000         0.000000000
         0.000000000         0.000000000         0.000000000         0.000000000
         0.000000000         0.000000000         0.000000000         0.000000000
         0.000000000         0.000000000         0.000000000         0.000000000
         0.000000000         0.000000000         0.000000000         0.000000000
         0.000000000         0.000000000         0.000000000         0.000000000
         0.000000000         0.000000000         0.000000000         0.000000000
        -0.302427124         0.102537853        -0.266825886         0.123513945
         0.228858368        -0.115965196         0.250592249        -0.112326349
         0.389028010        -0.272195853        -0.003178519         0.076929171
        -0.346565601         0.139097556         0.338381638        -0.240689445
        -0.311809273         0.156971681         0.018860724         0.027399499
         0.010369768        -0.013649994         0.018038605        -0.023168873
         0.031041522        -0.020536252         0.001046088        -0.014043433
         0.004444653         0.009154706        -0.028201335         0.021753397
         108           0.648095632    0    0
         0.000000000         0.000000000         0.000000000         0.000000000
         0.000000000         0.000000000         0.000000000         0.000000000
         0.000000000         0.000000000         0.000000000         0.000000000
         0.000000000         0.000000000         0.000000000         0.000000000
         0.000000000         0.000000000         0.000000000         0.000000000
         0.000000000         0.000000000         0.000000000         0.000000000
         0.000000000         0.000000000         0.000000000         0.000000000
         0.000000000         0.000000000         0.000000000         0.000000000
         0.000000000         0.000000000         0.000000000         0.000000000
         0.000000000         0.000000000         0.000000000         0.000000000
         0.000000000         0.000000000         0.000000000         0.000000000
         0.000000000         0.000000000         0.000000000         0.000000000
         0.000000000         0.000000000         0.000000000         0.000000000
         0.000000000         0.000000000         0.000000000         0.000000000
         0.000000000         0.000000000         0.000000000         0.000000000
         0.000000000         0.000000000         0.000000000         0.000000000
         0.000000000         0.000000000         0.000000000         0.000000000
         0.000000000         0.000000000         0.000000000         0.000000000
         0.000000000         0.000000000         0.000000000         0.000000000
         0.000000000         0.000000000         0.000000000         0.000000000
         0.000000000         0.000000000         0.000000000         0.000000000
         0.000000000         0.000000000         0.000000000         0.000000000
         0.000000000         0.000000000         0.000000000         0.000000000
         0.000000000         0.000000000         0.000000000         0.000000000
         0.000000000         0.000000000         0.000000000         0.000000000
         0.000000000         0.000000000         0.000000000         0.000000000
         0.000000000         0.000000000         0.000000000         0.000000000
         0.000000000         0.000000000         0.000000000         0.000000000
         0.000000000         0.000000000         0.000000000         0.000000000
         0.000000000         0.000000000         0.000000000         0.000000000
        -0.150189749         0.154968699         0.171605413        -0.201052812
        -0.143787378         0.173293130         0.165420292        -0.151043801
         0.293575241        -0.255788969         0.137795805        -0.141131951
        -0.295077494         0.261176665        -0.294571871         0.296389247
         0.289230523        -0.279101863        -0.200328686         0.190477670
        -0.017891360         0.025343434        -0.041978284         0.060027043
        -0.079492509         0.046207055        -0.029073690         0.028062201
        -0.029288399         0.040239760        -0.058771022         0.044033001
         109           0.294948987    0    0
         0.000000000         0.000000000         0.000000000         0.000000000
         0.000000000         0.000000000         0.000000000         0.000000000
         0.000000000         0.000000000         0.000000000         0.000000000
         0.000000000         0.000000000         0.000000000         0.000000000
         0.000000000         0.000000000         0.000000000         0.000000000
         0.000000000         0.000000000         0.000000000         0.000000000
         0.000000000         0.000000000         0.000000000         0.000000000
         0.000000000         0.000000000         0.000000000         0.000000000
         0.000000000         0.000000000         0.000000000         0.000000000
         0.000000000         0.000000000         0.000000000         0.000000000
         0.000000000         0.000000000         0.000000000         0.000000000
         0.000000000         0.000000000         0.000000000         0.000000000
         0.000000000         0.000000000         0.000000000         0.000000000
         0.000000000         0.000000000         0.000000000         0.000000000
         0.000000000         0.000000000         0.000000000         0.000000000
         0.000000000         0.000000000         0.000000000         0.000000000
         0.000000000         0.000000000         0.000000000         0.000000000
         0.000000000         0.000000000         0.000000000         0.000000000
         0.000000000         0.000000000         0.000000000         0.000000000
         0.000000000         0.000000000         0.000000000         0.000000000
         0.000000000         0.000000000         0.000000000         0.000000000
         0.000000000         0.000000000         0.000000000         0.000000000
         0.000000000         0.000000000         0.000000000         0.000000000
         0.000000000         0.000000000         0.000000000         0.000000000
         0.000000000         0.000000000         0.000000000         0.000000000
         0.000000000         0.000000000         0.000000000         0.000000000
         0.000000000         0.000000000         0.000000000         0.000000000
         0.000000000         0.000000000         0.000000000         0.000000000
         0.000000000         0.000000000         0.000000000         0.000000000
         0.000000000         0.000000000         0.000000000         0.000000000
         0.007630627         0.016637183        -0.003973784        -0.003551914
        -0.012495883        -0.060620602         0.010543110         0.058542688
         0.013960912        -0.018594042         0.031607452        -0.047916712
        -0.023339533         0.048052214        -0.000694894         0.006619127
         0.003591986        -0.015672082        -0.015430532         0.020393755
         0.001557396         0.094527320        -0.139080698         0.142676503
        -0.104701852         0.003515563        -0.084960396        -0.356123934
         0.570871634        -0.572651388         0.361048146         0.082376464
         110           0.273795550    0    0
         0.000000000         0.000000000         0.000000000         0.000000000
         0.000000000         0.000000000         0.000000000         0.000000000
         0.000000000         0.000000000         0.000000000         0.000000000
         0.000000000         0.000000000         0.000000000         0.000000000
         0.000000000         0.000000000         0.000000000         0.000000000
         0.000000000         0.000000000         0.000000000         0.000000000
         0.000000000         0.000000000         0.000000000         0.000000000
         0.000000000         0.000000000         0.000000000         0.000000000
         0.000000000         0.000000000         0.000000000         0.000000000
         0.000000000         0.000000000         0.000000000         0.000000000
         0.000000000         0.000000000         0.000000000         0.000000000
         0.000000000         0.000000000         0.000000000         0.000000000
         0.000000000         0.000000000         0.000000000         0.000000000
         0.000000000         0.000000000         0.000000000         0.000000000
         0.000000000         0.000000000         0.000000000         0.000000000
         0.000000000         0.000000000         0.000000000         0.000000000
         0.000000000         0.000000000         0.000000000         0.000000000
         0.000000000         0.000000000         0.000000000         0.000000000
         0.000000000         0.000000000         0.000000000         0.000000000
         0.000000000         0.000000000         0.000000000         0.000000000
         0.000000000         0.000000000         0.000000000         0.000000000
         0.000000000         0.000000000         0.000000000         0.000000000
         0.000000000         0.000000000         0.000000000         0.000000000
         0.000000000         0.000000000         0.000000000         0.000000000
         0.000000000         0.000000000         0.000000000         0.000000000
         0.000000000         0.000000000         0.000000000         0.000000000
         0.000000000         0.000000000         0.000000000         0.000000000
         0.000000000         0.000000000         0.000000000         0.000000000
         0.000000000         0.000000000         0.000000000         0.000000000
         0.000000000         0.000000000         0.000000000         0.000000000
        -0.003924713        -0.004838879        -0.008951346         0.041258033
        -0.003482912        -0.009210177        -0.004499229        -0.063252615
        -0.010446131        -0.003010176        -0.007079197         0.036568492
         0.027470625        -0.050404227         0.031585477        -0.086533242
        -0.011704255         0.023824385         0.093608850        -0.058763185
        -0.007874645         0.418602035        -0.565068683         0.541455526
        -0.349903231        -0.026457025         0.066613438         0.041942750
        -0.129592992         0.149866408        -0.100643154        -0.037087785
         111           0.162906704    0    0
         0.000000000         0.000000000         0.000000000         0.000000000
         0.000000000         0.000000000         0.000000000         0.000000000
         0.000000000         0.000000000         0.000000000         0.000000000
         0.000000000         0.000000000         0.000000000         0.000000000
         0.000000000         0.000000000         0.000000000         0.000000000
         0.000000000         0.000000000         0.000000000         0.000000000
         0.000000000         0.000000000         0.000000000         0.000000000
         0.000000000         0.000000000         0.000000000         0.000000000
         0.000000000         0.000000000         0.000000000         0.000000000
         0.000000000         0.000000000         0.000000000         0.000000000
         0.000000000         0.000000000         0.000000000         0.000000000
         0.000000000         0.000000000         0.000000000         0.000000000
         0.000000000         0.000000000         0.000000000         0.000000000
         0.000000000         0.000000000         0.000000000         0.000000000
         0.000000000         0.000000000         0.000000000         0.000000000
         0.000000000         0.000000000         0.000000000         0.000000000
         0.000000000         0.000000000         0.000000000         0.000000000
         0.000000000         0.000000000         0.000000000         0.000000000
         0.000000000         0.000000000         0.000000000         0.000000000
         0.000000000         0.000000000         0.000000000         0.000000000
         0.000000000         0.000000000         0.000000000         0.000000000
         0.000000000         0.000000000         0.000000000         0.000000000
         0.000000000         0.000000000         0.000000000         0.000000000
         0.000000000         0.000000000         0.000000000         0.000000000
         0.000000000         0.000000000         0.000000000         0.000000000
         0.000000000         0.000000000         0.000000000         0.000000000
         0.000000000         0.000000000         0.000000000         0.000000000
         0.000000000         0.000000000         0.000000000         0.000000000
         0.000000000         0.000000000         0.000000000         0.000000000
         0.000000000         0.000000000         0.000000000         0.000000000
        -0.083726928         0.063433818        -0.095440329         0.042176643
         0.092807616        -0.269694368         0.143119393        -0.190986664
        -0.093474076         0.049546462        -0.032633647         0.089239443
         0.127288862        -0.154114984        -0.088521164         0.059349756
         0.113432440        -0.138868678        -0.044614005         0.089333707
        -0.132338851         0.218726727        -0.047066459        -0.119756612
         0.255954209        -0.101446165         0.130441689        -0.418172561
         0.182600718         0.127431620        -0.475833189         0.317044514
         112           0.122696660    0    0
         0.000000000         0.000000000         0.000000000         0.000000000
         0.000000000         0.000000000         0.000000000         0.000000000
         0.000000000         0.000000000         0.000000000         0.000000000
         0.000000000         0.000000000         0.000000000         0.000000000
         0.000000000         0.000000000         0.000000000         0.000000000
         0.000000000         0.000000000         0.000000000         0.000000000
         0.000000000         0.000000000         0.000000000         0.000000000
         0.000000000         0.000000000         0.000000000         0.000000000
         0.000000000         0.000000000         0.000000000         0.000000000
         0.000000000         0.000000000         0.000000000         0.000000000
         0.000000000         0.000000000         0.000000000         0.000000000
         0.000000000         0.000000000         0.000000000         0.000000000
         0.000000000         0.000000000         0.000000000         0.000000000
         0.000000000         0.000000000         0.000000000         0.000000000
         0.000000000         0.000000000         0.000000000         0.000000000
         0.000000000         0.000000000         0.000000000         0.000000000
         0.000000000         0.000000000         0.000000000         0.000000000
         0.000000000         0.000000000         0.000000000         0.000000000
         0.000000000         0.000000000         0.000000000         0.000000000
         0.000000000         0.000000000         0.000000000         0.000000000
         0.000000000         0.000000000         0.000000000         0.000000000
         0.000000000         0.000000000         0.000000000         0.000000000
         0.000000000         0.000000000         0.000000000         0.000000000
         0.000000000         0.000000000         0.000000000         0.000000000
         0.000000000         0.000000000         0.000000000         0.000000000
         0.000000000         0.000000000         0.000000000         0.000000000
         0.000000000         0.000000000         0.000000000         0.000000000
         0.000000000         0.000000000         0.000000000         0.000000000
         0.000000000         0.000000000         0.000000000         0.000000000
         0.000000000         0.000000000         0.000000000         0.000000000
         0.079528324         0.238877854         0.038769184         0.226589445
        -0.063325018         0.237906954        -0.110400264         0.113276622
         0.041395115         0.039054429        -0.044514374        -0.045404321
        -0.092317308         0.122137495        -0.002772387         0.099202354
        -0.063999848         0.109852180        -0.082394681        -0.032728989
        -0.238177199         0.481995778        -0.161946548        -0.177983996
         0.505807553        -0.259856674         0.013258558         0.091274178
        -0.048633878        -0.036879554         0.168413997        -0.150424254
         113           0.095633305    0    0
         0.000000000         0.000000000         0.000000000         0.000000000
         0.000000000         0.000000000         0.000000000         0.000000000
         0.000000000         0.000000000         0.000000000         0.000000000
         0.000000000         0.000000000         0.000000000         0.000000000
         0.000000000         0.000000000         0.000000000         0.000000000
         0.000000000         0.000000000         0.000000000         0.000000000
         0.000000000         0.000000000         0.000000000         0.000000000
         0.000000000         0.000000000         0.000000000         0.000000000
         0.000000000         0.000000000         0.000000000         0.000000000
         0.000000000         0.000000000         0.000000000         0.000000000
         0.000000000         0.000000000         0.000000000         0.000000000
         0.000000000         0.000000000         0.000000000         0.000000000
         0.000000000         0.000000000         0.000000000         0.000000000
         0.000000000         0.000000000         0.000000000         0.000000000
         0.000000000         0.000000000         0.000000000         0.000000000
         0.000000000         0.000000000         0.000000000         0.000000000
         0.000000000         0.000000000         0.000000000         0.000000000
         0.000000000         0.000000000         0.000000000         0.000000000
         0.000000000         0.000000000         0.000000000         0.000000000
         0.000000000         0.000000000         0.000000000         0.000000000
         0.000000000         0.000000000         0.000000000         0.000000000
         0.000000000         0.000000000         0.000000000         0.000000000
         0.000000000         0.000000000         0.000000000         0.000000000
         0.000000000         0.000000000         0.000000000         0.000000000
         0.000000000         0.000000000         0.000000000         0.000000000
         0.000000000         0.000000000         0.000000000         0.000000000
         0.000000000         0.000000000         0.000000000         0.000000000
         0.000000000         0.000000000         0.000000000         0.000000000
         0.000000000         0.000000000         0.000000000         0.000000000
         0.000000000         0.000000000         0.000000000         0.000000000
        -0.039658421        -0.033912010         0.060644710         0.016178512
        -0.047131207         0.405200593        -0.089813391        -0.408309945
         0.006769739         0.015753125        -0.042939369         0.050618782
        -0.002072849        -0.030085127         0.032446411         0.003794582
        -0.064686378         0.097143989         0.002546422        -0.058121047
         0.009303904        -0.089825781         0.067757610        -0.017761044
        -0.060148366         0.068894820         0.545149697        -0.403857045
         0.047617351         0.072649567         0.054179068        -0.369144060
         114           0.085484427    0    0
         0.000000000         0.000000000         0.000000000         0.000000000
         0.000000000         0.000000000         0.000000000         0.000000000
         0.000000000         0.000000000         0.000000000         0.000000000
         0.000000000         0.000000000         0.000000000         0.000000000
         0.000000000         0.000000000         0.000000000         0.000000000
         0.000000000         0.000000000         0.000000000         0.000000000
         0.000000000         0.000000000         0.000000000         0.000000000
         0.000000000         0.000000000         0.000000000         0.000000000
         0.000000000         0.000000000         0.000000000         0.000000000
         0.000000000         0.000000000         0.000000000         0.000000000
         0.000000000         0.000000000         0.000000000         0.000000000
         0.000000000         0.000000000         0.000000000         0.000000000
         0.000000000         0.000000000         0.000000000         0.000000000
         0.000000000         0.000000000         0.000000000         0.000000000
         0.000000000         0.000000000         0.000000000         0.000000000
         0.000000000         0.000000000         0.000000000         0.000000000
         0.000000000         0.000000000         0.000000000         0.000000000
         0.000000000         0.000000000         0.000000000         0.000000000
         0.000000000         0.000000000         0.000000000         0.000000000
         0.000000000         0.000000000         0.000000000         0.000000000
         0.000000000         0.000000000         0.000000000         0.000000000
         0.000000000         0.000000000         0.000000000         0.000000000
         0.000000000         0.000000000         0.000000000         0.000000000
         0.000000000         0.000000000         0.000000000         0.000000000
         0.000000000         0.000000000         0.000000000         0.000000000
         0.000000000         0.000000000         0.000000000         0.000000000
         0.000000000         0.000000000         0.000000000         0.000000000
         0.000000000         0.000000000         0.000000000         0.000000000
         0.000000000         0.000000000         0.000000000         0.000000000
         0.000000000         0.000000000         0.000000000         0.000000000
         0.318229862        -0.119023123         0.306611997        -0.142373048
        -0.391749221        -0.006112319        -0.349740267         0.218667927
         0.205154972        -0.108299631        -0.020854759         0.003994003
        -0.213841164         0.137157507         0.216830896        -0.127270204
        -0.213377213         0.115210656        -0.018085043         0.025377228
        -0.011665158        -0.000141422         0.005199838        -0.005826337
        -0.007928766         0.021176168         0.025789977        -0.200590892
         0.086287834         0.090957352        -0.308827253         0.228350602
         115           0.053292031    0    0
         0.000000000         0.000000000         0.000000000         0.000000000
         0.000000000         0.000000000         0.000000000         0.000000000
         0.000000000         0.000000000         0.000000000         0.000000000
         0.000000000         0.000000000         0.000000000         0.000000000
         0.000000000         0.000000000         0.000000000         0.000000000
         0.000000000         0.000000000         0.000000000         0.000000000
         0.000000000         0.000000000         0.000000000         0.000000000
         0.000000000         0.000000000         0.000000000         0.000000000
         0.000000000         0.000000000         0.000000000         0.000000000
         0.000000000         0.000000000         0.000000000         0.000000000
         0.000000000         0.000000000         0.000000000         0.000000000
         0.000000000         0.000000000         0.000000000         0.000000000
         0.000000000         0.000000000         0.000000000         0.000000000
         0.000000000         0.000000000         0.000000000         0.000000000
         0.000000000         0.000000000         0.000000000         0.000000000
         0.000000000         0.000000000         0.000000000         0.000000000
         0.000000000         0.000000000         0.000000000         0.000000000
         0.000000000         0.000000000         0.000000000         0.000000000
         0.000000000         0.000000000         0.000000000         0.000000000
         0.000000000         0.000000000         0.000000000         0.000000000
         0.000000000         0.000000000         0.000000000         0.000000000
         0.000000000         0.000000000         0.000000000         0.000000000
         0.000000000         0.000000000         0.000000000         0.000000000
         0.000000000         0.000000000         0.000000000         0.000000000
         0.000000000         0.000000000         0.000000000         0.000000000
         0.000000000         0.000000000         0.000000000         0.000000000
         0.000000000         0.000000000         0.000000000         0.000000000
         0.000000000         0.000000000         0.000000000         0.000000000
         0.000000000         0.000000000         0.000000000         0.000000000
         0.000000000         0.000000000         0.000000000         0.000000000
        -0.268942635         0.128212034         0.448201654        -0.283462920
        -0.322331571         0.097361770         0.406242924        -0.208218873
        -0.176968942         0.058305103         0.049165494         0.004366169
         0.207777801        -0.155265986         0.238479404        -0.184811737
        -0.200632866         0.065485266         0.013454579         0.052639578
        -0.089839214         0.083657395        -0.000125715        -0.050843061
         0.065049435         0.014602064        -0.143862397         0.111825848
         0.004977119        -0.060450724         0.051737851         0.060158534
         116           0.039618447    0    0
         0.000000000         0.000000000         0.000000000         0.000000000
         0.000000000         0.000000000         0.000000000         0.000000000
         0.000000000         0.000000000         0.000000000         0.000000000
         0.000000000         0.000000000         0.000000000         0.000000000
         0.000000000         0.000000000         0.000000000         0.000000000
         0.000000000         0.000000000         0.000000000         0.000000000
         0.000000000         0.000000000         0.000000000         0.000000000
         0.000000000         0.000000000         0.000000000         0.000000000
         0.000000000         0.000000000         0.000000000         0.000000000
         0.000000000         0.000000000         0.000000000         0.000000000
         0.000000000         0.000000000         0.000000000         0.000000000
         0.000000000         0.000000000         0.000000000         0.000000000
         0.000000000         0.000000000         0.000000000         0.000000000
         0.000000000         0.000000000         0.000000000         0.000000000
         0.000000000         0.000000000         0.000000000         0.000000000
         0.000000000         0.000000000         0.000000000         0.000000000
         0.000000000         0.000000000         0.000000000         0.000000000
         0.000000000         0.000000000         0.000000000         0.000000000
         0.000000000         0.000000000         0.000000000         0.000000000
         0.000000000         0.000000000         0.000000000         0.000000000
         0.000000000         0.000000000         0.000000000         0.000000000
         0.000000000         0.000000000         0.000000000         0.000000000
         0.000000000         0.000000000         0.000000000         0.000000000
         0.000000000         0.000000000         0.000000000         0.000000000
         0.000000000         0.000000000         0.000000000         0.000000000
         0.000000000         0.000000000         0.000000000         0.000000000
         0.000000000         0.000000000         0.000000000         0.000000000
         0.000000000         0.000000000         0.000000000         0.000000000
         0.000000000         0.000000000         0.000000000         0.000000000
         0.000000000         0.000000000         0.000000000         0.000000000
        -0.403321114         0.381215213        -0.155870875         0.295206121
        -0.286171809         0.197680791         0.010077108         0.340384156
        -0.157259345         0.208596270        -0.051011701        -0.133213617
         0.050980962         0.124880450        -0.018636434         0.144076356
        -0.078461416         0.161336542        -0.102395037        -0.066640821
         0.180030776        -0.187422248         0.015017092         0.099947142
        -0.148430376        -0.009847494         0.019488904        -0.112300992
         0.041522990         0.058597564        -0.182529839         0.131452945
         117           0.013089714    0    0
         0.000000000         0.000000000         0.000000000         0.000000000
         0.000000000         0.000000000         0.000000000         0.000000000
         0.000000000         0.000000000         0.000000000         0.000000000
         0.000000000         0.000000000         0.000000000         0.000000000
         0.000000000         0.000000000         0.000000000         0.000000000
         0.000000000         0.000000000         0.000000000         0.000000000
         0.000000000         0.000000000         0.000000000         0.000000000
         0.000000000         0.000000000         0.000000000         0.000000000
         0.000000000         0.000000000         0.000000000         0.000000000
         0.000000000         0.000000000         0.000000000         0.000000000
         0.000000000         0.000000000         0.000000000         0.000000000
         0.000000000         0.000000000         0.000000000         0.000000000
         0.000000000         0.000000000         0.000000000         0.000000000
         0.000000000         0.000000000         0.000000000         0.000000000
         0.000000000         0.000000000         0.000000000         0.000000000
         0.000000000         0.000000000         0.000000000         0.000000000
         0.000000000         0.000000000         0.000000000         0.000000000
         0.000000000         0.000000000         0.000000000         0.000000000
         0.000000000         0.000000000         0.000000000         0.000000000
         0.000000000         0.000000000         0.000000000         0.000000000
         0.000000000         0.000000000         0.000000000         0.000000000
         0.000000000         0.000000000         0.000000000         0.000000000
         0.000000000         0.000000000         0.000000000         0.000000000
         0.000000000         0.000000000         0.000000000         0.000000000
         0.000000000         0.000000000         0.000000000         0.000000000
         0.000000000         0.000000000         0.000000000         0.000000000
         0.000000000         0.000000000         0.000000000         0.000000000
         0.000000000         0.000000000         0.000000000         0.000000000
         0.000000000         0.000000000         0.000000000         0.000000000
         0.000000000         0.000000000         0.000000000         0.000000000
        -0.147794919        -0.350917464         0.081524346         0.456378742
        -0.048716197         0.029453682         0.025741975         0.037320191
        -0.021253136        -0.039634153         0.088165965        -0.078463454
         0.026972470         0.021761252         0.004579682         0.057348327
        -0.026074709         0.010210624        -0.078969427         0.041570688
        -0.499215240         0.172910800         0.117856693        -0.112060235
        -0.189875739         0.508522222        -0.047921610         0.025642444
         0.000854945        -0.002392753        -0.020211321         0.044717461
$end
